k,display_name,context,metric,mean,std
1.0,CheMeleon (fine-tuned),average,balanced_accuracy,0.6488959894460415,0.04384295936588168
2.0,CheMeleon (fine-tuned),average,balanced_accuracy,0.6488959894460415,0.04384295936588168
3.0,CheMeleon (fine-tuned),average,balanced_accuracy,0.6527851911156547,0.042284275256685246
4.0,CheMeleon (fine-tuned),average,balanced_accuracy,0.6517992626106957,0.04503568583856679
5.0,CheMeleon (fine-tuned),average,balanced_accuracy,0.6559230536878872,0.04525691022020528
6.0,CheMeleon (fine-tuned),average,balanced_accuracy,0.6536493125288976,0.04777647709725079
7.0,CheMeleon (fine-tuned),average,balanced_accuracy,0.6556586312741994,0.04448734077414806
8.0,CheMeleon (fine-tuned),average,balanced_accuracy,0.6548539077558975,0.047111830265263874
9.0,CheMeleon (fine-tuned),average,balanced_accuracy,0.6548333965766071,0.046959838955100947
10.0,CheMeleon (fine-tuned),average,balanced_accuracy,0.6555995055593894,0.04683501564574144
11.0,CheMeleon (fine-tuned),average,balanced_accuracy,0.6566558167292834,0.04442031250563469
12.0,CheMeleon (fine-tuned),average,balanced_accuracy,0.6567184900621545,0.04427591857035628
13.0,CheMeleon (fine-tuned),average,balanced_accuracy,0.6568243732907798,0.0452831891646537
14.0,CheMeleon (fine-tuned),average,balanced_accuracy,0.6573857605832071,0.044388478060245096
15.0,CheMeleon (fine-tuned),average,balanced_accuracy,0.6573547912602059,0.04429524892957472
16.0,CheMeleon (fine-tuned),average,balanced_accuracy,0.6582893835679096,0.04488869160418481
17.0,CheMeleon (fine-tuned),average,balanced_accuracy,0.6585571180887918,0.0447646786516353
18.0,CheMeleon (fine-tuned),average,balanced_accuracy,0.6582280380915904,0.04426270684288563
19.0,CheMeleon (fine-tuned),average,balanced_accuracy,0.6575762942910149,0.04568438066121381
20.0,CheMeleon (fine-tuned),average,balanced_accuracy,0.65700456883114,0.04620843123502312
21.0,CheMeleon (fine-tuned),average,balanced_accuracy,0.6570108586431885,0.0460382257241697
22.0,CheMeleon (fine-tuned),average,balanced_accuracy,0.6564989311429572,0.047045147793552074
23.0,CheMeleon (fine-tuned),average,balanced_accuracy,0.6562984199143402,0.04733138958938078
24.0,CheMeleon (fine-tuned),average,balanced_accuracy,0.6577851359874006,0.046660796773211964
25.0,CheMeleon (fine-tuned),average,balanced_accuracy,0.6575011718296213,0.04672659419544434
26.0,CheMeleon (fine-tuned),average,balanced_accuracy,0.6575914331065769,0.04705713107712646
27.0,CheMeleon (fine-tuned),average,balanced_accuracy,0.6569079373862823,0.04759653744956161
28.0,CheMeleon (fine-tuned),average,balanced_accuracy,0.6568565727763823,0.04761883872702335
29.0,CheMeleon (fine-tuned),average,balanced_accuracy,0.6577817623181033,0.04748395885092655
30.0,CheMeleon (fine-tuned),average,balanced_accuracy,0.6579438503168548,0.04678150860332218
31.0,CheMeleon (fine-tuned),average,balanced_accuracy,0.6567220193732978,0.04829005131838991
32.0,CheMeleon (fine-tuned),average,balanced_accuracy,0.6562585891685364,0.04698127737400088
33.0,CheMeleon (fine-tuned),average,balanced_accuracy,0.656462796059575,0.047698984223735606
34.0,CheMeleon (fine-tuned),average,balanced_accuracy,0.6566144166919394,0.047251478613952805
35.0,CheMeleon (fine-tuned),average,balanced_accuracy,0.6566699649734319,0.04787937458923232
36.0,CheMeleon (fine-tuned),average,balanced_accuracy,0.655751610418306,0.048540861713807934
37.0,CheMeleon (fine-tuned),average,balanced_accuracy,0.6566497597633335,0.04805819394072503
38.0,CheMeleon (fine-tuned),average,balanced_accuracy,0.6567859377464431,0.04901447898699892
39.0,CheMeleon (fine-tuned),average,balanced_accuracy,0.6572736496233991,0.049598486537594196
40.0,CheMeleon (fine-tuned),average,balanced_accuracy,0.6580946005318434,0.04936196828071966
41.0,CheMeleon (fine-tuned),average,balanced_accuracy,0.6577702843373036,0.04909880131760093
42.0,CheMeleon (fine-tuned),average,balanced_accuracy,0.6570711436835686,0.049522272341619024
43.0,CheMeleon (fine-tuned),average,balanced_accuracy,0.6577875485460808,0.04915276695895758
44.0,CheMeleon (fine-tuned),average,balanced_accuracy,0.65666959336923,0.05005321897291348
45.0,CheMeleon (fine-tuned),average,balanced_accuracy,0.6581849404928363,0.048818613615065336
46.0,CheMeleon (fine-tuned),average,balanced_accuracy,0.6565876494355737,0.05045413491760438
47.0,CheMeleon (fine-tuned),average,balanced_accuracy,0.6571944749800197,0.04915579522003874
48.0,CheMeleon (fine-tuned),average,balanced_accuracy,0.6566954068518724,0.048966673626639826
49.0,CheMeleon (fine-tuned),average,balanced_accuracy,0.6564395146928135,0.048906279511444564
50.0,CheMeleon (fine-tuned),average,balanced_accuracy,0.6560209814183378,0.049783737894997175
51.0,CheMeleon (fine-tuned),average,balanced_accuracy,0.6558597172084429,0.04929028758317228
52.0,CheMeleon (fine-tuned),average,balanced_accuracy,0.6554553953739528,0.04950043334674681
53.0,CheMeleon (fine-tuned),average,balanced_accuracy,0.6572819719132237,0.048973438465785155
54.0,CheMeleon (fine-tuned),average,balanced_accuracy,0.6564312320531224,0.04872317310768404
55.0,CheMeleon (fine-tuned),average,balanced_accuracy,0.6571662796907702,0.04912052236697895
56.0,CheMeleon (fine-tuned),average,balanced_accuracy,0.656794035073481,0.04978576398338702
57.0,CheMeleon (fine-tuned),average,balanced_accuracy,0.6568633814343511,0.04954572953994933
58.0,CheMeleon (fine-tuned),average,balanced_accuracy,0.6561601339604184,0.05039731183493403
59.0,CheMeleon (fine-tuned),average,balanced_accuracy,0.6568907268631163,0.05048686618348856
60.0,CheMeleon (fine-tuned),average,balanced_accuracy,0.6573421949923605,0.04992816461193717
61.0,CheMeleon (fine-tuned),average,balanced_accuracy,0.658080682810621,0.048965806859185376
62.0,CheMeleon (fine-tuned),average,balanced_accuracy,0.6576351449493676,0.048862652354655776
63.0,CheMeleon (fine-tuned),average,balanced_accuracy,0.6590880469866005,0.048617240271618054
64.0,CheMeleon (fine-tuned),average,balanced_accuracy,0.6581959389378504,0.048620093671181044
65.0,CheMeleon (fine-tuned),average,balanced_accuracy,0.6591751093912654,0.04836281182651432
66.0,CheMeleon (fine-tuned),average,balanced_accuracy,0.6588704749566467,0.04729999377085688
67.0,CheMeleon (fine-tuned),average,balanced_accuracy,0.6594368457511776,0.047900621260901353
68.0,CheMeleon (fine-tuned),average,balanced_accuracy,0.6583604052305264,0.04812747930380125
69.0,CheMeleon (fine-tuned),average,balanced_accuracy,0.6589749258194196,0.04858911764066452
70.0,CheMeleon (fine-tuned),average,balanced_accuracy,0.6582923360160692,0.048288219895547456
71.0,CheMeleon (fine-tuned),average,balanced_accuracy,0.6589717019841208,0.048266140573664205
72.0,CheMeleon (fine-tuned),average,balanced_accuracy,0.6588530045448872,0.048266169897515976
73.0,CheMeleon (fine-tuned),average,balanced_accuracy,0.6583353896598099,0.047999083621006314
74.0,CheMeleon (fine-tuned),average,balanced_accuracy,0.6582801726192752,0.04889445021070901
75.0,CheMeleon (fine-tuned),average,balanced_accuracy,0.6580863268007873,0.04839318369569294
76.0,CheMeleon (fine-tuned),average,balanced_accuracy,0.6573909593438515,0.049002612831184934
77.0,CheMeleon (fine-tuned),average,balanced_accuracy,0.6574512069703627,0.049822786109090515
78.0,CheMeleon (fine-tuned),average,balanced_accuracy,0.6576441595361292,0.04946098968800873
79.0,CheMeleon (fine-tuned),average,balanced_accuracy,0.6578812546653622,0.04923782234706883
80.0,CheMeleon (fine-tuned),average,balanced_accuracy,0.658083898396231,0.0490273706494593
81.0,CheMeleon (fine-tuned),average,balanced_accuracy,0.6576515519751845,0.048921269132567474
82.0,CheMeleon (fine-tuned),average,balanced_accuracy,0.6580117863292508,0.0488588831436888
83.0,CheMeleon (fine-tuned),average,balanced_accuracy,0.658230011252084,0.04913858936416798
84.0,CheMeleon (fine-tuned),average,balanced_accuracy,0.6583268370106264,0.049547685563296
85.0,CheMeleon (fine-tuned),average,balanced_accuracy,0.6589153528020989,0.050009584395725414
86.0,CheMeleon (fine-tuned),average,balanced_accuracy,0.6576662138674727,0.05008630355529435
87.0,CheMeleon (fine-tuned),average,balanced_accuracy,0.6573684983094055,0.049683249676770756
88.0,CheMeleon (fine-tuned),average,balanced_accuracy,0.6582609107132679,0.04900658904878867
89.0,CheMeleon (fine-tuned),average,balanced_accuracy,0.65729130284327,0.050772533605600224
90.0,CheMeleon (fine-tuned),average,balanced_accuracy,0.6561338895929236,0.05049203293799148
91.0,CheMeleon (fine-tuned),average,balanced_accuracy,0.6562711030901209,0.05054237848278696
92.0,CheMeleon (fine-tuned),average,balanced_accuracy,0.6560730107788392,0.04984988191201983
93.0,CheMeleon (fine-tuned),average,balanced_accuracy,0.6562123372716819,0.05041965665707233
94.0,CheMeleon (fine-tuned),average,balanced_accuracy,0.6561145099655193,0.0499148384711575
95.0,CheMeleon (fine-tuned),average,balanced_accuracy,0.6561957958772586,0.0503734250157831
96.0,CheMeleon (fine-tuned),average,balanced_accuracy,0.6564078932705049,0.05001569894036705
97.0,CheMeleon (fine-tuned),average,balanced_accuracy,0.6562514654601125,0.05049997454395313
98.0,CheMeleon (fine-tuned),average,balanced_accuracy,0.65639822685655,0.050953297769020654
99.0,CheMeleon (fine-tuned),average,balanced_accuracy,0.6558043819706205,0.050993216519857255
100.0,CheMeleon (fine-tuned),average,balanced_accuracy,0.6557477019129463,0.05074124135501346
101.0,CheMeleon (fine-tuned),average,balanced_accuracy,0.6563096772930922,0.050164040409823106
102.0,CheMeleon (fine-tuned),average,balanced_accuracy,0.6564632387121003,0.05132483999293734
103.0,CheMeleon (fine-tuned),average,balanced_accuracy,0.6557257491196411,0.05023897457147263
104.0,CheMeleon (fine-tuned),average,balanced_accuracy,0.6555519138808568,0.051262730281605155
105.0,CheMeleon (fine-tuned),average,balanced_accuracy,0.6557141950727186,0.0506474581005239
106.0,CheMeleon (fine-tuned),average,balanced_accuracy,0.65548114600855,0.05173096828750018
107.0,CheMeleon (fine-tuned),average,balanced_accuracy,0.6548854582447752,0.052209313545119915
108.0,CheMeleon (fine-tuned),average,balanced_accuracy,0.6551304330852128,0.05194609742184047
109.0,CheMeleon (fine-tuned),average,balanced_accuracy,0.6547879951282356,0.05211898044898175
110.0,CheMeleon (fine-tuned),average,balanced_accuracy,0.6547350910206775,0.052028520855084116
111.0,CheMeleon (fine-tuned),average,balanced_accuracy,0.654801164753717,0.05269041684683706
112.0,CheMeleon (fine-tuned),average,balanced_accuracy,0.6546473319099428,0.052755034022319666
113.0,CheMeleon (fine-tuned),average,balanced_accuracy,0.6546014453328626,0.05273231522465349
114.0,CheMeleon (fine-tuned),average,balanced_accuracy,0.6543949643121028,0.052613918863346196
115.0,CheMeleon (fine-tuned),average,balanced_accuracy,0.6540007364457397,0.05289361866300902
116.0,CheMeleon (fine-tuned),average,balanced_accuracy,0.6543382432532827,0.0527380218412372
117.0,CheMeleon (fine-tuned),average,balanced_accuracy,0.6545409745239061,0.05272824891231269
118.0,CheMeleon (fine-tuned),average,balanced_accuracy,0.6542922002672158,0.05273634438866956
119.0,CheMeleon (fine-tuned),average,balanced_accuracy,0.6547730271447907,0.05171829061649398
120.0,CheMeleon (fine-tuned),average,balanced_accuracy,0.6542621665486119,0.052142598713862585
121.0,CheMeleon (fine-tuned),average,balanced_accuracy,0.6546448156607994,0.05198549335844316
122.0,CheMeleon (fine-tuned),average,balanced_accuracy,0.6544378623784435,0.05217707668295992
123.0,CheMeleon (fine-tuned),average,balanced_accuracy,0.6543848849860805,0.05193760258281812
124.0,CheMeleon (fine-tuned),average,balanced_accuracy,0.6542206811511666,0.05189185931416934
125.0,CheMeleon (fine-tuned),average,balanced_accuracy,0.6544744574575652,0.05156128398001602
126.0,CheMeleon (fine-tuned),average,balanced_accuracy,0.6543434260835727,0.05217177132804466
127.0,CheMeleon (fine-tuned),average,balanced_accuracy,0.6548808764850214,0.05140722596999728
128.0,CheMeleon (fine-tuned),average,balanced_accuracy,0.6544618193697513,0.051100381344779885
129.0,CheMeleon (fine-tuned),average,balanced_accuracy,0.6544621896231217,0.05126436699376758
130.0,CheMeleon (fine-tuned),average,balanced_accuracy,0.6546711595730028,0.05172158644235097
131.0,CheMeleon (fine-tuned),average,balanced_accuracy,0.6539863730909219,0.0517277566220144
132.0,CheMeleon (fine-tuned),average,balanced_accuracy,0.6539630826788391,0.05168935742951183
133.0,CheMeleon (fine-tuned),average,balanced_accuracy,0.6535922061519246,0.05175969227123098
134.0,CheMeleon (fine-tuned),average,balanced_accuracy,0.6531681852471108,0.05270757146271606
135.0,CheMeleon (fine-tuned),average,balanced_accuracy,0.6533815433483189,0.05293905519659597
136.0,CheMeleon (fine-tuned),average,balanced_accuracy,0.6528298065540271,0.054071531549465986
137.0,CheMeleon (fine-tuned),average,balanced_accuracy,0.653239858241565,0.05457013594709086
138.0,CheMeleon (fine-tuned),average,balanced_accuracy,0.6528152062133085,0.053397594218989305
139.0,CheMeleon (fine-tuned),average,balanced_accuracy,0.6532778993471768,0.054221260955131634
140.0,CheMeleon (fine-tuned),average,balanced_accuracy,0.653327929356142,0.054536462288336154
141.0,CheMeleon (fine-tuned),average,balanced_accuracy,0.6523037256475311,0.05433667952703646
142.0,CheMeleon (fine-tuned),average,balanced_accuracy,0.6535046400527612,0.05381731262845482
143.0,CheMeleon (fine-tuned),average,balanced_accuracy,0.6529988003449005,0.05386435465946262
144.0,CheMeleon (fine-tuned),average,balanced_accuracy,0.6526456704060992,0.053103236280313194
145.0,CheMeleon (fine-tuned),average,balanced_accuracy,0.6522843426585274,0.053445752166079184
146.0,CheMeleon (fine-tuned),average,balanced_accuracy,0.6527221927841559,0.05316103824465487
147.0,CheMeleon (fine-tuned),average,balanced_accuracy,0.6526635050743704,0.05338772610551917
148.0,CheMeleon (fine-tuned),average,balanced_accuracy,0.6524611824054012,0.05394961622521986
149.0,CheMeleon (fine-tuned),average,balanced_accuracy,0.652698107281673,0.05407571537043476
150.0,CheMeleon (fine-tuned),average,balanced_accuracy,0.6523430437827303,0.053957621177879396
151.0,CheMeleon (fine-tuned),average,balanced_accuracy,0.6522444605673795,0.05379673634101736
152.0,CheMeleon (fine-tuned),average,balanced_accuracy,0.6519566255004803,0.05451654137818622
153.0,CheMeleon (fine-tuned),average,balanced_accuracy,0.6522832408612251,0.053842972395665774
154.0,CheMeleon (fine-tuned),average,balanced_accuracy,0.6514634470172402,0.054765358837081494
155.0,CheMeleon (fine-tuned),average,balanced_accuracy,0.6524968858566595,0.054316945470617134
156.0,CheMeleon (fine-tuned),average,balanced_accuracy,0.6515570918872953,0.055383891762767465
157.0,CheMeleon (fine-tuned),average,balanced_accuracy,0.6526435316897562,0.05488942038066834
158.0,CheMeleon (fine-tuned),average,balanced_accuracy,0.6517841258178279,0.05557834584330647
159.0,CheMeleon (fine-tuned),average,balanced_accuracy,0.65209751875347,0.05570257044926363
160.0,CheMeleon (fine-tuned),average,balanced_accuracy,0.6515844128555718,0.055464023973343365
161.0,CheMeleon (fine-tuned),average,balanced_accuracy,0.6515747458003404,0.05652283385676843
162.0,CheMeleon (fine-tuned),average,balanced_accuracy,0.6509053013035603,0.05688674226838886
163.0,CheMeleon (fine-tuned),average,balanced_accuracy,0.650615568258487,0.057110567559229296
164.0,CheMeleon (fine-tuned),average,balanced_accuracy,0.6508210518091875,0.05706391874198533
165.0,CheMeleon (fine-tuned),average,balanced_accuracy,0.651039651579305,0.05699712175558233
166.0,CheMeleon (fine-tuned),average,balanced_accuracy,0.6507000620284057,0.057628387332990874
167.0,CheMeleon (fine-tuned),average,balanced_accuracy,0.6506547500273355,0.056218778323261775
168.0,CheMeleon (fine-tuned),average,balanced_accuracy,0.6506310809424031,0.05697369214447359
169.0,CheMeleon (fine-tuned),average,balanced_accuracy,0.6504063831295036,0.05666094249213426
170.0,CheMeleon (fine-tuned),average,balanced_accuracy,0.6506403384846133,0.05731989579562511
171.0,CheMeleon (fine-tuned),average,balanced_accuracy,0.6501989682721587,0.056913335974799015
172.0,CheMeleon (fine-tuned),average,balanced_accuracy,0.64995967071684,0.057225378619984536
173.0,CheMeleon (fine-tuned),average,balanced_accuracy,0.6501427935004807,0.05633873844876957
174.0,CheMeleon (fine-tuned),average,balanced_accuracy,0.6500416339760774,0.056443095503185915
175.0,CheMeleon (fine-tuned),average,balanced_accuracy,0.6503943098257661,0.056521929761437786
176.0,CheMeleon (fine-tuned),average,balanced_accuracy,0.650591303112204,0.056482069185608455
177.0,CheMeleon (fine-tuned),average,balanced_accuracy,0.650334859315725,0.056209549630772855
178.0,CheMeleon (fine-tuned),average,balanced_accuracy,0.6504369339755184,0.05654477916180113
179.0,CheMeleon (fine-tuned),average,balanced_accuracy,0.6503726113991181,0.05719313922462276
180.0,CheMeleon (fine-tuned),average,balanced_accuracy,0.6507227642433235,0.05651279825391465
181.0,CheMeleon (fine-tuned),average,balanced_accuracy,0.6507840110656428,0.05672550023257846
182.0,CheMeleon (fine-tuned),average,balanced_accuracy,0.6510676011969107,0.05666409580823966
183.0,CheMeleon (fine-tuned),average,balanced_accuracy,0.6505459205793283,0.05693404821179228
184.0,CheMeleon (fine-tuned),average,balanced_accuracy,0.6499899236134246,0.05652406330853876
185.0,CheMeleon (fine-tuned),average,balanced_accuracy,0.6502174430512351,0.056270309358377964
186.0,CheMeleon (fine-tuned),average,balanced_accuracy,0.6501390724722511,0.05637634139139198
187.0,CheMeleon (fine-tuned),average,balanced_accuracy,0.6507723294275489,0.0566945389544726
188.0,CheMeleon (fine-tuned),average,balanced_accuracy,0.6496027053903178,0.05665388836940765
189.0,CheMeleon (fine-tuned),average,balanced_accuracy,0.6504710441709238,0.056491090863299634
190.0,CheMeleon (fine-tuned),average,balanced_accuracy,0.6502134430048969,0.05624662083182601
191.0,CheMeleon (fine-tuned),average,balanced_accuracy,0.6510086741325434,0.055501414053891515
192.0,CheMeleon (fine-tuned),average,balanced_accuracy,0.6503063217072768,0.05611334423341469
193.0,CheMeleon (fine-tuned),average,balanced_accuracy,0.6505008175838164,0.055886010918855845
194.0,CheMeleon (fine-tuned),average,balanced_accuracy,0.6500685391891524,0.056453272611631584
195.0,CheMeleon (fine-tuned),average,balanced_accuracy,0.6501951263875624,0.056236581434355566
196.0,CheMeleon (fine-tuned),average,balanced_accuracy,0.6498524226813704,0.05679476454588779
197.0,CheMeleon (fine-tuned),average,balanced_accuracy,0.6497464638322696,0.05611402700786826
198.0,CheMeleon (fine-tuned),average,balanced_accuracy,0.6492761109835434,0.05626674636509399
199.0,CheMeleon (fine-tuned),average,balanced_accuracy,0.649797489825538,0.05644822211038143
200.0,CheMeleon (fine-tuned),average,balanced_accuracy,0.6497228739735174,0.05753545610484534
1.0,Chemprop (default),average,balanced_accuracy,0.6300600196708672,0.047191418172838
2.0,Chemprop (default),average,balanced_accuracy,0.6300600196708672,0.047191418172838
3.0,Chemprop (default),average,balanced_accuracy,0.6417170598759198,0.048421083951347664
4.0,Chemprop (default),average,balanced_accuracy,0.6439025078077684,0.04379731496586532
5.0,Chemprop (default),average,balanced_accuracy,0.648609898713352,0.046047235582018044
6.0,Chemprop (default),average,balanced_accuracy,0.6473041362291315,0.04750967060893957
7.0,Chemprop (default),average,balanced_accuracy,0.6489387386454833,0.04652769587604412
8.0,Chemprop (default),average,balanced_accuracy,0.6519008724140886,0.0439714691688468
9.0,Chemprop (default),average,balanced_accuracy,0.6516518300839472,0.04898179338979825
10.0,Chemprop (default),average,balanced_accuracy,0.6528814250236665,0.04597064152389657
11.0,Chemprop (default),average,balanced_accuracy,0.6524229358298694,0.04851882782694424
12.0,Chemprop (default),average,balanced_accuracy,0.6536766890615808,0.04673611149221192
13.0,Chemprop (default),average,balanced_accuracy,0.6542555088501212,0.04687593563710134
14.0,Chemprop (default),average,balanced_accuracy,0.655966840244201,0.04736855575044833
15.0,Chemprop (default),average,balanced_accuracy,0.6543339917440711,0.048198715927880935
16.0,Chemprop (default),average,balanced_accuracy,0.6551823492009923,0.049003459047218915
17.0,Chemprop (default),average,balanced_accuracy,0.653264445132141,0.050458525311066926
18.0,Chemprop (default),average,balanced_accuracy,0.654746473632754,0.05015141576625263
19.0,Chemprop (default),average,balanced_accuracy,0.6538633283975996,0.05014786710969411
20.0,Chemprop (default),average,balanced_accuracy,0.6552382747919655,0.048313525774857535
21.0,Chemprop (default),average,balanced_accuracy,0.653611754803942,0.04909449436311572
22.0,Chemprop (default),average,balanced_accuracy,0.6549370675244249,0.04922012604283733
23.0,Chemprop (default),average,balanced_accuracy,0.6533747390144289,0.04989132531030143
24.0,Chemprop (default),average,balanced_accuracy,0.6550340737001895,0.047743349965622586
25.0,Chemprop (default),average,balanced_accuracy,0.6541390968942757,0.05006908336648799
26.0,Chemprop (default),average,balanced_accuracy,0.6546713158205877,0.049374673295754234
27.0,Chemprop (default),average,balanced_accuracy,0.6529723804565218,0.04982337277832065
28.0,Chemprop (default),average,balanced_accuracy,0.6550839175326578,0.04886329796321436
29.0,Chemprop (default),average,balanced_accuracy,0.65444097919822,0.04965459176726532
30.0,Chemprop (default),average,balanced_accuracy,0.6561255333567867,0.04730482168498453
31.0,Chemprop (default),average,balanced_accuracy,0.6548130882739795,0.050195716375077075
32.0,Chemprop (default),average,balanced_accuracy,0.6553554761378473,0.048800702871507465
33.0,Chemprop (default),average,balanced_accuracy,0.6538477002499082,0.05057994697616737
34.0,Chemprop (default),average,balanced_accuracy,0.654484984949161,0.05018019914058022
35.0,Chemprop (default),average,balanced_accuracy,0.6540238821906879,0.0495274315997232
36.0,Chemprop (default),average,balanced_accuracy,0.6535174434072774,0.04992653860804399
37.0,Chemprop (default),average,balanced_accuracy,0.6530592972835555,0.05152617097280512
38.0,Chemprop (default),average,balanced_accuracy,0.6530149189288332,0.0509036056756967
39.0,Chemprop (default),average,balanced_accuracy,0.6538043177380511,0.05009843517572406
40.0,Chemprop (default),average,balanced_accuracy,0.6536921496902722,0.05004983678556431
41.0,Chemprop (default),average,balanced_accuracy,0.6536802670318436,0.05001639084586206
42.0,Chemprop (default),average,balanced_accuracy,0.6539830132276147,0.05009948886728418
43.0,Chemprop (default),average,balanced_accuracy,0.6533753299423793,0.05025805259713254
44.0,Chemprop (default),average,balanced_accuracy,0.653697608864676,0.050753143424743075
45.0,Chemprop (default),average,balanced_accuracy,0.6534751301202074,0.050718230390238
46.0,Chemprop (default),average,balanced_accuracy,0.653132449383748,0.05044073857821291
47.0,Chemprop (default),average,balanced_accuracy,0.6527863799045209,0.05099143529956454
48.0,Chemprop (default),average,balanced_accuracy,0.6532211544926989,0.05002116660639758
49.0,Chemprop (default),average,balanced_accuracy,0.6534969212347302,0.050877065786462033
50.0,Chemprop (default),average,balanced_accuracy,0.6536747265150495,0.050434187476455
51.0,Chemprop (default),average,balanced_accuracy,0.6535705232572456,0.049926749932255245
52.0,Chemprop (default),average,balanced_accuracy,0.6536430905431753,0.05023056133463819
53.0,Chemprop (default),average,balanced_accuracy,0.6529379095791369,0.05044864666787599
54.0,Chemprop (default),average,balanced_accuracy,0.6534179136745034,0.050378479619902446
55.0,Chemprop (default),average,balanced_accuracy,0.6532305153924759,0.05021791337168913
56.0,Chemprop (default),average,balanced_accuracy,0.6536395545288279,0.05037371636954185
57.0,Chemprop (default),average,balanced_accuracy,0.6530220745060134,0.050758018621219696
58.0,Chemprop (default),average,balanced_accuracy,0.6539462757114807,0.049945281938641735
59.0,Chemprop (default),average,balanced_accuracy,0.6532104083431121,0.051434531824872454
60.0,Chemprop (default),average,balanced_accuracy,0.6534020760871962,0.05053907533532772
61.0,Chemprop (default),average,balanced_accuracy,0.6532333666977095,0.051679007012305336
62.0,Chemprop (default),average,balanced_accuracy,0.6536974519331226,0.05085108227611297
63.0,Chemprop (default),average,balanced_accuracy,0.6536801594325571,0.051510880337832445
64.0,Chemprop (default),average,balanced_accuracy,0.6536849492910756,0.05168387451962897
65.0,Chemprop (default),average,balanced_accuracy,0.6523534826130246,0.05179076578205882
66.0,Chemprop (default),average,balanced_accuracy,0.652774521150973,0.051354135530892804
67.0,Chemprop (default),average,balanced_accuracy,0.6524363677287561,0.05216939866872449
68.0,Chemprop (default),average,balanced_accuracy,0.6524481699588628,0.05140247888655234
69.0,Chemprop (default),average,balanced_accuracy,0.6525902383466863,0.051283540015110256
70.0,Chemprop (default),average,balanced_accuracy,0.651256327940058,0.05171186741907755
71.0,Chemprop (default),average,balanced_accuracy,0.6525811201723317,0.05120210774660914
72.0,Chemprop (default),average,balanced_accuracy,0.6524219232757054,0.05132140008205499
73.0,Chemprop (default),average,balanced_accuracy,0.6526525830138702,0.0512433839711562
74.0,Chemprop (default),average,balanced_accuracy,0.6532918101938223,0.05150946079559989
75.0,Chemprop (default),average,balanced_accuracy,0.652833513661659,0.051404049910890204
76.0,Chemprop (default),average,balanced_accuracy,0.6520963572144286,0.05178804000416416
77.0,Chemprop (default),average,balanced_accuracy,0.6523592449822057,0.05200759943728822
78.0,Chemprop (default),average,balanced_accuracy,0.651486751683349,0.052207831939522706
79.0,Chemprop (default),average,balanced_accuracy,0.6515410031022796,0.052154332959381704
80.0,Chemprop (default),average,balanced_accuracy,0.6507690120985132,0.051855565978915046
81.0,Chemprop (default),average,balanced_accuracy,0.6504850631861223,0.05254021435885493
82.0,Chemprop (default),average,balanced_accuracy,0.6514248391654145,0.052413987027229346
83.0,Chemprop (default),average,balanced_accuracy,0.6510501911847173,0.05316187078546375
84.0,Chemprop (default),average,balanced_accuracy,0.6507872239930851,0.053748157790750706
85.0,Chemprop (default),average,balanced_accuracy,0.651134765685128,0.053934344835308796
86.0,Chemprop (default),average,balanced_accuracy,0.6513476013060336,0.05322491842098665
87.0,Chemprop (default),average,balanced_accuracy,0.651349717640646,0.05369724961106633
88.0,Chemprop (default),average,balanced_accuracy,0.650306567979682,0.05441761330238589
89.0,Chemprop (default),average,balanced_accuracy,0.6505081649428326,0.05422560816666944
90.0,Chemprop (default),average,balanced_accuracy,0.6507793370605655,0.053699356092699324
91.0,Chemprop (default),average,balanced_accuracy,0.6512506796229335,0.05247179678282605
92.0,Chemprop (default),average,balanced_accuracy,0.6507611975870573,0.05393122228317369
93.0,Chemprop (default),average,balanced_accuracy,0.6512585701536441,0.05271887107060663
94.0,Chemprop (default),average,balanced_accuracy,0.6514472320451468,0.053565721737876736
95.0,Chemprop (default),average,balanced_accuracy,0.6512016372027938,0.053222021303418576
96.0,Chemprop (default),average,balanced_accuracy,0.6505896533169938,0.054341378712558286
97.0,Chemprop (default),average,balanced_accuracy,0.6514821582100726,0.052628381498344104
98.0,Chemprop (default),average,balanced_accuracy,0.651287865238993,0.05265948609802872
99.0,Chemprop (default),average,balanced_accuracy,0.651296151355079,0.05257353527798311
100.0,Chemprop (default),average,balanced_accuracy,0.6507436539647378,0.05338712363468076
101.0,Chemprop (default),average,balanced_accuracy,0.6511257566223873,0.053116595623168915
102.0,Chemprop (default),average,balanced_accuracy,0.6505335709789878,0.053140752665928916
103.0,Chemprop (default),average,balanced_accuracy,0.651060338644907,0.05293618463018525
104.0,Chemprop (default),average,balanced_accuracy,0.6506622089996051,0.05357053540136101
105.0,Chemprop (default),average,balanced_accuracy,0.6512194047865101,0.053300524406844504
106.0,Chemprop (default),average,balanced_accuracy,0.6501597473118472,0.05395259374847013
107.0,Chemprop (default),average,balanced_accuracy,0.6512748360246764,0.053795300408817116
108.0,Chemprop (default),average,balanced_accuracy,0.6508047577426727,0.05407896942262514
109.0,Chemprop (default),average,balanced_accuracy,0.6506230347567132,0.05416660659468892
110.0,Chemprop (default),average,balanced_accuracy,0.6505353356791298,0.05441054899625412
111.0,Chemprop (default),average,balanced_accuracy,0.6505901954745057,0.05418303456489653
112.0,Chemprop (default),average,balanced_accuracy,0.6504068465811511,0.05379766414887867
113.0,Chemprop (default),average,balanced_accuracy,0.6502064180254449,0.05349147683435744
114.0,Chemprop (default),average,balanced_accuracy,0.6499818096510869,0.0541328892907342
115.0,Chemprop (default),average,balanced_accuracy,0.6497380142299172,0.0533878710238926
116.0,Chemprop (default),average,balanced_accuracy,0.6496754768567453,0.05383217332283559
117.0,Chemprop (default),average,balanced_accuracy,0.6498174017158256,0.053228503522550145
118.0,Chemprop (default),average,balanced_accuracy,0.6494924765623655,0.05327443547999401
119.0,Chemprop (default),average,balanced_accuracy,0.6491178437743939,0.05372061585075051
120.0,Chemprop (default),average,balanced_accuracy,0.6489602877864189,0.05422241819910142
121.0,Chemprop (default),average,balanced_accuracy,0.6489651886868651,0.0539543213591253
122.0,Chemprop (default),average,balanced_accuracy,0.6487374607175836,0.053772204320326
123.0,Chemprop (default),average,balanced_accuracy,0.6488252881921587,0.05380511011226038
124.0,Chemprop (default),average,balanced_accuracy,0.6487226560789463,0.054691874719907524
125.0,Chemprop (default),average,balanced_accuracy,0.6487046043269656,0.054401473085218977
126.0,Chemprop (default),average,balanced_accuracy,0.6498232845996175,0.05428264506087365
127.0,Chemprop (default),average,balanced_accuracy,0.6498651770266399,0.0540137197244117
128.0,Chemprop (default),average,balanced_accuracy,0.6499636192684821,0.05379002108612561
129.0,Chemprop (default),average,balanced_accuracy,0.6498923065202611,0.05399343911081294
130.0,Chemprop (default),average,balanced_accuracy,0.649881894398577,0.053632824708101844
131.0,Chemprop (default),average,balanced_accuracy,0.6501799022933613,0.053783078938239984
132.0,Chemprop (default),average,balanced_accuracy,0.6495171235442565,0.053709853939146054
133.0,Chemprop (default),average,balanced_accuracy,0.6502697737215098,0.05342876514231269
134.0,Chemprop (default),average,balanced_accuracy,0.6501222536118094,0.054323207573294105
135.0,Chemprop (default),average,balanced_accuracy,0.6507152978831929,0.05376315502847985
136.0,Chemprop (default),average,balanced_accuracy,0.6499834007934999,0.05412662484427687
137.0,Chemprop (default),average,balanced_accuracy,0.6497870587033974,0.054125278047339305
138.0,Chemprop (default),average,balanced_accuracy,0.6500290230538118,0.054245009024148645
139.0,Chemprop (default),average,balanced_accuracy,0.6497831133639429,0.05415983410919133
140.0,Chemprop (default),average,balanced_accuracy,0.6492186678475307,0.05401482858503064
141.0,Chemprop (default),average,balanced_accuracy,0.6494219562634389,0.05372935047405349
142.0,Chemprop (default),average,balanced_accuracy,0.6494620635868235,0.0536536098562995
143.0,Chemprop (default),average,balanced_accuracy,0.6489483265190603,0.054690129542891555
144.0,Chemprop (default),average,balanced_accuracy,0.6489286366422666,0.05440018330015113
145.0,Chemprop (default),average,balanced_accuracy,0.6488571352927255,0.054465052601214
146.0,Chemprop (default),average,balanced_accuracy,0.6487621642623417,0.05474447314856601
147.0,Chemprop (default),average,balanced_accuracy,0.6486677732115402,0.05497770879513021
148.0,Chemprop (default),average,balanced_accuracy,0.6488251512734111,0.0544525711941541
149.0,Chemprop (default),average,balanced_accuracy,0.6493292178966406,0.05488376456695946
150.0,Chemprop (default),average,balanced_accuracy,0.649063024989007,0.054632474261818366
151.0,Chemprop (default),average,balanced_accuracy,0.6489445983587535,0.05576701002316341
152.0,Chemprop (default),average,balanced_accuracy,0.6484580286231821,0.05487666653296366
153.0,Chemprop (default),average,balanced_accuracy,0.648687140740469,0.05474965929133435
154.0,Chemprop (default),average,balanced_accuracy,0.6488748089628001,0.05497602709373938
155.0,Chemprop (default),average,balanced_accuracy,0.6483442025008678,0.05531424550380072
156.0,Chemprop (default),average,balanced_accuracy,0.6493987319595501,0.055071419951057
157.0,Chemprop (default),average,balanced_accuracy,0.6484849959209857,0.05593549553955909
158.0,Chemprop (default),average,balanced_accuracy,0.649413642708307,0.05540683900196392
159.0,Chemprop (default),average,balanced_accuracy,0.6494522887616258,0.05568678208634372
160.0,Chemprop (default),average,balanced_accuracy,0.6494991406440114,0.05548413587436323
161.0,Chemprop (default),average,balanced_accuracy,0.6489400816745335,0.05603494579209321
162.0,Chemprop (default),average,balanced_accuracy,0.6491164812372583,0.05557486572091076
163.0,Chemprop (default),average,balanced_accuracy,0.6492123559124139,0.05589323063596908
164.0,Chemprop (default),average,balanced_accuracy,0.6495382510248983,0.05567689050024967
165.0,Chemprop (default),average,balanced_accuracy,0.649039105395492,0.05602674738312727
166.0,Chemprop (default),average,balanced_accuracy,0.6490748239785127,0.05608758065961549
167.0,Chemprop (default),average,balanced_accuracy,0.6488337808800059,0.05634228503957244
168.0,Chemprop (default),average,balanced_accuracy,0.6486970560654636,0.05649488341722524
169.0,Chemprop (default),average,balanced_accuracy,0.6487451168095444,0.05654301078802244
170.0,Chemprop (default),average,balanced_accuracy,0.6487907162860036,0.056574433732734165
171.0,Chemprop (default),average,balanced_accuracy,0.6490142493057963,0.05618769638613749
172.0,Chemprop (default),average,balanced_accuracy,0.6484478273564415,0.056259794483877086
173.0,Chemprop (default),average,balanced_accuracy,0.6485654489656176,0.05689535973478482
174.0,Chemprop (default),average,balanced_accuracy,0.6482130500210491,0.0566342964825789
175.0,Chemprop (default),average,balanced_accuracy,0.6485786921683453,0.05686868676262956
176.0,Chemprop (default),average,balanced_accuracy,0.6481938329812121,0.05626205212450602
177.0,Chemprop (default),average,balanced_accuracy,0.6481894223842842,0.05652124265556522
178.0,Chemprop (default),average,balanced_accuracy,0.647743688682459,0.05688570793813388
179.0,Chemprop (default),average,balanced_accuracy,0.648545718705528,0.057132530033774775
180.0,Chemprop (default),average,balanced_accuracy,0.6476902907229988,0.05747922973461503
181.0,Chemprop (default),average,balanced_accuracy,0.6478975913506324,0.057119569394221074
182.0,Chemprop (default),average,balanced_accuracy,0.647397513763466,0.05716103594187012
183.0,Chemprop (default),average,balanced_accuracy,0.6472124358210547,0.0579932652001671
184.0,Chemprop (default),average,balanced_accuracy,0.64663409857905,0.0573012648474843
185.0,Chemprop (default),average,balanced_accuracy,0.6466496505286057,0.057449043088306
186.0,Chemprop (default),average,balanced_accuracy,0.6465352407066637,0.05691340697626231
187.0,Chemprop (default),average,balanced_accuracy,0.6464778670279508,0.05713728400989635
188.0,Chemprop (default),average,balanced_accuracy,0.6465369334324158,0.057033460586519244
189.0,Chemprop (default),average,balanced_accuracy,0.6466057909299853,0.057525513852987195
190.0,Chemprop (default),average,balanced_accuracy,0.6467898001907229,0.057339384041147044
191.0,Chemprop (default),average,balanced_accuracy,0.6466016479679846,0.058011717815030055
192.0,Chemprop (default),average,balanced_accuracy,0.6464944066665016,0.05781940736437086
193.0,Chemprop (default),average,balanced_accuracy,0.6467274286325329,0.058065060225185434
194.0,Chemprop (default),average,balanced_accuracy,0.6458478352288476,0.05756407829464987
195.0,Chemprop (default),average,balanced_accuracy,0.6458290885728369,0.058270279628533574
196.0,Chemprop (default),average,balanced_accuracy,0.6461480877969524,0.05743591405275058
197.0,Chemprop (default),average,balanced_accuracy,0.646111172494778,0.05756269169034136
198.0,Chemprop (default),average,balanced_accuracy,0.6460255302861957,0.05787959587659026
199.0,Chemprop (default),average,balanced_accuracy,0.6459371885946377,0.057856906715944435
200.0,Chemprop (default),average,balanced_accuracy,0.6453854812241464,0.0581931041919963
1.0,Chemprop (large),average,balanced_accuracy,0.631011852987577,0.04597339962239798
2.0,Chemprop (large),average,balanced_accuracy,0.631011852987577,0.04597339962239798
3.0,Chemprop (large),average,balanced_accuracy,0.6325775412821073,0.04478429300338629
4.0,Chemprop (large),average,balanced_accuracy,0.6334235679150635,0.04434311050180352
5.0,Chemprop (large),average,balanced_accuracy,0.6362034599514856,0.04505694075553698
6.0,Chemprop (large),average,balanced_accuracy,0.6351409277669644,0.045695640263845996
7.0,Chemprop (large),average,balanced_accuracy,0.6362085838205738,0.04457800094949511
8.0,Chemprop (large),average,balanced_accuracy,0.6369994602061458,0.04432249705608471
9.0,Chemprop (large),average,balanced_accuracy,0.6381281417982217,0.04339342722384774
10.0,Chemprop (large),average,balanced_accuracy,0.63793676315316,0.044557918041404146
11.0,Chemprop (large),average,balanced_accuracy,0.6370853805371713,0.04523118828224658
12.0,Chemprop (large),average,balanced_accuracy,0.6370487281103193,0.044743171802740275
13.0,Chemprop (large),average,balanced_accuracy,0.6372714651293198,0.04549366224601252
14.0,Chemprop (large),average,balanced_accuracy,0.6376316597554034,0.04545361441109936
15.0,Chemprop (large),average,balanced_accuracy,0.6374514560046216,0.04596454169862331
16.0,Chemprop (large),average,balanced_accuracy,0.6381921596089931,0.04537225520572321
17.0,Chemprop (large),average,balanced_accuracy,0.6384937982334967,0.04507273842930305
18.0,Chemprop (large),average,balanced_accuracy,0.6378100952183037,0.04541901833200327
19.0,Chemprop (large),average,balanced_accuracy,0.6382265190466947,0.044930325360695245
20.0,Chemprop (large),average,balanced_accuracy,0.6375393678094924,0.045445335631408276
21.0,Chemprop (large),average,balanced_accuracy,0.6384600625553376,0.044595675098433145
22.0,Chemprop (large),average,balanced_accuracy,0.6385413124429399,0.0452113404639764
23.0,Chemprop (large),average,balanced_accuracy,0.6382898731139666,0.04501184847714605
24.0,Chemprop (large),average,balanced_accuracy,0.6381208062407496,0.04477604190304728
25.0,Chemprop (large),average,balanced_accuracy,0.6384994239673006,0.0445314424209241
26.0,Chemprop (large),average,balanced_accuracy,0.6378078538857462,0.04414174525168321
27.0,Chemprop (large),average,balanced_accuracy,0.6380944675774538,0.044361487470541
28.0,Chemprop (large),average,balanced_accuracy,0.6376378469388077,0.04433759605320896
29.0,Chemprop (large),average,balanced_accuracy,0.6380932445906167,0.04392202979640528
30.0,Chemprop (large),average,balanced_accuracy,0.6373856492197646,0.04429364594328795
31.0,Chemprop (large),average,balanced_accuracy,0.6380730360784841,0.04429072672715004
32.0,Chemprop (large),average,balanced_accuracy,0.6384849069649152,0.04424036375320976
33.0,Chemprop (large),average,balanced_accuracy,0.6384001487404053,0.044028847864929735
34.0,Chemprop (large),average,balanced_accuracy,0.6382875000195426,0.043744119366356124
35.0,Chemprop (large),average,balanced_accuracy,0.6384984811277846,0.04376141254252102
36.0,Chemprop (large),average,balanced_accuracy,0.6382834510195771,0.044022617810822694
37.0,Chemprop (large),average,balanced_accuracy,0.6376361894000613,0.04491983422622683
38.0,Chemprop (large),average,balanced_accuracy,0.6376673669572213,0.044691592878071465
39.0,Chemprop (large),average,balanced_accuracy,0.6378415561551928,0.044716251087637965
40.0,Chemprop (large),average,balanced_accuracy,0.6381453408915552,0.04437606160566204
41.0,Chemprop (large),average,balanced_accuracy,0.6379719038046386,0.04480824036801265
42.0,Chemprop (large),average,balanced_accuracy,0.638225500480952,0.0446307704119752
43.0,Chemprop (large),average,balanced_accuracy,0.6379415923493382,0.04480883386224673
44.0,Chemprop (large),average,balanced_accuracy,0.6377615249406902,0.04470927854975256
45.0,Chemprop (large),average,balanced_accuracy,0.6377697322757477,0.04474855417126047
46.0,Chemprop (large),average,balanced_accuracy,0.6380280081060031,0.044276279288238365
47.0,Chemprop (large),average,balanced_accuracy,0.637709696270633,0.044802014580619505
48.0,Chemprop (large),average,balanced_accuracy,0.637484309158601,0.044598190534843055
49.0,Chemprop (large),average,balanced_accuracy,0.637821743587518,0.044879536310494565
50.0,Chemprop (large),average,balanced_accuracy,0.637124095740481,0.044678699320915644
51.0,Chemprop (large),average,balanced_accuracy,0.6372123215347987,0.04510088327104691
52.0,Chemprop (large),average,balanced_accuracy,0.6372042417913539,0.044889148154738136
53.0,Chemprop (large),average,balanced_accuracy,0.6370892815661751,0.04523077975564409
54.0,Chemprop (large),average,balanced_accuracy,0.6370571417667733,0.04487859551391207
55.0,Chemprop (large),average,balanced_accuracy,0.6369241053575905,0.04528476392610642
56.0,Chemprop (large),average,balanced_accuracy,0.6364997173694428,0.04565154938709025
57.0,Chemprop (large),average,balanced_accuracy,0.6365505452456455,0.04596889754441591
58.0,Chemprop (large),average,balanced_accuracy,0.6365643297333393,0.04597505610492451
59.0,Chemprop (large),average,balanced_accuracy,0.6365026694236507,0.04596191476343214
60.0,Chemprop (large),average,balanced_accuracy,0.6371685104903889,0.045753645258346846
61.0,Chemprop (large),average,balanced_accuracy,0.6364465425831198,0.046076753357428286
62.0,Chemprop (large),average,balanced_accuracy,0.6368233148209639,0.045754363891076406
63.0,Chemprop (large),average,balanced_accuracy,0.636792296226381,0.04555898258351791
64.0,Chemprop (large),average,balanced_accuracy,0.6370754107330521,0.04559502721473585
65.0,Chemprop (large),average,balanced_accuracy,0.6371219334838567,0.04561934516460909
66.0,Chemprop (large),average,balanced_accuracy,0.6373941421241048,0.04545904129343402
67.0,Chemprop (large),average,balanced_accuracy,0.6373149987068503,0.04562715575636376
68.0,Chemprop (large),average,balanced_accuracy,0.6376957600637789,0.045382546763875764
69.0,Chemprop (large),average,balanced_accuracy,0.6373452149734187,0.045713762360521396
70.0,Chemprop (large),average,balanced_accuracy,0.6381005858246825,0.04502060661488898
71.0,Chemprop (large),average,balanced_accuracy,0.6378789541113138,0.04504225019729051
72.0,Chemprop (large),average,balanced_accuracy,0.6375226649773612,0.04488268507703463
73.0,Chemprop (large),average,balanced_accuracy,0.6371542403348236,0.04514797756726934
74.0,Chemprop (large),average,balanced_accuracy,0.6372302789105414,0.04501202965876769
75.0,Chemprop (large),average,balanced_accuracy,0.6372216801622472,0.04551484779201563
76.0,Chemprop (large),average,balanced_accuracy,0.6376388540013154,0.04485181760354458
77.0,Chemprop (large),average,balanced_accuracy,0.6370823988810149,0.04534416010288399
78.0,Chemprop (large),average,balanced_accuracy,0.6373836883106264,0.04501249515116158
79.0,Chemprop (large),average,balanced_accuracy,0.6373483134305338,0.04541369555933441
80.0,Chemprop (large),average,balanced_accuracy,0.6375291955775623,0.0451491428030073
81.0,Chemprop (large),average,balanced_accuracy,0.6369386351148014,0.04562166701227102
82.0,Chemprop (large),average,balanced_accuracy,0.6375378512657718,0.045299000195367464
83.0,Chemprop (large),average,balanced_accuracy,0.6370762706465251,0.04563400423902935
84.0,Chemprop (large),average,balanced_accuracy,0.6373920587865354,0.045179058855506306
85.0,Chemprop (large),average,balanced_accuracy,0.6372413399058928,0.045504038482131415
86.0,Chemprop (large),average,balanced_accuracy,0.6370464966766181,0.0450288096246134
87.0,Chemprop (large),average,balanced_accuracy,0.6370521565076568,0.04531308350994164
88.0,Chemprop (large),average,balanced_accuracy,0.6367925677031816,0.045414270666851504
89.0,Chemprop (large),average,balanced_accuracy,0.636921708720366,0.04566470564122043
90.0,Chemprop (large),average,balanced_accuracy,0.6366404002908973,0.04523755399928226
91.0,Chemprop (large),average,balanced_accuracy,0.6368473497812925,0.04604384667798744
92.0,Chemprop (large),average,balanced_accuracy,0.6367173286655379,0.046089185284097875
93.0,Chemprop (large),average,balanced_accuracy,0.6368656424359747,0.04601513050202217
94.0,Chemprop (large),average,balanced_accuracy,0.6364671963695219,0.04612744466950922
95.0,Chemprop (large),average,balanced_accuracy,0.6365732254636225,0.04619192391080639
96.0,Chemprop (large),average,balanced_accuracy,0.6363272881854478,0.046276391082798664
97.0,Chemprop (large),average,balanced_accuracy,0.6367686447644187,0.04631061843438989
98.0,Chemprop (large),average,balanced_accuracy,0.6364118250958508,0.046341026553831544
99.0,Chemprop (large),average,balanced_accuracy,0.6370667626713213,0.04597105562641583
100.0,Chemprop (large),average,balanced_accuracy,0.6365336106870558,0.0463286323843919
101.0,Chemprop (large),average,balanced_accuracy,0.6371842611628497,0.04623958971426627
102.0,Chemprop (large),average,balanced_accuracy,0.6369781804249703,0.04617273419950646
103.0,Chemprop (large),average,balanced_accuracy,0.6371388375893844,0.0465366082194
104.0,Chemprop (large),average,balanced_accuracy,0.6368910846289592,0.04612622107821107
105.0,Chemprop (large),average,balanced_accuracy,0.6371807732080672,0.04617630957204236
106.0,Chemprop (large),average,balanced_accuracy,0.6370067110205406,0.046077459535138074
107.0,Chemprop (large),average,balanced_accuracy,0.6368561404364196,0.04621957933949232
108.0,Chemprop (large),average,balanced_accuracy,0.6368819793077063,0.04576619514939524
109.0,Chemprop (large),average,balanced_accuracy,0.6367864648647336,0.046455070162974815
110.0,Chemprop (large),average,balanced_accuracy,0.6371205367311793,0.04593253137758184
111.0,Chemprop (large),average,balanced_accuracy,0.6373924239322122,0.046205738298382926
112.0,Chemprop (large),average,balanced_accuracy,0.6371724434663717,0.04610531665145839
113.0,Chemprop (large),average,balanced_accuracy,0.6370372705082906,0.046569945507935806
114.0,Chemprop (large),average,balanced_accuracy,0.6367405642164307,0.046763332046133206
115.0,Chemprop (large),average,balanced_accuracy,0.6368199578325267,0.04666292944441129
116.0,Chemprop (large),average,balanced_accuracy,0.636819113710315,0.046690685855647396
117.0,Chemprop (large),average,balanced_accuracy,0.6369031474780904,0.046678120418398555
118.0,Chemprop (large),average,balanced_accuracy,0.6370785277121243,0.046477243073748994
119.0,Chemprop (large),average,balanced_accuracy,0.636912320167708,0.04653329359537904
120.0,Chemprop (large),average,balanced_accuracy,0.6369194955445494,0.0461094318765578
121.0,Chemprop (large),average,balanced_accuracy,0.6368822901278264,0.04612560720902512
122.0,Chemprop (large),average,balanced_accuracy,0.6367490578475291,0.046012481098163714
123.0,Chemprop (large),average,balanced_accuracy,0.6365162081502899,0.04630463591209716
124.0,Chemprop (large),average,balanced_accuracy,0.6369570363008878,0.04621285692299538
125.0,Chemprop (large),average,balanced_accuracy,0.6367325023988452,0.04641037325854292
126.0,Chemprop (large),average,balanced_accuracy,0.6368152972010119,0.04622027800307782
127.0,Chemprop (large),average,balanced_accuracy,0.6364163930519385,0.04613118434677808
128.0,Chemprop (large),average,balanced_accuracy,0.6365949923592933,0.04607832084312137
129.0,Chemprop (large),average,balanced_accuracy,0.6369148569996037,0.045876790779582594
130.0,Chemprop (large),average,balanced_accuracy,0.6369315821037531,0.04589416020025015
131.0,Chemprop (large),average,balanced_accuracy,0.6366987913357515,0.04570256010633374
132.0,Chemprop (large),average,balanced_accuracy,0.6365995500604273,0.04584966850874013
133.0,Chemprop (large),average,balanced_accuracy,0.6368697893170667,0.04584163859223974
134.0,Chemprop (large),average,balanced_accuracy,0.6362275719336791,0.04574772485218584
135.0,Chemprop (large),average,balanced_accuracy,0.6363425896905807,0.04589384413983298
136.0,Chemprop (large),average,balanced_accuracy,0.6364787068370135,0.04569049646605993
137.0,Chemprop (large),average,balanced_accuracy,0.6362849890436812,0.045390105271783165
138.0,Chemprop (large),average,balanced_accuracy,0.6361786452430244,0.0456631029779748
139.0,Chemprop (large),average,balanced_accuracy,0.6362689187825844,0.045106146600600035
140.0,Chemprop (large),average,balanced_accuracy,0.6363355855782769,0.0452337071610404
141.0,Chemprop (large),average,balanced_accuracy,0.6365097331775952,0.04496212567033975
142.0,Chemprop (large),average,balanced_accuracy,0.6360001014325595,0.04511959320510672
143.0,Chemprop (large),average,balanced_accuracy,0.636112924085188,0.04496474196263504
144.0,Chemprop (large),average,balanced_accuracy,0.6364255809470074,0.045023744242894397
145.0,Chemprop (large),average,balanced_accuracy,0.6363913795320786,0.04496437179303451
146.0,Chemprop (large),average,balanced_accuracy,0.6361822379346539,0.04511606312957226
147.0,Chemprop (large),average,balanced_accuracy,0.635892941560224,0.04515669555239197
148.0,Chemprop (large),average,balanced_accuracy,0.6359472131209712,0.04458322492947533
149.0,Chemprop (large),average,balanced_accuracy,0.6357202447419416,0.04459172362499174
150.0,Chemprop (large),average,balanced_accuracy,0.6359388560493677,0.04435248917468028
151.0,Chemprop (large),average,balanced_accuracy,0.63595553696124,0.044634060422550616
152.0,Chemprop (large),average,balanced_accuracy,0.6358582631778448,0.0445151618397159
153.0,Chemprop (large),average,balanced_accuracy,0.6362658357056443,0.044703869158422845
154.0,Chemprop (large),average,balanced_accuracy,0.6362532780053421,0.04463419452364011
155.0,Chemprop (large),average,balanced_accuracy,0.6356799479375199,0.044956765375634526
156.0,Chemprop (large),average,balanced_accuracy,0.6361078435242801,0.04468086141208972
157.0,Chemprop (large),average,balanced_accuracy,0.6356091133001773,0.045060621965255496
158.0,Chemprop (large),average,balanced_accuracy,0.6357983881101404,0.04478046987854332
159.0,Chemprop (large),average,balanced_accuracy,0.6355874794806703,0.04491997484188338
160.0,Chemprop (large),average,balanced_accuracy,0.6356467662654791,0.044711925957449
161.0,Chemprop (large),average,balanced_accuracy,0.6359565511560115,0.04480970608953614
162.0,Chemprop (large),average,balanced_accuracy,0.6354519075005727,0.04477592136652154
163.0,Chemprop (large),average,balanced_accuracy,0.6357273582307056,0.04480719923918929
164.0,Chemprop (large),average,balanced_accuracy,0.6357363032942381,0.0448831301105372
165.0,Chemprop (large),average,balanced_accuracy,0.6356767452099809,0.04512031416765849
166.0,Chemprop (large),average,balanced_accuracy,0.6359251735454281,0.04476081208497626
167.0,Chemprop (large),average,balanced_accuracy,0.6360602360075961,0.04489870651855983
168.0,Chemprop (large),average,balanced_accuracy,0.6358738266588283,0.04493085182091402
169.0,Chemprop (large),average,balanced_accuracy,0.6356279493472008,0.044836191173435576
170.0,Chemprop (large),average,balanced_accuracy,0.6355123433351406,0.04495071736634863
171.0,Chemprop (large),average,balanced_accuracy,0.6357292575732747,0.04479252696265519
172.0,Chemprop (large),average,balanced_accuracy,0.6355865073863431,0.04518227807930765
173.0,Chemprop (large),average,balanced_accuracy,0.6358485191238883,0.04500021438248494
174.0,Chemprop (large),average,balanced_accuracy,0.635477118977519,0.045038454809980505
175.0,Chemprop (large),average,balanced_accuracy,0.6353854468790533,0.04484385585199681
176.0,Chemprop (large),average,balanced_accuracy,0.6351119365056629,0.04481878072126291
177.0,Chemprop (large),average,balanced_accuracy,0.6352695092343837,0.04509046141912953
178.0,Chemprop (large),average,balanced_accuracy,0.6352966552329901,0.044832880864548105
179.0,Chemprop (large),average,balanced_accuracy,0.6355998749254784,0.044833934005171626
180.0,Chemprop (large),average,balanced_accuracy,0.6353127138201258,0.044757797355967285
181.0,Chemprop (large),average,balanced_accuracy,0.6353633827286812,0.04472863451572227
182.0,Chemprop (large),average,balanced_accuracy,0.6353666019342225,0.044732306724151655
183.0,Chemprop (large),average,balanced_accuracy,0.6355512595977894,0.04488460474756086
184.0,Chemprop (large),average,balanced_accuracy,0.6351967448935038,0.045130486492521674
185.0,Chemprop (large),average,balanced_accuracy,0.6351882073386667,0.0454196030533983
186.0,Chemprop (large),average,balanced_accuracy,0.635312140681102,0.04537356279974464
187.0,Chemprop (large),average,balanced_accuracy,0.6354564704106652,0.04521714675918025
188.0,Chemprop (large),average,balanced_accuracy,0.6351439324148345,0.0451515182344459
189.0,Chemprop (large),average,balanced_accuracy,0.6353279420388872,0.04553295786978009
190.0,Chemprop (large),average,balanced_accuracy,0.6356715775295255,0.04550048789324623
191.0,Chemprop (large),average,balanced_accuracy,0.6353749123334557,0.04563904730764835
192.0,Chemprop (large),average,balanced_accuracy,0.6350498108017225,0.04582424815463404
193.0,Chemprop (large),average,balanced_accuracy,0.635160536066998,0.04559770001789535
194.0,Chemprop (large),average,balanced_accuracy,0.6352024158968086,0.0456203156978584
195.0,Chemprop (large),average,balanced_accuracy,0.6349696405142452,0.04583527865783224
196.0,Chemprop (large),average,balanced_accuracy,0.6348574265801935,0.04536322559148499
197.0,Chemprop (large),average,balanced_accuracy,0.6343977897847963,0.045405148517770035
198.0,Chemprop (large),average,balanced_accuracy,0.6346933736151894,0.04544820841103092
199.0,Chemprop (large),average,balanced_accuracy,0.6347573313054715,0.04563838781889798
200.0,Chemprop (large),average,balanced_accuracy,0.6348876409348235,0.04529555618062118
1.0,Morgan,average,balanced_accuracy,0.5841659626652232,0.04038385532261358
2.0,Morgan,average,balanced_accuracy,0.5853245002783148,0.040746712864971356
3.0,Morgan,average,balanced_accuracy,0.5838420426816824,0.03667044850598313
4.0,Morgan,average,balanced_accuracy,0.5875136032042144,0.03736848552187357
5.0,Morgan,average,balanced_accuracy,0.5809455588741087,0.04336985656621473
6.0,Morgan,average,balanced_accuracy,0.5822957529991634,0.04372069934724213
7.0,Morgan,average,balanced_accuracy,0.5736363414657384,0.04115186971970664
8.0,Morgan,average,balanced_accuracy,0.5759156287363167,0.043290134463919494
9.0,Morgan,average,balanced_accuracy,0.5689446509041705,0.04350627856183623
10.0,Morgan,average,balanced_accuracy,0.5693500765086775,0.04318336888574556
11.0,Morgan,average,balanced_accuracy,0.5625476549866613,0.04352198595014383
12.0,Morgan,average,balanced_accuracy,0.5640026865290111,0.04372327531203303
13.0,Morgan,average,balanced_accuracy,0.5584967783730352,0.043356891577029606
14.0,Morgan,average,balanced_accuracy,0.5601783836337529,0.0430752139080929
15.0,Morgan,average,balanced_accuracy,0.5558903219728457,0.04439550536475183
16.0,Morgan,average,balanced_accuracy,0.5568312910431785,0.04471055551511992
17.0,Morgan,average,balanced_accuracy,0.5527548815032329,0.043842304927882526
18.0,Morgan,average,balanced_accuracy,0.5530965632843988,0.04608643319336675
19.0,Morgan,average,balanced_accuracy,0.5491837448824856,0.0448032620089284
20.0,Morgan,average,balanced_accuracy,0.5508990450158289,0.04529836066007466
21.0,Morgan,average,balanced_accuracy,0.547703570986748,0.044163038238588644
22.0,Morgan,average,balanced_accuracy,0.5504481728948108,0.0447878732652218
23.0,Morgan,average,balanced_accuracy,0.5466378721026993,0.0449303500680153
24.0,Morgan,average,balanced_accuracy,0.5485245798272905,0.044519916857188306
25.0,Morgan,average,balanced_accuracy,0.5451390133899668,0.04476512007854706
26.0,Morgan,average,balanced_accuracy,0.5480490710564804,0.04395040026708215
27.0,Morgan,average,balanced_accuracy,0.5445646504582252,0.04518882155257538
28.0,Morgan,average,balanced_accuracy,0.5452327215489676,0.04393338566117618
29.0,Morgan,average,balanced_accuracy,0.5426287513045662,0.043611742671227714
30.0,Morgan,average,balanced_accuracy,0.5438005524398136,0.0428121009937499
31.0,Morgan,average,balanced_accuracy,0.5404667708569728,0.04275280148475982
32.0,Morgan,average,balanced_accuracy,0.5416480770229594,0.04398257544762196
33.0,Morgan,average,balanced_accuracy,0.5391631406189563,0.042941460588761235
34.0,Morgan,average,balanced_accuracy,0.5417893623262421,0.04355137771930817
35.0,Morgan,average,balanced_accuracy,0.5390913269721876,0.041877649302834746
36.0,Morgan,average,balanced_accuracy,0.540421719375327,0.04168196135803337
37.0,Morgan,average,balanced_accuracy,0.5386904986901103,0.04128059640139668
38.0,Morgan,average,balanced_accuracy,0.5391596123372223,0.041013476196542734
39.0,Morgan,average,balanced_accuracy,0.5382630354269101,0.04033846934501225
40.0,Morgan,average,balanced_accuracy,0.5380907981566981,0.04028399300071235
41.0,Morgan,average,balanced_accuracy,0.5364991718922526,0.039681961416309294
42.0,Morgan,average,balanced_accuracy,0.5379183716798291,0.0402823557621995
43.0,Morgan,average,balanced_accuracy,0.5359343241955161,0.03945507226049411
44.0,Morgan,average,balanced_accuracy,0.5364737120889469,0.03936179765912693
45.0,Morgan,average,balanced_accuracy,0.5354043740000747,0.03906525875036813
46.0,Morgan,average,balanced_accuracy,0.5352427953212961,0.03899767039216803
47.0,Morgan,average,balanced_accuracy,0.5339325079016802,0.03914043023899593
48.0,Morgan,average,balanced_accuracy,0.5342394801179701,0.03906909861764374
49.0,Morgan,average,balanced_accuracy,0.5342313476395342,0.03891737191160153
50.0,Morgan,average,balanced_accuracy,0.5351024513264009,0.039949715690294506
51.0,Morgan,average,balanced_accuracy,0.5327498105853861,0.038431366681567436
52.0,Morgan,average,balanced_accuracy,0.5334596304345274,0.03920978791063539
53.0,Morgan,average,balanced_accuracy,0.5322993667792348,0.03866370871821279
54.0,Morgan,average,balanced_accuracy,0.5327489678003335,0.03886338758149323
55.0,Morgan,average,balanced_accuracy,0.5317552959705776,0.037988502989634576
56.0,Morgan,average,balanced_accuracy,0.5310938553052607,0.03898756685288578
57.0,Morgan,average,balanced_accuracy,0.5310216155337302,0.03866745921531709
58.0,Morgan,average,balanced_accuracy,0.5310582709622135,0.038628434757641716
59.0,Morgan,average,balanced_accuracy,0.5301300720560311,0.03826588589272984
60.0,Morgan,average,balanced_accuracy,0.530133908690507,0.03813987909184526
61.0,Morgan,average,balanced_accuracy,0.5288500348932618,0.038809766589754255
62.0,Morgan,average,balanced_accuracy,0.5291273279915378,0.038903007510110846
63.0,Morgan,average,balanced_accuracy,0.528520055073361,0.03860734073655411
64.0,Morgan,average,balanced_accuracy,0.5290306932026152,0.03962928700072097
65.0,Morgan,average,balanced_accuracy,0.5275034374654709,0.03784860464861947
66.0,Morgan,average,balanced_accuracy,0.5281882941777113,0.03829668091150381
67.0,Morgan,average,balanced_accuracy,0.5272337851870974,0.038452460180361754
68.0,Morgan,average,balanced_accuracy,0.527295174250569,0.0382398173648883
69.0,Morgan,average,balanced_accuracy,0.5261237975614652,0.03778071027893629
70.0,Morgan,average,balanced_accuracy,0.5258985443757294,0.03828571435326355
71.0,Morgan,average,balanced_accuracy,0.5259097238333676,0.03754870326176731
72.0,Morgan,average,balanced_accuracy,0.5260540144199779,0.037242998312551866
73.0,Morgan,average,balanced_accuracy,0.5260069529472002,0.036927805170390446
74.0,Morgan,average,balanced_accuracy,0.5263180647170098,0.03800427533654411
75.0,Morgan,average,balanced_accuracy,0.5249825510937076,0.0361010604569903
76.0,Morgan,average,balanced_accuracy,0.5256445023373132,0.03651240424108069
77.0,Morgan,average,balanced_accuracy,0.5245672358141806,0.035706705426534334
78.0,Morgan,average,balanced_accuracy,0.5249840345524442,0.036163278262417047
79.0,Morgan,average,balanced_accuracy,0.5240519932883386,0.0356994752967276
80.0,Morgan,average,balanced_accuracy,0.5242358596968688,0.03509967148556453
81.0,Morgan,average,balanced_accuracy,0.5233993163624675,0.03547632169629802
82.0,Morgan,average,balanced_accuracy,0.5242833641063176,0.03591836186758345
83.0,Morgan,average,balanced_accuracy,0.5233904259642818,0.0356841234481475
84.0,Morgan,average,balanced_accuracy,0.523479055162625,0.035500456441737764
85.0,Morgan,average,balanced_accuracy,0.5227918459107292,0.035607196842217845
86.0,Morgan,average,balanced_accuracy,0.5231825608300741,0.03535399134037186
87.0,Morgan,average,balanced_accuracy,0.5223259354485293,0.03497568844790375
88.0,Morgan,average,balanced_accuracy,0.523169506594769,0.03550717343908968
89.0,Morgan,average,balanced_accuracy,0.522800991730503,0.03484614699916386
90.0,Morgan,average,balanced_accuracy,0.5232011324416017,0.03518513250005783
91.0,Morgan,average,balanced_accuracy,0.5229318538224467,0.035230743154555356
92.0,Morgan,average,balanced_accuracy,0.5232506924253262,0.03502027955417761
93.0,Morgan,average,balanced_accuracy,0.5228366112370925,0.03477017297595348
94.0,Morgan,average,balanced_accuracy,0.5228385821199967,0.035014926463761455
95.0,Morgan,average,balanced_accuracy,0.5220198498828553,0.034158339775018656
96.0,Morgan,average,balanced_accuracy,0.5224060435831069,0.035087976352576725
97.0,Morgan,average,balanced_accuracy,0.5219578714800349,0.0342829260429866
98.0,Morgan,average,balanced_accuracy,0.5225531908523865,0.03385706611834658
99.0,Morgan,average,balanced_accuracy,0.5215782886967076,0.03423674272581005
100.0,Morgan,average,balanced_accuracy,0.5218805810317562,0.0343999579620239
101.0,Morgan,average,balanced_accuracy,0.5211034781489509,0.034217573401030286
102.0,Morgan,average,balanced_accuracy,0.5216378552664862,0.034127044019277054
103.0,Morgan,average,balanced_accuracy,0.5210239819405832,0.03381221100636911
104.0,Morgan,average,balanced_accuracy,0.5209771129267381,0.03338600889341607
105.0,Morgan,average,balanced_accuracy,0.5207386403950548,0.03314235982432901
106.0,Morgan,average,balanced_accuracy,0.5210485865255905,0.03331323165259221
107.0,Morgan,average,balanced_accuracy,0.5208394530905806,0.03328156204520587
108.0,Morgan,average,balanced_accuracy,0.5217002882644116,0.03289334670889729
109.0,Morgan,average,balanced_accuracy,0.5208322803843063,0.03286279976067842
110.0,Morgan,average,balanced_accuracy,0.5207738867833142,0.03264873975736348
111.0,Morgan,average,balanced_accuracy,0.5203501569207019,0.032479259907792546
112.0,Morgan,average,balanced_accuracy,0.5208812581668347,0.032341189144009734
113.0,Morgan,average,balanced_accuracy,0.5201149164248721,0.03233588496064021
114.0,Morgan,average,balanced_accuracy,0.5199271419447582,0.0322770435420213
115.0,Morgan,average,balanced_accuracy,0.5197702351116722,0.03175539945044402
116.0,Morgan,average,balanced_accuracy,0.5195825003359613,0.031733343188995074
117.0,Morgan,average,balanced_accuracy,0.5198180774947841,0.03185695890578011
118.0,Morgan,average,balanced_accuracy,0.5197657335616378,0.03123923330306459
119.0,Morgan,average,balanced_accuracy,0.5195628954194391,0.031606277420725505
120.0,Morgan,average,balanced_accuracy,0.5193303850165317,0.03164043266123449
121.0,Morgan,average,balanced_accuracy,0.5192004540739378,0.031167226194901917
122.0,Morgan,average,balanced_accuracy,0.5194267699548792,0.03092284704827461
123.0,Morgan,average,balanced_accuracy,0.5190842604221685,0.03096489827617158
124.0,Morgan,average,balanced_accuracy,0.5192327288424273,0.0307766979517897
125.0,Morgan,average,balanced_accuracy,0.518766472449368,0.03038924862742243
126.0,Morgan,average,balanced_accuracy,0.5187100127406805,0.03051254023800026
127.0,Morgan,average,balanced_accuracy,0.5189217700913406,0.0306518996414458
128.0,Morgan,average,balanced_accuracy,0.5187108477496939,0.030235884394792502
129.0,Morgan,average,balanced_accuracy,0.5186546325303669,0.030481592819279854
130.0,Morgan,average,balanced_accuracy,0.5186287133407194,0.030202991300605393
131.0,Morgan,average,balanced_accuracy,0.5183609850007695,0.030594137710977815
132.0,Morgan,average,balanced_accuracy,0.5184587085960632,0.030453130223015868
133.0,Morgan,average,balanced_accuracy,0.5182935617817713,0.030619652834449094
134.0,Morgan,average,balanced_accuracy,0.5179640482665733,0.03062229734824789
135.0,Morgan,average,balanced_accuracy,0.5177793732341892,0.03063013654349495
136.0,Morgan,average,balanced_accuracy,0.517713524986173,0.030308498331732093
137.0,Morgan,average,balanced_accuracy,0.5179337889385407,0.03000647016017793
138.0,Morgan,average,balanced_accuracy,0.5178923390624819,0.030213975255135563
139.0,Morgan,average,balanced_accuracy,0.5178736535513588,0.029894010697735885
140.0,Morgan,average,balanced_accuracy,0.5177243457346726,0.02959486752658624
141.0,Morgan,average,balanced_accuracy,0.5178337358479597,0.029625682152515816
142.0,Morgan,average,balanced_accuracy,0.5177247223426432,0.02985879435015081
143.0,Morgan,average,balanced_accuracy,0.5177556333482423,0.029850887407856595
144.0,Morgan,average,balanced_accuracy,0.5176265637442049,0.02942272452792852
145.0,Morgan,average,balanced_accuracy,0.5176048293158485,0.029290648053512783
146.0,Morgan,average,balanced_accuracy,0.5174619901012163,0.029257951244019795
147.0,Morgan,average,balanced_accuracy,0.5171411547902484,0.02895333263142281
148.0,Morgan,average,balanced_accuracy,0.5170998444575592,0.029167623118644223
149.0,Morgan,average,balanced_accuracy,0.5170132776230382,0.029445368140968466
150.0,Morgan,average,balanced_accuracy,0.5172244793147068,0.029510616456916227
151.0,Morgan,average,balanced_accuracy,0.5171952481365438,0.029254811270329972
152.0,Morgan,average,balanced_accuracy,0.5172659329646824,0.029486531570444702
153.0,Morgan,average,balanced_accuracy,0.5171495634531604,0.029304007868213883
154.0,Morgan,average,balanced_accuracy,0.5172913621615225,0.02914703719163733
155.0,Morgan,average,balanced_accuracy,0.5171653900101124,0.02943772034620603
156.0,Morgan,average,balanced_accuracy,0.5173722856785102,0.0289834394365679
157.0,Morgan,average,balanced_accuracy,0.5172092702974775,0.028927589698597708
158.0,Morgan,average,balanced_accuracy,0.5173771913212049,0.02913863996999559
159.0,Morgan,average,balanced_accuracy,0.5171612582788969,0.0291406560119994
160.0,Morgan,average,balanced_accuracy,0.5171403373966111,0.02906034469932573
161.0,Morgan,average,balanced_accuracy,0.516979693248587,0.02889721528865429
162.0,Morgan,average,balanced_accuracy,0.5168570599094963,0.028829321287719797
163.0,Morgan,average,balanced_accuracy,0.5167529879355752,0.02874533496941245
164.0,Morgan,average,balanced_accuracy,0.5169029678519831,0.028667663491028162
165.0,Morgan,average,balanced_accuracy,0.5166532066287658,0.028537764215378878
166.0,Morgan,average,balanced_accuracy,0.5167268633859835,0.028520737621638908
167.0,Morgan,average,balanced_accuracy,0.516561870685913,0.028549875706744676
168.0,Morgan,average,balanced_accuracy,0.5165189125950778,0.028471441585515886
169.0,Morgan,average,balanced_accuracy,0.5163818393044352,0.028415697502216692
170.0,Morgan,average,balanced_accuracy,0.5164330135532961,0.028461895563370813
171.0,Morgan,average,balanced_accuracy,0.5163578770172093,0.02828647993784103
172.0,Morgan,average,balanced_accuracy,0.5161706439415834,0.02827170333649271
173.0,Morgan,average,balanced_accuracy,0.5163849946164166,0.028169228319197707
174.0,Morgan,average,balanced_accuracy,0.5162491860557332,0.028066226644114324
175.0,Morgan,average,balanced_accuracy,0.5159887259915638,0.027889325726296012
176.0,Morgan,average,balanced_accuracy,0.5160396425237779,0.027582341490502975
177.0,Morgan,average,balanced_accuracy,0.5158414650484903,0.02787942658777133
178.0,Morgan,average,balanced_accuracy,0.515985486128059,0.02747864182520554
179.0,Morgan,average,balanced_accuracy,0.515646295915794,0.02781679673510827
180.0,Morgan,average,balanced_accuracy,0.5153359645422944,0.027754655842146463
181.0,Morgan,average,balanced_accuracy,0.5153921388736927,0.02767030813391544
182.0,Morgan,average,balanced_accuracy,0.515392863681944,0.027459853130839807
183.0,Morgan,average,balanced_accuracy,0.5154357324160206,0.027245774667516105
184.0,Morgan,average,balanced_accuracy,0.5155728463031433,0.027371493477371542
185.0,Morgan,average,balanced_accuracy,0.5155377439263791,0.027450991330748815
186.0,Morgan,average,balanced_accuracy,0.5153354673786115,0.02741426164304694
187.0,Morgan,average,balanced_accuracy,0.5151421187884179,0.027336735835248732
188.0,Morgan,average,balanced_accuracy,0.5150436587743179,0.0273963004069261
189.0,Morgan,average,balanced_accuracy,0.5149386937586455,0.0273914863113298
190.0,Morgan,average,balanced_accuracy,0.5149317424689414,0.027354822077718707
191.0,Morgan,average,balanced_accuracy,0.5151562062554809,0.027558739836953373
192.0,Morgan,average,balanced_accuracy,0.5149035077613372,0.027013282950943802
193.0,Morgan,average,balanced_accuracy,0.5149542638251343,0.027298056415726638
194.0,Morgan,average,balanced_accuracy,0.5149109133630827,0.027211943262566547
195.0,Morgan,average,balanced_accuracy,0.5149520596654176,0.02728922001874539
196.0,Morgan,average,balanced_accuracy,0.5147561371392001,0.02710825276868639
197.0,Morgan,average,balanced_accuracy,0.5146028939246441,0.027065042122803314
198.0,Morgan,average,balanced_accuracy,0.5143106643603413,0.026812073318942867
199.0,Morgan,average,balanced_accuracy,0.5143204069465928,0.026843064649886113
200.0,Morgan,average,balanced_accuracy,0.5144927306449035,0.02655369851971615
1.0,Mordred,average,balanced_accuracy,0.6014793881358397,0.04380529455796103
2.0,Mordred,average,balanced_accuracy,0.6014793881358397,0.04380529455796103
3.0,Mordred,average,balanced_accuracy,0.6179485534552387,0.03980808206718386
4.0,Mordred,average,balanced_accuracy,0.6162164714416651,0.040684836808400994
5.0,Mordred,average,balanced_accuracy,0.6171018577523893,0.04332673941833724
6.0,Mordred,average,balanced_accuracy,0.6187286307208449,0.043883872268490484
7.0,Mordred,average,balanced_accuracy,0.617225133951405,0.046419130442095426
8.0,Mordred,average,balanced_accuracy,0.6170565965425567,0.04778824747047783
9.0,Mordred,average,balanced_accuracy,0.6133810203397084,0.05040548900006768
10.0,Mordred,average,balanced_accuracy,0.6148752637308125,0.04948801497235124
11.0,Mordred,average,balanced_accuracy,0.6142405854389782,0.052694844496704814
12.0,Mordred,average,balanced_accuracy,0.6143420637738592,0.052264123122032165
13.0,Mordred,average,balanced_accuracy,0.6097990372610912,0.054351384095529434
14.0,Mordred,average,balanced_accuracy,0.6111303461850388,0.053366156185605654
15.0,Mordred,average,balanced_accuracy,0.6084817744402744,0.055495148441900045
16.0,Mordred,average,balanced_accuracy,0.6093765447230598,0.05559697770272622
17.0,Mordred,average,balanced_accuracy,0.6055654011449223,0.05614952637979922
18.0,Mordred,average,balanced_accuracy,0.6053374870921554,0.05597447165968304
19.0,Mordred,average,balanced_accuracy,0.6026639721120738,0.05688355663159442
20.0,Mordred,average,balanced_accuracy,0.6030163679700795,0.056778710998175295
21.0,Mordred,average,balanced_accuracy,0.6013245481386936,0.0565083469801178
22.0,Mordred,average,balanced_accuracy,0.6016539358587855,0.057087032406758685
23.0,Mordred,average,balanced_accuracy,0.5986817076571029,0.057219815205799156
24.0,Mordred,average,balanced_accuracy,0.6013823328122451,0.057854212177905505
25.0,Mordred,average,balanced_accuracy,0.5996575951461441,0.057639464885138735
26.0,Mordred,average,balanced_accuracy,0.6011343036882646,0.05782434257613025
27.0,Mordred,average,balanced_accuracy,0.5977652968313337,0.05768482893058575
28.0,Mordred,average,balanced_accuracy,0.5984058966297667,0.060026070611056956
29.0,Mordred,average,balanced_accuracy,0.594588810264596,0.05895678774758842
30.0,Mordred,average,balanced_accuracy,0.5949421746214978,0.060172409721827295
31.0,Mordred,average,balanced_accuracy,0.5939038504613401,0.06021901035848755
32.0,Mordred,average,balanced_accuracy,0.5950099962335573,0.06058137954108162
33.0,Mordred,average,balanced_accuracy,0.5921954967095465,0.059808190573190444
34.0,Mordred,average,balanced_accuracy,0.5930062222761121,0.061360865248811416
35.0,Mordred,average,balanced_accuracy,0.5890695387367875,0.05906178614015558
36.0,Mordred,average,balanced_accuracy,0.5897617543077822,0.0617447728107505
37.0,Mordred,average,balanced_accuracy,0.5873748363060725,0.060725282473345965
38.0,Mordred,average,balanced_accuracy,0.5878521006582376,0.06180673345474404
39.0,Mordred,average,balanced_accuracy,0.5862772254878326,0.061083178977612645
40.0,Mordred,average,balanced_accuracy,0.5862756993851085,0.06295571101939852
41.0,Mordred,average,balanced_accuracy,0.5840838971861662,0.062003570072071176
42.0,Mordred,average,balanced_accuracy,0.5846048861629701,0.06203034395245692
43.0,Mordred,average,balanced_accuracy,0.5847942620867793,0.06234017647959247
44.0,Mordred,average,balanced_accuracy,0.584697439753146,0.06242024180260089
45.0,Mordred,average,balanced_accuracy,0.5814417901868859,0.06265154392908835
46.0,Mordred,average,balanced_accuracy,0.5826795464065079,0.06338552256054926
47.0,Mordred,average,balanced_accuracy,0.5810192120101982,0.06303710776053925
48.0,Mordred,average,balanced_accuracy,0.5803211107290579,0.06278940200385197
49.0,Mordred,average,balanced_accuracy,0.5785622101829575,0.06345816769833285
50.0,Mordred,average,balanced_accuracy,0.5795270562780563,0.06301934487922577
51.0,Mordred,average,balanced_accuracy,0.5768794331229478,0.0636101051887712
52.0,Mordred,average,balanced_accuracy,0.5786135481320712,0.0644152027643573
53.0,Mordred,average,balanced_accuracy,0.5766660089855474,0.0643057257267297
54.0,Mordred,average,balanced_accuracy,0.5768912028863065,0.06346271033124104
55.0,Mordred,average,balanced_accuracy,0.5766418965858288,0.06341434918565533
56.0,Mordred,average,balanced_accuracy,0.5758861644819434,0.06386879897428809
57.0,Mordred,average,balanced_accuracy,0.5743937556223705,0.06349905729701219
58.0,Mordred,average,balanced_accuracy,0.5751038405550514,0.06403093937206211
59.0,Mordred,average,balanced_accuracy,0.5737870587880242,0.0641203501301779
60.0,Mordred,average,balanced_accuracy,0.5738352990276402,0.06428192034448123
61.0,Mordred,average,balanced_accuracy,0.5736732318013515,0.06446358991724452
62.0,Mordred,average,balanced_accuracy,0.5739008858297593,0.06499306035569487
63.0,Mordred,average,balanced_accuracy,0.5727753082397758,0.06426691390051546
64.0,Mordred,average,balanced_accuracy,0.572789225225511,0.06491327478851094
65.0,Mordred,average,balanced_accuracy,0.5711620579365353,0.06401775475719065
66.0,Mordred,average,balanced_accuracy,0.5721074204473031,0.06538492750018685
67.0,Mordred,average,balanced_accuracy,0.5699379700247899,0.0641119847705409
68.0,Mordred,average,balanced_accuracy,0.5719224815172627,0.06491459291686252
69.0,Mordred,average,balanced_accuracy,0.5711082665551801,0.06424752187878338
70.0,Mordred,average,balanced_accuracy,0.5719377707732862,0.06628160485204651
71.0,Mordred,average,balanced_accuracy,0.571121648474113,0.0653963492650538
72.0,Mordred,average,balanced_accuracy,0.5707037172160146,0.06590964732201414
73.0,Mordred,average,balanced_accuracy,0.5693425077499051,0.06433228680504621
74.0,Mordred,average,balanced_accuracy,0.5703049721596013,0.0656777970449934
75.0,Mordred,average,balanced_accuracy,0.5687064397058778,0.06424706031387314
76.0,Mordred,average,balanced_accuracy,0.5690239613952778,0.0651031544297238
77.0,Mordred,average,balanced_accuracy,0.5687913233146177,0.06456822758785472
78.0,Mordred,average,balanced_accuracy,0.5690780367354202,0.0648825657577469
79.0,Mordred,average,balanced_accuracy,0.5683882577909237,0.06452711574793567
80.0,Mordred,average,balanced_accuracy,0.5685404408803718,0.06458810078297647
81.0,Mordred,average,balanced_accuracy,0.568816012674695,0.0652491134932986
82.0,Mordred,average,balanced_accuracy,0.5686992598166752,0.06445862802046035
83.0,Mordred,average,balanced_accuracy,0.567463436332313,0.06468431237960848
84.0,Mordred,average,balanced_accuracy,0.5676084163907419,0.06422710498297589
85.0,Mordred,average,balanced_accuracy,0.5662313711872252,0.06355697917093779
86.0,Mordred,average,balanced_accuracy,0.5671101112395941,0.06352104141616086
87.0,Mordred,average,balanced_accuracy,0.5669200533589072,0.0649112846884411
88.0,Mordred,average,balanced_accuracy,0.5669475578052315,0.06459660919467934
89.0,Mordred,average,balanced_accuracy,0.5665745583704667,0.06484594382286155
90.0,Mordred,average,balanced_accuracy,0.5662390437253637,0.06464125394986708
91.0,Mordred,average,balanced_accuracy,0.5662954915930911,0.06508351822522761
92.0,Mordred,average,balanced_accuracy,0.5666507247021937,0.06422554736816341
93.0,Mordred,average,balanced_accuracy,0.5654656141159102,0.06417215877893889
94.0,Mordred,average,balanced_accuracy,0.5650547250049577,0.063609962722823
95.0,Mordred,average,balanced_accuracy,0.5640087287143393,0.06414762050083606
96.0,Mordred,average,balanced_accuracy,0.5634019548942445,0.06382322547927495
97.0,Mordred,average,balanced_accuracy,0.5627439989169593,0.06392298166139126
98.0,Mordred,average,balanced_accuracy,0.5624857306492939,0.06346545277523694
99.0,Mordred,average,balanced_accuracy,0.5614155832759306,0.06383956903673628
100.0,Mordred,average,balanced_accuracy,0.5617087270941195,0.06447187462803214
101.0,Mordred,average,balanced_accuracy,0.5612048954250582,0.06496228387950351
102.0,Mordred,average,balanced_accuracy,0.5615572849969199,0.06509171372616852
103.0,Mordred,average,balanced_accuracy,0.5617254722126982,0.06527817769795738
104.0,Mordred,average,balanced_accuracy,0.5603670048129121,0.06455935570320145
105.0,Mordred,average,balanced_accuracy,0.5597116566039485,0.06505138806828965
106.0,Mordred,average,balanced_accuracy,0.5607871292795206,0.06444589958222781
107.0,Mordred,average,balanced_accuracy,0.5605763422196531,0.06433025875994738
108.0,Mordred,average,balanced_accuracy,0.5601629007817237,0.06485554020830052
109.0,Mordred,average,balanced_accuracy,0.5594627551623553,0.06430426502493279
110.0,Mordred,average,balanced_accuracy,0.5602303244045804,0.0647778663720464
111.0,Mordred,average,balanced_accuracy,0.5583160266901817,0.06468294781768653
112.0,Mordred,average,balanced_accuracy,0.5586709962609205,0.06529914462584403
113.0,Mordred,average,balanced_accuracy,0.5584415225927208,0.0645537189442168
114.0,Mordred,average,balanced_accuracy,0.5586193377039588,0.06472650698172872
115.0,Mordred,average,balanced_accuracy,0.55819389742276,0.06464223378842009
116.0,Mordred,average,balanced_accuracy,0.5576256164807528,0.06412466269159786
117.0,Mordred,average,balanced_accuracy,0.557908253155655,0.06541722274467532
118.0,Mordred,average,balanced_accuracy,0.557602376919739,0.06489910915428036
119.0,Mordred,average,balanced_accuracy,0.5569770084142605,0.06513660181182446
120.0,Mordred,average,balanced_accuracy,0.5578932490362953,0.06493599915151803
121.0,Mordred,average,balanced_accuracy,0.5569541066711249,0.06476729350736006
122.0,Mordred,average,balanced_accuracy,0.5569162043022741,0.0653632662609009
123.0,Mordred,average,balanced_accuracy,0.556705006131941,0.06501475687977329
124.0,Mordred,average,balanced_accuracy,0.5570842173399402,0.06592371393309776
125.0,Mordred,average,balanced_accuracy,0.5559121014151654,0.06502467108367707
126.0,Mordred,average,balanced_accuracy,0.5558287203422791,0.06561319486862248
127.0,Mordred,average,balanced_accuracy,0.5557674343048932,0.06429576956872976
128.0,Mordred,average,balanced_accuracy,0.5565469743340237,0.06497794166353707
129.0,Mordred,average,balanced_accuracy,0.5559728218755339,0.06458310069802307
130.0,Mordred,average,balanced_accuracy,0.556695724984879,0.06555189233330641
131.0,Mordred,average,balanced_accuracy,0.5553118822850238,0.06433951388094039
132.0,Mordred,average,balanced_accuracy,0.5563949385903278,0.06597204943241915
133.0,Mordred,average,balanced_accuracy,0.5559373660780831,0.06451583099297221
134.0,Mordred,average,balanced_accuracy,0.5556445265287129,0.06512615097809238
135.0,Mordred,average,balanced_accuracy,0.5554845002677703,0.06424390263341694
136.0,Mordred,average,balanced_accuracy,0.5555040474006754,0.06554911740316073
137.0,Mordred,average,balanced_accuracy,0.5552401887324298,0.06398250500485907
138.0,Mordred,average,balanced_accuracy,0.555173043187759,0.06409009695791106
139.0,Mordred,average,balanced_accuracy,0.5545365956706089,0.06416948658048088
140.0,Mordred,average,balanced_accuracy,0.5547911844341789,0.06416815585337607
141.0,Mordred,average,balanced_accuracy,0.5550974762575266,0.0639381883511058
142.0,Mordred,average,balanced_accuracy,0.5541357367569361,0.06393737695620935
143.0,Mordred,average,balanced_accuracy,0.5547072652433704,0.06419559543820594
144.0,Mordred,average,balanced_accuracy,0.554800988503946,0.06471793369649201
145.0,Mordred,average,balanced_accuracy,0.5541539847163068,0.0643590059593691
146.0,Mordred,average,balanced_accuracy,0.5539550952808955,0.06440504378182031
147.0,Mordred,average,balanced_accuracy,0.5531838040424985,0.06382866031347917
148.0,Mordred,average,balanced_accuracy,0.5536248892129071,0.06466124459348722
149.0,Mordred,average,balanced_accuracy,0.5526901716589738,0.06327946543156486
150.0,Mordred,average,balanced_accuracy,0.5527134056118022,0.06342570106040954
151.0,Mordred,average,balanced_accuracy,0.5522232658810293,0.06319590273839408
152.0,Mordred,average,balanced_accuracy,0.5535007804586687,0.06380950286746326
153.0,Mordred,average,balanced_accuracy,0.5524740932481361,0.06278776768567439
154.0,Mordred,average,balanced_accuracy,0.5528768348794417,0.06389469242207002
155.0,Mordred,average,balanced_accuracy,0.5521006848158566,0.0635816755889195
156.0,Mordred,average,balanced_accuracy,0.5523229302537298,0.06350574492997221
157.0,Mordred,average,balanced_accuracy,0.5514105102173573,0.06270052230978616
158.0,Mordred,average,balanced_accuracy,0.5522194489539907,0.06324281760070477
159.0,Mordred,average,balanced_accuracy,0.5516883898845784,0.06336271298750865
160.0,Mordred,average,balanced_accuracy,0.5519099917067226,0.06367120278883201
161.0,Mordred,average,balanced_accuracy,0.5512019559589454,0.06288549027627864
162.0,Mordred,average,balanced_accuracy,0.5510777242441017,0.063259829986848
163.0,Mordred,average,balanced_accuracy,0.5504077448865833,0.06285889150053389
164.0,Mordred,average,balanced_accuracy,0.5502097899473103,0.06302296145356907
165.0,Mordred,average,balanced_accuracy,0.5505191248840409,0.06326059021723862
166.0,Mordred,average,balanced_accuracy,0.55005554721748,0.0631404155658527
167.0,Mordred,average,balanced_accuracy,0.5503294088769463,0.06306673400997144
168.0,Mordred,average,balanced_accuracy,0.549307353434859,0.0627531219095025
169.0,Mordred,average,balanced_accuracy,0.5501353392391967,0.06339295027522071
170.0,Mordred,average,balanced_accuracy,0.5496604169373742,0.0630181194331441
171.0,Mordred,average,balanced_accuracy,0.5498578370706028,0.06278542603483897
172.0,Mordred,average,balanced_accuracy,0.5494834316578198,0.06256344507124341
173.0,Mordred,average,balanced_accuracy,0.549004524427766,0.06297961081588842
174.0,Mordred,average,balanced_accuracy,0.5494400306400614,0.06336098751027504
175.0,Mordred,average,balanced_accuracy,0.5495797994907455,0.06375906634550575
176.0,Mordred,average,balanced_accuracy,0.5487659124676498,0.0631248444674422
177.0,Mordred,average,balanced_accuracy,0.5485578366446764,0.06273991100562616
178.0,Mordred,average,balanced_accuracy,0.5480882764919811,0.06255679227313103
179.0,Mordred,average,balanced_accuracy,0.5479598959686741,0.06274480619450097
180.0,Mordred,average,balanced_accuracy,0.5476110331738127,0.06281826678977502
181.0,Mordred,average,balanced_accuracy,0.5475082964283732,0.062402798513038434
182.0,Mordred,average,balanced_accuracy,0.5469602125873065,0.062136819794610394
183.0,Mordred,average,balanced_accuracy,0.5473014625036368,0.06258585661348862
184.0,Mordred,average,balanced_accuracy,0.5467336504383572,0.06233296742833646
185.0,Mordred,average,balanced_accuracy,0.5468982612728723,0.0621885953207915
186.0,Mordred,average,balanced_accuracy,0.5462595069705304,0.0621402636775673
187.0,Mordred,average,balanced_accuracy,0.5465036366929877,0.062434022105413677
188.0,Mordred,average,balanced_accuracy,0.5462308311046378,0.061827282061600326
189.0,Mordred,average,balanced_accuracy,0.5464184656195163,0.0620562383659014
190.0,Mordred,average,balanced_accuracy,0.5465348017929939,0.06166646757057564
191.0,Mordred,average,balanced_accuracy,0.5460509437582544,0.06190246772557643
192.0,Mordred,average,balanced_accuracy,0.5458377014848711,0.06165029872711949
193.0,Mordred,average,balanced_accuracy,0.5457279299870684,0.06197105068694233
194.0,Mordred,average,balanced_accuracy,0.5454549835468987,0.0620947477196755
195.0,Mordred,average,balanced_accuracy,0.5457557236527638,0.062350798829012566
196.0,Mordred,average,balanced_accuracy,0.5454338828588718,0.06226814895897568
197.0,Mordred,average,balanced_accuracy,0.5455901479104168,0.06227716226639401
198.0,Mordred,average,balanced_accuracy,0.545469727263002,0.06197250349304516
199.0,Mordred,average,balanced_accuracy,0.5450470793928387,0.0626262062391117
200.0,Mordred,average,balanced_accuracy,0.5449055306440774,0.06203951097475833
1.0,CheMeleon (fine-tuned),average,sensitivity,0.5685697636486402,0.11590042800021319
2.0,CheMeleon (fine-tuned),average,sensitivity,0.5685697636486402,0.11590042800021319
3.0,CheMeleon (fine-tuned),average,sensitivity,0.5664859178682796,0.11739825840639938
4.0,CheMeleon (fine-tuned),average,sensitivity,0.5663129056115591,0.12066769601613041
5.0,CheMeleon (fine-tuned),average,sensitivity,0.5708123013364976,0.12080415841218414
6.0,CheMeleon (fine-tuned),average,sensitivity,0.5673366356205023,0.1185450769077559
7.0,CheMeleon (fine-tuned),average,sensitivity,0.5713866146340301,0.11798200701709044
8.0,CheMeleon (fine-tuned),average,sensitivity,0.5691161004725963,0.12064860948226308
9.0,CheMeleon (fine-tuned),average,sensitivity,0.5708242553872159,0.1209477089322342
10.0,CheMeleon (fine-tuned),average,sensitivity,0.5694066598247451,0.1206633513324592
11.0,CheMeleon (fine-tuned),average,sensitivity,0.570857028580292,0.12369497519722593
12.0,CheMeleon (fine-tuned),average,sensitivity,0.5703803435284812,0.12133321973335753
13.0,CheMeleon (fine-tuned),average,sensitivity,0.5706051815806493,0.12142576324553507
14.0,CheMeleon (fine-tuned),average,sensitivity,0.5700352657164537,0.1217677229997254
15.0,CheMeleon (fine-tuned),average,sensitivity,0.5719065869925037,0.12290048592080635
16.0,CheMeleon (fine-tuned),average,sensitivity,0.5716006418007838,0.12383628064382496
17.0,CheMeleon (fine-tuned),average,sensitivity,0.5724589528519622,0.1245509430454246
18.0,CheMeleon (fine-tuned),average,sensitivity,0.5709758982489804,0.12295864199042561
19.0,CheMeleon (fine-tuned),average,sensitivity,0.5709908384524646,0.12202204667522094
20.0,CheMeleon (fine-tuned),average,sensitivity,0.5696907834771157,0.12371935822659456
21.0,CheMeleon (fine-tuned),average,sensitivity,0.5713448736915661,0.1251803651786556
22.0,CheMeleon (fine-tuned),average,sensitivity,0.5703339677479827,0.1255847326923183
23.0,CheMeleon (fine-tuned),average,sensitivity,0.5714609459552669,0.12481528595201867
24.0,CheMeleon (fine-tuned),average,sensitivity,0.5727696579307581,0.12561024554974687
25.0,CheMeleon (fine-tuned),average,sensitivity,0.5723684668715547,0.12702271753493635
26.0,CheMeleon (fine-tuned),average,sensitivity,0.5728915272926609,0.12722070925169895
27.0,CheMeleon (fine-tuned),average,sensitivity,0.5718403937662055,0.1277234782102413
28.0,CheMeleon (fine-tuned),average,sensitivity,0.5717685877997785,0.12935245525796552
29.0,CheMeleon (fine-tuned),average,sensitivity,0.5734031485548935,0.1295137630607305
30.0,CheMeleon (fine-tuned),average,sensitivity,0.5738683083463096,0.12946094323670557
31.0,CheMeleon (fine-tuned),average,sensitivity,0.5725110845550188,0.13061551659542076
32.0,CheMeleon (fine-tuned),average,sensitivity,0.5714665053120488,0.13092923746373267
33.0,CheMeleon (fine-tuned),average,sensitivity,0.5721729611477209,0.13114365074678574
34.0,CheMeleon (fine-tuned),average,sensitivity,0.5712856786063426,0.13184866461030487
35.0,CheMeleon (fine-tuned),average,sensitivity,0.5722056131127288,0.13499726892018368
36.0,CheMeleon (fine-tuned),average,sensitivity,0.5692897126116668,0.13447229067904867
37.0,CheMeleon (fine-tuned),average,sensitivity,0.5715855538306895,0.13416090371398756
38.0,CheMeleon (fine-tuned),average,sensitivity,0.5702535218451379,0.13495298087651697
39.0,CheMeleon (fine-tuned),average,sensitivity,0.5720535156349109,0.13572540599968255
40.0,CheMeleon (fine-tuned),average,sensitivity,0.5722096470047954,0.13581543709839458
41.0,CheMeleon (fine-tuned),average,sensitivity,0.5721075606533765,0.13648915419303007
42.0,CheMeleon (fine-tuned),average,sensitivity,0.5703715249856901,0.13567604233390645
43.0,CheMeleon (fine-tuned),average,sensitivity,0.5718832070895526,0.13790295047887452
44.0,CheMeleon (fine-tuned),average,sensitivity,0.5695387237180635,0.13768143196232208
45.0,CheMeleon (fine-tuned),average,sensitivity,0.5723399961495674,0.1398035157233515
46.0,CheMeleon (fine-tuned),average,sensitivity,0.5687214847360385,0.13943113182037295
47.0,CheMeleon (fine-tuned),average,sensitivity,0.5701124831424123,0.13928871580167435
48.0,CheMeleon (fine-tuned),average,sensitivity,0.5690242693522932,0.1388592070992583
49.0,CheMeleon (fine-tuned),average,sensitivity,0.5685887832371488,0.1394257004936958
50.0,CheMeleon (fine-tuned),average,sensitivity,0.5673554380621435,0.14019694434293017
51.0,CheMeleon (fine-tuned),average,sensitivity,0.5669126802238277,0.14226948508858694
52.0,CheMeleon (fine-tuned),average,sensitivity,0.5661582827941557,0.14129031491784874
53.0,CheMeleon (fine-tuned),average,sensitivity,0.5689634097589297,0.14275890226408106
54.0,CheMeleon (fine-tuned),average,sensitivity,0.5673476840906406,0.14249018283479362
55.0,CheMeleon (fine-tuned),average,sensitivity,0.5680187059182807,0.1425462972386484
56.0,CheMeleon (fine-tuned),average,sensitivity,0.5682025130231932,0.1426567324771044
57.0,CheMeleon (fine-tuned),average,sensitivity,0.5676151375048576,0.14311794790127638
58.0,CheMeleon (fine-tuned),average,sensitivity,0.5674374798897218,0.14294253048169847
59.0,CheMeleon (fine-tuned),average,sensitivity,0.5682846524209441,0.14372246579674608
60.0,CheMeleon (fine-tuned),average,sensitivity,0.5690333393864336,0.14276497861417956
61.0,CheMeleon (fine-tuned),average,sensitivity,0.5694291298960112,0.14428012471340618
62.0,CheMeleon (fine-tuned),average,sensitivity,0.5689776016777243,0.14391023101751593
63.0,CheMeleon (fine-tuned),average,sensitivity,0.571268133684398,0.14466645376675297
64.0,CheMeleon (fine-tuned),average,sensitivity,0.5706517027087081,0.14361174224660087
65.0,CheMeleon (fine-tuned),average,sensitivity,0.5719200732949833,0.14517325566055814
66.0,CheMeleon (fine-tuned),average,sensitivity,0.5712432534277003,0.1450917285191982
67.0,CheMeleon (fine-tuned),average,sensitivity,0.5719730919236081,0.14552364946867366
68.0,CheMeleon (fine-tuned),average,sensitivity,0.5710148856925701,0.1469243788961433
69.0,CheMeleon (fine-tuned),average,sensitivity,0.5708367742260895,0.14655641595685578
70.0,CheMeleon (fine-tuned),average,sensitivity,0.5704957843912795,0.14521977043423398
71.0,CheMeleon (fine-tuned),average,sensitivity,0.570864851142876,0.146640969669632
72.0,CheMeleon (fine-tuned),average,sensitivity,0.5705087220315285,0.14801140658246198
73.0,CheMeleon (fine-tuned),average,sensitivity,0.569151208546277,0.14767427965406235
74.0,CheMeleon (fine-tuned),average,sensitivity,0.5692508572992796,0.14832140949837136
75.0,CheMeleon (fine-tuned),average,sensitivity,0.5686378796740703,0.1492245769329273
76.0,CheMeleon (fine-tuned),average,sensitivity,0.5669330757379527,0.1482269605020709
77.0,CheMeleon (fine-tuned),average,sensitivity,0.5672861777831809,0.1490680131205552
78.0,CheMeleon (fine-tuned),average,sensitivity,0.5668923591471743,0.1478740281572352
79.0,CheMeleon (fine-tuned),average,sensitivity,0.56700776453747,0.14955809471081122
80.0,CheMeleon (fine-tuned),average,sensitivity,0.5672648642944731,0.1478520319911829
81.0,CheMeleon (fine-tuned),average,sensitivity,0.5669768569626144,0.1505930548846607
82.0,CheMeleon (fine-tuned),average,sensitivity,0.5671741835793391,0.14995865498178035
83.0,CheMeleon (fine-tuned),average,sensitivity,0.5672086143739223,0.15021557793841733
84.0,CheMeleon (fine-tuned),average,sensitivity,0.5675741442943698,0.15145268597355283
85.0,CheMeleon (fine-tuned),average,sensitivity,0.5681786287574062,0.15215238001412434
86.0,CheMeleon (fine-tuned),average,sensitivity,0.5668014532099797,0.1512279855917336
87.0,CheMeleon (fine-tuned),average,sensitivity,0.5670437455198291,0.15058964583793796
88.0,CheMeleon (fine-tuned),average,sensitivity,0.5677733409426851,0.15105261408918158
89.0,CheMeleon (fine-tuned),average,sensitivity,0.5674519241918968,0.15191728671774477
90.0,CheMeleon (fine-tuned),average,sensitivity,0.5648953802393637,0.1526424359006085
91.0,CheMeleon (fine-tuned),average,sensitivity,0.5659533923436264,0.15218018289032217
92.0,CheMeleon (fine-tuned),average,sensitivity,0.5646499692271144,0.15315543089835895
93.0,CheMeleon (fine-tuned),average,sensitivity,0.5648330631433849,0.1544282840252667
94.0,CheMeleon (fine-tuned),average,sensitivity,0.5643343176248695,0.1538268406292584
95.0,CheMeleon (fine-tuned),average,sensitivity,0.5639790062504844,0.1536799658038529
96.0,CheMeleon (fine-tuned),average,sensitivity,0.5639446245550894,0.1542941608273901
97.0,CheMeleon (fine-tuned),average,sensitivity,0.5640962023307341,0.15482018836926395
98.0,CheMeleon (fine-tuned),average,sensitivity,0.5636508504328175,0.15497778098905426
99.0,CheMeleon (fine-tuned),average,sensitivity,0.5631023817580221,0.15598835352111928
100.0,CheMeleon (fine-tuned),average,sensitivity,0.5624766355679554,0.1556174898435051
101.0,CheMeleon (fine-tuned),average,sensitivity,0.5626116532039586,0.1554825091062834
102.0,CheMeleon (fine-tuned),average,sensitivity,0.5627429407547756,0.1562432548913227
103.0,CheMeleon (fine-tuned),average,sensitivity,0.5616236255560865,0.15600265503649344
104.0,CheMeleon (fine-tuned),average,sensitivity,0.5610917696736908,0.1567292741445984
105.0,CheMeleon (fine-tuned),average,sensitivity,0.5615473023523628,0.15786581503737876
106.0,CheMeleon (fine-tuned),average,sensitivity,0.5611528306884332,0.15747478434063394
107.0,CheMeleon (fine-tuned),average,sensitivity,0.5602450398579842,0.15876178941767033
108.0,CheMeleon (fine-tuned),average,sensitivity,0.561135256548177,0.15822526157964625
109.0,CheMeleon (fine-tuned),average,sensitivity,0.5606914722724231,0.1592013771516528
110.0,CheMeleon (fine-tuned),average,sensitivity,0.5606622548210274,0.15859766780406664
111.0,CheMeleon (fine-tuned),average,sensitivity,0.5605781890055536,0.15919042906256092
112.0,CheMeleon (fine-tuned),average,sensitivity,0.560374907851773,0.1579589358445778
113.0,CheMeleon (fine-tuned),average,sensitivity,0.559796860501167,0.15910735492847305
114.0,CheMeleon (fine-tuned),average,sensitivity,0.5591258942268778,0.15871990966401683
115.0,CheMeleon (fine-tuned),average,sensitivity,0.5585388299293806,0.15953501421820815
116.0,CheMeleon (fine-tuned),average,sensitivity,0.5592296753390812,0.15907683533755573
117.0,CheMeleon (fine-tuned),average,sensitivity,0.5597151417675943,0.15913148972544133
118.0,CheMeleon (fine-tuned),average,sensitivity,0.5589164165771191,0.15925798227425195
119.0,CheMeleon (fine-tuned),average,sensitivity,0.5593454141953772,0.15998232746003796
120.0,CheMeleon (fine-tuned),average,sensitivity,0.5583112622142878,0.15968253720002082
121.0,CheMeleon (fine-tuned),average,sensitivity,0.5595015951737768,0.15975788296109772
122.0,CheMeleon (fine-tuned),average,sensitivity,0.5582926361186681,0.16049616191254804
123.0,CheMeleon (fine-tuned),average,sensitivity,0.5583566944603611,0.16066036882816437
124.0,CheMeleon (fine-tuned),average,sensitivity,0.5575538702715865,0.1605026954244748
125.0,CheMeleon (fine-tuned),average,sensitivity,0.5587249601239787,0.16164868900361823
126.0,CheMeleon (fine-tuned),average,sensitivity,0.5578739769438683,0.1621947930157527
127.0,CheMeleon (fine-tuned),average,sensitivity,0.5586119566815985,0.16116535162829895
128.0,CheMeleon (fine-tuned),average,sensitivity,0.5577905763633929,0.1607108463629176
129.0,CheMeleon (fine-tuned),average,sensitivity,0.5577902490458275,0.16093919278549504
130.0,CheMeleon (fine-tuned),average,sensitivity,0.5571119703317462,0.16207267678835047
131.0,CheMeleon (fine-tuned),average,sensitivity,0.556238271488592,0.16139226498656767
132.0,CheMeleon (fine-tuned),average,sensitivity,0.5558290862523737,0.16136683709965663
133.0,CheMeleon (fine-tuned),average,sensitivity,0.5551109146214493,0.16222586417880067
134.0,CheMeleon (fine-tuned),average,sensitivity,0.5550459599509447,0.16132291769380713
135.0,CheMeleon (fine-tuned),average,sensitivity,0.5545539484493311,0.1634125516962918
136.0,CheMeleon (fine-tuned),average,sensitivity,0.5537165681768478,0.16283878230294413
137.0,CheMeleon (fine-tuned),average,sensitivity,0.5543475602018025,0.1648203575817141
138.0,CheMeleon (fine-tuned),average,sensitivity,0.5534650453446447,0.16340371620964697
139.0,CheMeleon (fine-tuned),average,sensitivity,0.5543391567853074,0.16492029018815557
140.0,CheMeleon (fine-tuned),average,sensitivity,0.5544233105568908,0.1635684904082549
141.0,CheMeleon (fine-tuned),average,sensitivity,0.5530755544582405,0.16333415289017103
142.0,CheMeleon (fine-tuned),average,sensitivity,0.5543692416182361,0.1630516806444217
143.0,CheMeleon (fine-tuned),average,sensitivity,0.5537861757078302,0.16372840501910832
144.0,CheMeleon (fine-tuned),average,sensitivity,0.5525801084555362,0.16346224222788602
145.0,CheMeleon (fine-tuned),average,sensitivity,0.5517738539894894,0.162993278700705
146.0,CheMeleon (fine-tuned),average,sensitivity,0.5520633816620594,0.16256933388906275
147.0,CheMeleon (fine-tuned),average,sensitivity,0.5518275542246773,0.16288298323039496
148.0,CheMeleon (fine-tuned),average,sensitivity,0.5512660173138256,0.16353541034620758
149.0,CheMeleon (fine-tuned),average,sensitivity,0.5512707877379444,0.16390158576949376
150.0,CheMeleon (fine-tuned),average,sensitivity,0.5506628269311676,0.16396614030286094
151.0,CheMeleon (fine-tuned),average,sensitivity,0.5504467718124691,0.16453180975745554
152.0,CheMeleon (fine-tuned),average,sensitivity,0.5497895950620447,0.1645470500466534
153.0,CheMeleon (fine-tuned),average,sensitivity,0.5500759847271687,0.1649813541523718
154.0,CheMeleon (fine-tuned),average,sensitivity,0.5488533799921662,0.16598128017447794
155.0,CheMeleon (fine-tuned),average,sensitivity,0.5500386848738134,0.1662639439645878
156.0,CheMeleon (fine-tuned),average,sensitivity,0.5481136251053906,0.16758704934414062
157.0,CheMeleon (fine-tuned),average,sensitivity,0.5503041171637181,0.1661040793209402
158.0,CheMeleon (fine-tuned),average,sensitivity,0.5486050092407107,0.16712984774752962
159.0,CheMeleon (fine-tuned),average,sensitivity,0.5486869632909357,0.16737674350369508
160.0,CheMeleon (fine-tuned),average,sensitivity,0.5477163414664953,0.1672594536893876
161.0,CheMeleon (fine-tuned),average,sensitivity,0.548051250234861,0.16794162826141149
162.0,CheMeleon (fine-tuned),average,sensitivity,0.546477822164511,0.16820821357938648
163.0,CheMeleon (fine-tuned),average,sensitivity,0.5463392557873571,0.16864257393988696
164.0,CheMeleon (fine-tuned),average,sensitivity,0.5465967982170686,0.16784421199888527
165.0,CheMeleon (fine-tuned),average,sensitivity,0.5467023182735613,0.16857843487774385
166.0,CheMeleon (fine-tuned),average,sensitivity,0.5460649427519639,0.1685440047145284
167.0,CheMeleon (fine-tuned),average,sensitivity,0.545778280262732,0.1691261175671174
168.0,CheMeleon (fine-tuned),average,sensitivity,0.545310985313881,0.16945797074433328
169.0,CheMeleon (fine-tuned),average,sensitivity,0.545548347298897,0.1700017973663231
170.0,CheMeleon (fine-tuned),average,sensitivity,0.5449965354216807,0.16955238439003933
171.0,CheMeleon (fine-tuned),average,sensitivity,0.544602927965348,0.1686894895379495
172.0,CheMeleon (fine-tuned),average,sensitivity,0.5442548513198857,0.16973233146359318
173.0,CheMeleon (fine-tuned),average,sensitivity,0.5442226314480554,0.16916845022187058
174.0,CheMeleon (fine-tuned),average,sensitivity,0.5438745371245307,0.16955916990928516
175.0,CheMeleon (fine-tuned),average,sensitivity,0.5439694837664212,0.16943617128765573
176.0,CheMeleon (fine-tuned),average,sensitivity,0.5435660966765797,0.16981474488426362
177.0,CheMeleon (fine-tuned),average,sensitivity,0.5430628770084949,0.1703111412638816
178.0,CheMeleon (fine-tuned),average,sensitivity,0.5427660988284372,0.17039304602330688
179.0,CheMeleon (fine-tuned),average,sensitivity,0.5426272386658987,0.17132933996235464
180.0,CheMeleon (fine-tuned),average,sensitivity,0.5426286180999359,0.17068378799316622
181.0,CheMeleon (fine-tuned),average,sensitivity,0.5425572056344257,0.1709796437331948
182.0,CheMeleon (fine-tuned),average,sensitivity,0.5426948766066445,0.17060250211873706
183.0,CheMeleon (fine-tuned),average,sensitivity,0.5420217196261183,0.17113842966975895
184.0,CheMeleon (fine-tuned),average,sensitivity,0.5409305669025148,0.17065561937286333
185.0,CheMeleon (fine-tuned),average,sensitivity,0.5412371036549432,0.17084797531044094
186.0,CheMeleon (fine-tuned),average,sensitivity,0.5411434754779246,0.17043541590784042
187.0,CheMeleon (fine-tuned),average,sensitivity,0.5416506763570523,0.17173977675364352
188.0,CheMeleon (fine-tuned),average,sensitivity,0.539440545903142,0.17164753965576185
189.0,CheMeleon (fine-tuned),average,sensitivity,0.5411163415631064,0.17173311138271094
190.0,CheMeleon (fine-tuned),average,sensitivity,0.5406406556370212,0.17110525679774902
191.0,CheMeleon (fine-tuned),average,sensitivity,0.540900116162936,0.1712262079310047
192.0,CheMeleon (fine-tuned),average,sensitivity,0.5397841184890599,0.17102119254099404
193.0,CheMeleon (fine-tuned),average,sensitivity,0.5393770615119445,0.1718278090595712
194.0,CheMeleon (fine-tuned),average,sensitivity,0.5393816140392943,0.17156458669152913
195.0,CheMeleon (fine-tuned),average,sensitivity,0.5389467268743662,0.17242619519204233
196.0,CheMeleon (fine-tuned),average,sensitivity,0.5386068797450693,0.17248994110825036
197.0,CheMeleon (fine-tuned),average,sensitivity,0.5383522957247,0.1727079446995519
198.0,CheMeleon (fine-tuned),average,sensitivity,0.5378236387193102,0.17302343777423004
199.0,CheMeleon (fine-tuned),average,sensitivity,0.537968608021975,0.1731420125851116
200.0,CheMeleon (fine-tuned),average,sensitivity,0.5378075494021877,0.17331638314941458
1.0,Chemprop (default),average,sensitivity,0.5309539638561293,0.1130410658147627
2.0,Chemprop (default),average,sensitivity,0.5309539638561293,0.1130410658147627
3.0,Chemprop (default),average,sensitivity,0.5393425378575213,0.12758633074006687
4.0,Chemprop (default),average,sensitivity,0.5422320794790152,0.12268627534671182
5.0,Chemprop (default),average,sensitivity,0.5436661191512027,0.13367693327971525
6.0,Chemprop (default),average,sensitivity,0.5419310709900461,0.13464708815938972
7.0,Chemprop (default),average,sensitivity,0.5384505824653268,0.1390244056908712
8.0,Chemprop (default),average,sensitivity,0.5446780458294517,0.13506326977442362
9.0,Chemprop (default),average,sensitivity,0.5413022163126083,0.14625983367490192
10.0,Chemprop (default),average,sensitivity,0.542724202200515,0.1443249853728807
11.0,Chemprop (default),average,sensitivity,0.5408700537839913,0.14870935572424399
12.0,Chemprop (default),average,sensitivity,0.5445644855045677,0.14508411085603615
13.0,Chemprop (default),average,sensitivity,0.5435365943718183,0.1461761312357911
14.0,Chemprop (default),average,sensitivity,0.5478778100180861,0.1448688976050958
15.0,Chemprop (default),average,sensitivity,0.5441208461395495,0.14899355942273962
16.0,Chemprop (default),average,sensitivity,0.5455075328761023,0.14967611073554427
17.0,Chemprop (default),average,sensitivity,0.5417698863427876,0.14899581635801565
18.0,Chemprop (default),average,sensitivity,0.5452590436366083,0.14919030248747167
19.0,Chemprop (default),average,sensitivity,0.5426945837773625,0.1503166790169206
20.0,Chemprop (default),average,sensitivity,0.5449745198294513,0.14995921223892117
21.0,Chemprop (default),average,sensitivity,0.5432422355715051,0.1500948104760723
22.0,Chemprop (default),average,sensitivity,0.5454610497482911,0.15105275600093673
23.0,Chemprop (default),average,sensitivity,0.5435704598457479,0.15237010671910464
24.0,Chemprop (default),average,sensitivity,0.5465760711341607,0.15126338703709327
25.0,Chemprop (default),average,sensitivity,0.5449476535647878,0.15363164361107526
26.0,Chemprop (default),average,sensitivity,0.5458132312152353,0.15384206919013924
27.0,Chemprop (default),average,sensitivity,0.5430358577839364,0.1539040001582523
28.0,Chemprop (default),average,sensitivity,0.5463764438376293,0.15220047153988286
29.0,Chemprop (default),average,sensitivity,0.5449436943862467,0.1528655444937434
30.0,Chemprop (default),average,sensitivity,0.547574721760063,0.1513891485757744
31.0,Chemprop (default),average,sensitivity,0.5452505049677105,0.15512797919695953
32.0,Chemprop (default),average,sensitivity,0.5470615729558224,0.15310846231760672
33.0,Chemprop (default),average,sensitivity,0.544386762464137,0.15471178858925308
34.0,Chemprop (default),average,sensitivity,0.5447563462114812,0.1545743461539731
35.0,Chemprop (default),average,sensitivity,0.5445378783359182,0.15494958755471472
36.0,Chemprop (default),average,sensitivity,0.5437398013631133,0.1556615724823708
37.0,Chemprop (default),average,sensitivity,0.5436130263500207,0.1579319159726779
38.0,Chemprop (default),average,sensitivity,0.5436810475600256,0.15709940573081824
39.0,Chemprop (default),average,sensitivity,0.544200466846724,0.15691534622308367
40.0,Chemprop (default),average,sensitivity,0.5449150773776552,0.15755919835445895
41.0,Chemprop (default),average,sensitivity,0.5434541723802851,0.15743489038568884
42.0,Chemprop (default),average,sensitivity,0.5451109003565879,0.15762201593773997
43.0,Chemprop (default),average,sensitivity,0.5439453583243729,0.15757257491734453
44.0,Chemprop (default),average,sensitivity,0.5449578239711509,0.15722936039715293
45.0,Chemprop (default),average,sensitivity,0.5438001258461138,0.15798438370915538
46.0,Chemprop (default),average,sensitivity,0.5438290671560927,0.15818137575367328
47.0,Chemprop (default),average,sensitivity,0.5429531595646085,0.1591811933224533
48.0,Chemprop (default),average,sensitivity,0.5442960936155368,0.15729144581410123
49.0,Chemprop (default),average,sensitivity,0.5446059230744084,0.15810558280003995
50.0,Chemprop (default),average,sensitivity,0.5446511675035229,0.1580650663508463
51.0,Chemprop (default),average,sensitivity,0.5441752341558422,0.15830522361096297
52.0,Chemprop (default),average,sensitivity,0.5434272134084912,0.1596632323865127
53.0,Chemprop (default),average,sensitivity,0.543524171507058,0.15926647656383164
54.0,Chemprop (default),average,sensitivity,0.5438243112933463,0.15972904558732565
55.0,Chemprop (default),average,sensitivity,0.5435748196212898,0.16019624290280193
56.0,Chemprop (default),average,sensitivity,0.543806480886843,0.1606712463065619
57.0,Chemprop (default),average,sensitivity,0.5433917064285542,0.16159222857332264
58.0,Chemprop (default),average,sensitivity,0.5445752550785693,0.1616294184610724
59.0,Chemprop (default),average,sensitivity,0.5435238638942487,0.16241647523129
60.0,Chemprop (default),average,sensitivity,0.5435362467843587,0.16232447332200764
61.0,Chemprop (default),average,sensitivity,0.5433899242756752,0.1634667100065882
62.0,Chemprop (default),average,sensitivity,0.5438811080363714,0.16270192184983034
63.0,Chemprop (default),average,sensitivity,0.5438705650556792,0.16346568095563438
64.0,Chemprop (default),average,sensitivity,0.5437446617090389,0.16397143768423894
65.0,Chemprop (default),average,sensitivity,0.5414635234588053,0.16358127162149866
66.0,Chemprop (default),average,sensitivity,0.54238150049754,0.16425185433808515
67.0,Chemprop (default),average,sensitivity,0.541487910148042,0.16457420356010813
68.0,Chemprop (default),average,sensitivity,0.5417970272178081,0.16424411055308458
69.0,Chemprop (default),average,sensitivity,0.5415840552319144,0.16408362286449107
70.0,Chemprop (default),average,sensitivity,0.5399389009044178,0.16381164875949691
71.0,Chemprop (default),average,sensitivity,0.5411397633937143,0.16381879337117122
72.0,Chemprop (default),average,sensitivity,0.5416987546057475,0.16455131261715486
73.0,Chemprop (default),average,sensitivity,0.5416674099982215,0.16442609352125917
74.0,Chemprop (default),average,sensitivity,0.5423366852676713,0.16474447359592118
75.0,Chemprop (default),average,sensitivity,0.5411240815864842,0.16546921202087533
76.0,Chemprop (default),average,sensitivity,0.5403351198036951,0.1660751951515042
77.0,Chemprop (default),average,sensitivity,0.5401426520509852,0.16659450205892506
78.0,Chemprop (default),average,sensitivity,0.5391821872941321,0.16575736813190772
79.0,Chemprop (default),average,sensitivity,0.5383418650367622,0.16650499344521535
80.0,Chemprop (default),average,sensitivity,0.5380412618331871,0.16534417837004614
81.0,Chemprop (default),average,sensitivity,0.5378251188725662,0.1661163531685494
82.0,Chemprop (default),average,sensitivity,0.5396707375418351,0.16634451908947587
83.0,Chemprop (default),average,sensitivity,0.5387356064557371,0.16701681843418154
84.0,Chemprop (default),average,sensitivity,0.5381558587417108,0.16785618729901625
85.0,Chemprop (default),average,sensitivity,0.537575490452968,0.16831589709494968
86.0,Chemprop (default),average,sensitivity,0.5382442553308562,0.16736811922597347
87.0,Chemprop (default),average,sensitivity,0.5378360025640386,0.16802374720778263
88.0,Chemprop (default),average,sensitivity,0.5370303725442915,0.1683628474745052
89.0,Chemprop (default),average,sensitivity,0.536764848834561,0.16872389924264009
90.0,Chemprop (default),average,sensitivity,0.5374402354706158,0.16875357923709744
91.0,Chemprop (default),average,sensitivity,0.538342041355631,0.16752990427293832
92.0,Chemprop (default),average,sensitivity,0.5382072044682119,0.16875035126501486
93.0,Chemprop (default),average,sensitivity,0.5385910911617809,0.16843040254297184
94.0,Chemprop (default),average,sensitivity,0.5385783957369931,0.16968640347091535
95.0,Chemprop (default),average,sensitivity,0.5377393987290028,0.168831920426681
96.0,Chemprop (default),average,sensitivity,0.5371285592651017,0.16981039608635654
97.0,Chemprop (default),average,sensitivity,0.5383014792843719,0.1688444875915476
98.0,Chemprop (default),average,sensitivity,0.5384652050958295,0.16910769681157367
99.0,Chemprop (default),average,sensitivity,0.5382848852375942,0.1686881702270037
100.0,Chemprop (default),average,sensitivity,0.5372380811511475,0.1697391383925053
101.0,Chemprop (default),average,sensitivity,0.5371597004314613,0.16957880911845039
102.0,Chemprop (default),average,sensitivity,0.536193316517204,0.16999938801882383
103.0,Chemprop (default),average,sensitivity,0.536915943446621,0.17032995136831863
104.0,Chemprop (default),average,sensitivity,0.5363796525118755,0.17088042273998813
105.0,Chemprop (default),average,sensitivity,0.5368880894612227,0.17017239273382895
106.0,Chemprop (default),average,sensitivity,0.5353675058525542,0.17145088310961273
107.0,Chemprop (default),average,sensitivity,0.5370857277111969,0.17044646039598424
108.0,Chemprop (default),average,sensitivity,0.5364645525449686,0.17090002514400063
109.0,Chemprop (default),average,sensitivity,0.5361392959705297,0.17085275353504678
110.0,Chemprop (default),average,sensitivity,0.5359923277621432,0.1714335130928539
111.0,Chemprop (default),average,sensitivity,0.5359283629271405,0.17127502233355177
112.0,Chemprop (default),average,sensitivity,0.5355215681034914,0.17155328057023897
113.0,Chemprop (default),average,sensitivity,0.5349601097431728,0.17145506717141829
114.0,Chemprop (default),average,sensitivity,0.5342412559426688,0.17205654179695332
115.0,Chemprop (default),average,sensitivity,0.5338849542210966,0.170709111023105
116.0,Chemprop (default),average,sensitivity,0.5340080682301362,0.17258961570480566
117.0,Chemprop (default),average,sensitivity,0.5338877379277333,0.17108178845156252
118.0,Chemprop (default),average,sensitivity,0.5334119420386747,0.1718121789377984
119.0,Chemprop (default),average,sensitivity,0.5320336278499689,0.17176557769611686
120.0,Chemprop (default),average,sensitivity,0.5314168187905295,0.17284744782346173
121.0,Chemprop (default),average,sensitivity,0.5314062735058843,0.17213376806562508
122.0,Chemprop (default),average,sensitivity,0.5311789861440748,0.17252057829543474
123.0,Chemprop (default),average,sensitivity,0.5312975022787343,0.17192615427841831
124.0,Chemprop (default),average,sensitivity,0.5309522946117592,0.1737037151557324
125.0,Chemprop (default),average,sensitivity,0.5310072242062276,0.1731873103436335
126.0,Chemprop (default),average,sensitivity,0.5328478180370151,0.17311045120379845
127.0,Chemprop (default),average,sensitivity,0.5321471700333043,0.17304121044457932
128.0,Chemprop (default),average,sensitivity,0.5321343884164594,0.17314367271297773
129.0,Chemprop (default),average,sensitivity,0.5323079441440709,0.17317971914461464
130.0,Chemprop (default),average,sensitivity,0.5323914091744736,0.17319253437237472
131.0,Chemprop (default),average,sensitivity,0.5331697567625199,0.1735072961799448
132.0,Chemprop (default),average,sensitivity,0.5319029034523145,0.17284452824094693
133.0,Chemprop (default),average,sensitivity,0.5329637119239232,0.17294260892034313
134.0,Chemprop (default),average,sensitivity,0.5329594748471124,0.17434408734166534
135.0,Chemprop (default),average,sensitivity,0.5336782863607091,0.1735352368809439
136.0,Chemprop (default),average,sensitivity,0.5327165133884454,0.17417196694879947
137.0,Chemprop (default),average,sensitivity,0.5323381210532387,0.17369945696485992
138.0,Chemprop (default),average,sensitivity,0.5327210727581309,0.17440141852286395
139.0,Chemprop (default),average,sensitivity,0.5315950101434865,0.17434166537416265
140.0,Chemprop (default),average,sensitivity,0.5309037172750036,0.17386305551832473
141.0,Chemprop (default),average,sensitivity,0.5306447261989512,0.1738982091805072
142.0,Chemprop (default),average,sensitivity,0.5307505764349748,0.1745348356140626
143.0,Chemprop (default),average,sensitivity,0.529470302566545,0.17508592061918946
144.0,Chemprop (default),average,sensitivity,0.5300312488321389,0.1744882353244967
145.0,Chemprop (default),average,sensitivity,0.5295318077777004,0.17515669242872395
146.0,Chemprop (default),average,sensitivity,0.5294465909258246,0.175246727976639
147.0,Chemprop (default),average,sensitivity,0.5290495569866377,0.17687458393474617
148.0,Chemprop (default),average,sensitivity,0.5294140261919538,0.17656373237989215
149.0,Chemprop (default),average,sensitivity,0.5300211051822791,0.17732286390458732
150.0,Chemprop (default),average,sensitivity,0.5299304390971937,0.17657923591569027
151.0,Chemprop (default),average,sensitivity,0.5291275200262797,0.17838994289875723
152.0,Chemprop (default),average,sensitivity,0.5286248981108527,0.17792461926365538
153.0,Chemprop (default),average,sensitivity,0.5289977468505928,0.17771901996431194
154.0,Chemprop (default),average,sensitivity,0.5292171260530874,0.1784411153442904
155.0,Chemprop (default),average,sensitivity,0.52809929295189,0.1789492823449521
156.0,Chemprop (default),average,sensitivity,0.5295144537579602,0.17921977141070924
157.0,Chemprop (default),average,sensitivity,0.5277570248752815,0.17996183079544026
158.0,Chemprop (default),average,sensitivity,0.5292562612583877,0.17965035881140337
159.0,Chemprop (default),average,sensitivity,0.5290947772255908,0.18014746979868662
160.0,Chemprop (default),average,sensitivity,0.5296240507552229,0.18006410676628776
161.0,Chemprop (default),average,sensitivity,0.5285344646616695,0.18018595287959763
162.0,Chemprop (default),average,sensitivity,0.5283923771526343,0.17990019316007316
163.0,Chemprop (default),average,sensitivity,0.5284526327476993,0.180127440809474
164.0,Chemprop (default),average,sensitivity,0.528606000501472,0.18060123128246855
165.0,Chemprop (default),average,sensitivity,0.527987849319299,0.1810690072016112
166.0,Chemprop (default),average,sensitivity,0.5277474799574234,0.18149704825931554
167.0,Chemprop (default),average,sensitivity,0.5271938503449133,0.1818094115414101
168.0,Chemprop (default),average,sensitivity,0.5266931033408327,0.18245621329282183
169.0,Chemprop (default),average,sensitivity,0.5271670019900815,0.182729389035564
170.0,Chemprop (default),average,sensitivity,0.5269709949398781,0.1826276916940591
171.0,Chemprop (default),average,sensitivity,0.527005253860369,0.18316094640600378
172.0,Chemprop (default),average,sensitivity,0.5259158389684722,0.18265309083246767
173.0,Chemprop (default),average,sensitivity,0.5262961957401392,0.18352464853139897
174.0,Chemprop (default),average,sensitivity,0.5258639144073672,0.18358585237083533
175.0,Chemprop (default),average,sensitivity,0.5263463150358709,0.18354412435625195
176.0,Chemprop (default),average,sensitivity,0.5252552563824121,0.18368788481341614
177.0,Chemprop (default),average,sensitivity,0.5252569674854324,0.18355997427867776
178.0,Chemprop (default),average,sensitivity,0.5242217436374241,0.18331060612797315
179.0,Chemprop (default),average,sensitivity,0.5250617944259214,0.18379155997043103
180.0,Chemprop (default),average,sensitivity,0.523285416305227,0.1841341899297962
181.0,Chemprop (default),average,sensitivity,0.5235821395256851,0.18382606723811878
182.0,Chemprop (default),average,sensitivity,0.5229569347164308,0.18406536980630425
183.0,Chemprop (default),average,sensitivity,0.522284119666526,0.18485474936051796
184.0,Chemprop (default),average,sensitivity,0.5210521967696855,0.18379283590860937
185.0,Chemprop (default),average,sensitivity,0.5213119735153575,0.1845741307291898
186.0,Chemprop (default),average,sensitivity,0.5211278496645506,0.18375664140069903
187.0,Chemprop (default),average,sensitivity,0.520712306192985,0.18422863480983415
188.0,Chemprop (default),average,sensitivity,0.5204320156024769,0.18398873250061973
189.0,Chemprop (default),average,sensitivity,0.5200381265939987,0.1851923691848241
190.0,Chemprop (default),average,sensitivity,0.5203535580037312,0.18491312515346883
191.0,Chemprop (default),average,sensitivity,0.519863530010051,0.18609280830674418
192.0,Chemprop (default),average,sensitivity,0.5200995421247219,0.186539506847219
193.0,Chemprop (default),average,sensitivity,0.5202877692128444,0.18628831795351328
194.0,Chemprop (default),average,sensitivity,0.518850124621903,0.18570138882699277
195.0,Chemprop (default),average,sensitivity,0.5189542841509083,0.1864104181199078
196.0,Chemprop (default),average,sensitivity,0.5192874577769431,0.18615060916803866
197.0,Chemprop (default),average,sensitivity,0.5188240957583958,0.18703114444104735
198.0,Chemprop (default),average,sensitivity,0.5180759602343737,0.18699651531345468
199.0,Chemprop (default),average,sensitivity,0.5180676831542173,0.18764773578189095
200.0,Chemprop (default),average,sensitivity,0.5167965879396097,0.1878414097340341
1.0,Chemprop (large),average,sensitivity,0.5328721885988679,0.12461150136510102
2.0,Chemprop (large),average,sensitivity,0.5328721885988679,0.12461150136510102
3.0,Chemprop (large),average,sensitivity,0.5385334998568794,0.1249573865900701
4.0,Chemprop (large),average,sensitivity,0.539109638468364,0.1250134267311956
5.0,Chemprop (large),average,sensitivity,0.544068804087065,0.12822560161559757
6.0,Chemprop (large),average,sensitivity,0.542917455892254,0.12782955879751287
7.0,Chemprop (large),average,sensitivity,0.5460634228736834,0.12997102322010684
8.0,Chemprop (large),average,sensitivity,0.5469196310252478,0.12924825385730604
9.0,Chemprop (large),average,sensitivity,0.5492607852071089,0.13077061529611353
10.0,Chemprop (large),average,sensitivity,0.5480503932016254,0.13156282004630918
11.0,Chemprop (large),average,sensitivity,0.547265399388681,0.13144573019563513
12.0,Chemprop (large),average,sensitivity,0.5466103450190684,0.13099480259188362
13.0,Chemprop (large),average,sensitivity,0.5473864236627082,0.13267390068538037
14.0,Chemprop (large),average,sensitivity,0.5484032321557082,0.13398540294294245
15.0,Chemprop (large),average,sensitivity,0.5487686193646109,0.13516484226925898
16.0,Chemprop (large),average,sensitivity,0.549048744130139,0.13472049980840603
17.0,Chemprop (large),average,sensitivity,0.5501898743065484,0.13519209938522242
18.0,Chemprop (large),average,sensitivity,0.5492141031433628,0.13445750463175193
19.0,Chemprop (large),average,sensitivity,0.5515567234654734,0.13513888425190848
20.0,Chemprop (large),average,sensitivity,0.5504115392934693,0.13502896736806624
21.0,Chemprop (large),average,sensitivity,0.5524515202734331,0.1352439312882325
22.0,Chemprop (large),average,sensitivity,0.5521299065393187,0.1349470493455047
23.0,Chemprop (large),average,sensitivity,0.5517100407893945,0.13472565621622956
24.0,Chemprop (large),average,sensitivity,0.5511059183043244,0.13453266322951027
25.0,Chemprop (large),average,sensitivity,0.5525057156412602,0.1349134653184306
26.0,Chemprop (large),average,sensitivity,0.5509860906454265,0.1341070066632614
27.0,Chemprop (large),average,sensitivity,0.5521062517277652,0.13425404180734907
28.0,Chemprop (large),average,sensitivity,0.5510659881271719,0.13492472010650172
29.0,Chemprop (large),average,sensitivity,0.552149797305362,0.1343121286541233
30.0,Chemprop (large),average,sensitivity,0.5513465375063725,0.13548639001891088
31.0,Chemprop (large),average,sensitivity,0.5524344202228793,0.13487051420121926
32.0,Chemprop (large),average,sensitivity,0.5524829104134921,0.1361163689930836
33.0,Chemprop (large),average,sensitivity,0.552547858308028,0.13524461002737104
34.0,Chemprop (large),average,sensitivity,0.5522113750926502,0.13477073873072226
35.0,Chemprop (large),average,sensitivity,0.5527837283627084,0.13518146477508375
36.0,Chemprop (large),average,sensitivity,0.5523405166719038,0.13494103939842958
37.0,Chemprop (large),average,sensitivity,0.5521965626496822,0.13453151958739795
38.0,Chemprop (large),average,sensitivity,0.552064305132107,0.13516288956915384
39.0,Chemprop (large),average,sensitivity,0.5525460919821346,0.1344883810535478
40.0,Chemprop (large),average,sensitivity,0.5527623328841083,0.135369981063868
41.0,Chemprop (large),average,sensitivity,0.5527570677120319,0.13500254359725147
42.0,Chemprop (large),average,sensitivity,0.5531409713418448,0.1346994171129741
43.0,Chemprop (large),average,sensitivity,0.5525074725603455,0.13481904178188917
44.0,Chemprop (large),average,sensitivity,0.5523917482333716,0.13408940774273773
45.0,Chemprop (large),average,sensitivity,0.5531520177535338,0.13477281533754984
46.0,Chemprop (large),average,sensitivity,0.5534599241112143,0.1346999623730211
47.0,Chemprop (large),average,sensitivity,0.5528567183535233,0.13472613848122375
48.0,Chemprop (large),average,sensitivity,0.552536738557189,0.13552224483144987
49.0,Chemprop (large),average,sensitivity,0.5533341089987716,0.13568930087838407
50.0,Chemprop (large),average,sensitivity,0.5527220829209144,0.13544754910085932
51.0,Chemprop (large),average,sensitivity,0.5524917308339412,0.13531234267157363
52.0,Chemprop (large),average,sensitivity,0.5528536901133821,0.13591261573857152
53.0,Chemprop (large),average,sensitivity,0.5528439866077808,0.13598853033819905
54.0,Chemprop (large),average,sensitivity,0.5526371843900746,0.13592363094141088
55.0,Chemprop (large),average,sensitivity,0.5528714827470192,0.1364744813105421
56.0,Chemprop (large),average,sensitivity,0.551717894851453,0.13615939355170448
57.0,Chemprop (large),average,sensitivity,0.5524183587886055,0.13676389106248096
58.0,Chemprop (large),average,sensitivity,0.5526492951478511,0.13751944546123307
59.0,Chemprop (large),average,sensitivity,0.5529684983356834,0.13674019121932054
60.0,Chemprop (large),average,sensitivity,0.5532923311618905,0.13801611166255967
61.0,Chemprop (large),average,sensitivity,0.5523740591078327,0.13661467633216642
62.0,Chemprop (large),average,sensitivity,0.5533521004280385,0.13765653854094698
63.0,Chemprop (large),average,sensitivity,0.5531294179995405,0.13776280205426458
64.0,Chemprop (large),average,sensitivity,0.5529740142222216,0.13688471421588327
65.0,Chemprop (large),average,sensitivity,0.553153607972396,0.13721241590000502
66.0,Chemprop (large),average,sensitivity,0.5538345084772254,0.13676396275385017
67.0,Chemprop (large),average,sensitivity,0.5533121483422154,0.13730179899510478
68.0,Chemprop (large),average,sensitivity,0.5539053453690552,0.1373822032133904
69.0,Chemprop (large),average,sensitivity,0.5535638020587804,0.13732286711680344
70.0,Chemprop (large),average,sensitivity,0.5542628819710864,0.13680501807560577
71.0,Chemprop (large),average,sensitivity,0.5541519008334518,0.13722360535197467
72.0,Chemprop (large),average,sensitivity,0.5541493077917057,0.13752336534007786
73.0,Chemprop (large),average,sensitivity,0.5537778317840055,0.1371734942631829
74.0,Chemprop (large),average,sensitivity,0.5542560038626712,0.1372664057570105
75.0,Chemprop (large),average,sensitivity,0.5534839090943225,0.13673678213629886
76.0,Chemprop (large),average,sensitivity,0.5544241444842539,0.13731674629224597
77.0,Chemprop (large),average,sensitivity,0.5534458494741714,0.1368771786643095
78.0,Chemprop (large),average,sensitivity,0.5540504466646575,0.13663084415405466
79.0,Chemprop (large),average,sensitivity,0.5542413922591225,0.13707508458112413
80.0,Chemprop (large),average,sensitivity,0.5544379175162901,0.137410994721814
81.0,Chemprop (large),average,sensitivity,0.5538356654248029,0.13736774398609247
82.0,Chemprop (large),average,sensitivity,0.554871745764615,0.13732347684091156
83.0,Chemprop (large),average,sensitivity,0.5536699318854127,0.1378440018620506
84.0,Chemprop (large),average,sensitivity,0.5543931901012894,0.1374005097103052
85.0,Chemprop (large),average,sensitivity,0.5541401589255751,0.13790549741695593
86.0,Chemprop (large),average,sensitivity,0.5539569959171134,0.1371951242608331
87.0,Chemprop (large),average,sensitivity,0.5538406182057208,0.13790137079545464
88.0,Chemprop (large),average,sensitivity,0.5539796621573322,0.13767030238383562
89.0,Chemprop (large),average,sensitivity,0.5542638366718545,0.13782149755717263
90.0,Chemprop (large),average,sensitivity,0.5537483734663001,0.13761763503850413
91.0,Chemprop (large),average,sensitivity,0.5539947137439301,0.13809599236599696
92.0,Chemprop (large),average,sensitivity,0.5540855410493006,0.13803163653441264
93.0,Chemprop (large),average,sensitivity,0.5545332605241575,0.13792822886223746
94.0,Chemprop (large),average,sensitivity,0.5537545127347238,0.13784001896251502
95.0,Chemprop (large),average,sensitivity,0.5541688515174664,0.13875777131401573
96.0,Chemprop (large),average,sensitivity,0.5533966977028925,0.13826201900792698
97.0,Chemprop (large),average,sensitivity,0.5541088877048677,0.13910170437352842
98.0,Chemprop (large),average,sensitivity,0.5536502132768529,0.13874788204720767
99.0,Chemprop (large),average,sensitivity,0.5547116178737547,0.13980219481583944
100.0,Chemprop (large),average,sensitivity,0.5538098145271495,0.1386073749099011
101.0,Chemprop (large),average,sensitivity,0.5542730331203752,0.1394886054136069
102.0,Chemprop (large),average,sensitivity,0.5541532241674606,0.13916313434307798
103.0,Chemprop (large),average,sensitivity,0.5541782255723602,0.1394720741233684
104.0,Chemprop (large),average,sensitivity,0.5539218176787313,0.13932718533309943
105.0,Chemprop (large),average,sensitivity,0.5546428604690978,0.13950511950646868
106.0,Chemprop (large),average,sensitivity,0.5540971772635183,0.13943849696524377
107.0,Chemprop (large),average,sensitivity,0.55398045903113,0.1397909760502823
108.0,Chemprop (large),average,sensitivity,0.5542851019848255,0.13931445743473742
109.0,Chemprop (large),average,sensitivity,0.5541649451501012,0.13927494972897211
110.0,Chemprop (large),average,sensitivity,0.5544244360827658,0.13888749722563093
111.0,Chemprop (large),average,sensitivity,0.5547719300616383,0.13949488977881289
112.0,Chemprop (large),average,sensitivity,0.5541988302265733,0.13936939518534824
113.0,Chemprop (large),average,sensitivity,0.5540720467876986,0.13988953978781443
114.0,Chemprop (large),average,sensitivity,0.5535788421111195,0.1400294024772497
115.0,Chemprop (large),average,sensitivity,0.5537884890417373,0.14049792617756782
116.0,Chemprop (large),average,sensitivity,0.5536847039648688,0.1402799817891656
117.0,Chemprop (large),average,sensitivity,0.5535616573528412,0.14036645010749205
118.0,Chemprop (large),average,sensitivity,0.5538774160481027,0.14032599146677954
119.0,Chemprop (large),average,sensitivity,0.5536858430100586,0.14041186455958551
120.0,Chemprop (large),average,sensitivity,0.5534446863340989,0.14105361526377727
121.0,Chemprop (large),average,sensitivity,0.5532972896499414,0.1405348400690786
122.0,Chemprop (large),average,sensitivity,0.5528407616683325,0.14021322606876213
123.0,Chemprop (large),average,sensitivity,0.552085101910826,0.1406676383814669
124.0,Chemprop (large),average,sensitivity,0.5526959147292778,0.14065990280907187
125.0,Chemprop (large),average,sensitivity,0.552384370789198,0.14074734434309963
126.0,Chemprop (large),average,sensitivity,0.5522714205020709,0.14085552818634378
127.0,Chemprop (large),average,sensitivity,0.5516369926563052,0.14083791151151887
128.0,Chemprop (large),average,sensitivity,0.5524026831107722,0.1414946062370473
129.0,Chemprop (large),average,sensitivity,0.5527092322797672,0.14089795168786953
130.0,Chemprop (large),average,sensitivity,0.5526943919161998,0.1412437889128604
131.0,Chemprop (large),average,sensitivity,0.5522096741118192,0.1411119732670405
132.0,Chemprop (large),average,sensitivity,0.5520108276425882,0.14159156349369964
133.0,Chemprop (large),average,sensitivity,0.5527887728688876,0.1408012720995904
134.0,Chemprop (large),average,sensitivity,0.5516563536400487,0.14155632009476019
135.0,Chemprop (large),average,sensitivity,0.5518109282496896,0.14154762293738712
136.0,Chemprop (large),average,sensitivity,0.5520435134437346,0.14150475349330421
137.0,Chemprop (large),average,sensitivity,0.5516070442855324,0.14129954109192785
138.0,Chemprop (large),average,sensitivity,0.5516363475794933,0.14141167667373733
139.0,Chemprop (large),average,sensitivity,0.5515336022296068,0.14083965590923914
140.0,Chemprop (large),average,sensitivity,0.5514405702711824,0.14108820995685206
141.0,Chemprop (large),average,sensitivity,0.5516462899625911,0.14116437461866194
142.0,Chemprop (large),average,sensitivity,0.5509850403931364,0.14118327774771552
143.0,Chemprop (large),average,sensitivity,0.5513064271070955,0.14078408458015226
144.0,Chemprop (large),average,sensitivity,0.5515657420618648,0.14139745174636703
145.0,Chemprop (large),average,sensitivity,0.5516206205562101,0.14151953875537865
146.0,Chemprop (large),average,sensitivity,0.5510581980432309,0.14214219039511153
147.0,Chemprop (large),average,sensitivity,0.5507197910601545,0.14209832781962986
148.0,Chemprop (large),average,sensitivity,0.550497422184666,0.14180417737573317
149.0,Chemprop (large),average,sensitivity,0.5500869957559992,0.1415014133581098
150.0,Chemprop (large),average,sensitivity,0.5502182484140635,0.14203412080819994
151.0,Chemprop (large),average,sensitivity,0.5503533899162804,0.14186018644552875
152.0,Chemprop (large),average,sensitivity,0.5499974707244571,0.1424946244967356
153.0,Chemprop (large),average,sensitivity,0.5506851593106911,0.14227761631190852
154.0,Chemprop (large),average,sensitivity,0.5506197928216341,0.14224274345860263
155.0,Chemprop (large),average,sensitivity,0.5496167195708839,0.14244087831788588
156.0,Chemprop (large),average,sensitivity,0.550006886459536,0.1424006408661791
157.0,Chemprop (large),average,sensitivity,0.5491377370542405,0.14267579004080908
158.0,Chemprop (large),average,sensitivity,0.5492858024766485,0.14300789866883043
159.0,Chemprop (large),average,sensitivity,0.5487684544700953,0.14286795082877088
160.0,Chemprop (large),average,sensitivity,0.5490051644834409,0.14326318865493334
161.0,Chemprop (large),average,sensitivity,0.5490056528566122,0.14315656095935797
162.0,Chemprop (large),average,sensitivity,0.5485006071261082,0.14346305749760443
163.0,Chemprop (large),average,sensitivity,0.5489131372925261,0.1432021170197872
164.0,Chemprop (large),average,sensitivity,0.5489086170918769,0.1435547500246521
165.0,Chemprop (large),average,sensitivity,0.548946242118376,0.14361687872352535
166.0,Chemprop (large),average,sensitivity,0.5490554679987641,0.14341421009252825
167.0,Chemprop (large),average,sensitivity,0.5490202205896046,0.14344847690575682
168.0,Chemprop (large),average,sensitivity,0.5489381890316196,0.14369099251150677
169.0,Chemprop (large),average,sensitivity,0.5483089055269383,0.14396077586736
170.0,Chemprop (large),average,sensitivity,0.5481534577650482,0.14406397680726862
171.0,Chemprop (large),average,sensitivity,0.5483971427413207,0.14422271384983384
172.0,Chemprop (large),average,sensitivity,0.5482572108499026,0.1443445137693022
173.0,Chemprop (large),average,sensitivity,0.5487789415821733,0.14433004854315323
174.0,Chemprop (large),average,sensitivity,0.5483717400973921,0.14473479037071013
175.0,Chemprop (large),average,sensitivity,0.5479996158750868,0.1443260285504647
176.0,Chemprop (large),average,sensitivity,0.5478159110203802,0.14421354974176692
177.0,Chemprop (large),average,sensitivity,0.5476090983733514,0.144671751213235
178.0,Chemprop (large),average,sensitivity,0.5477017872159732,0.1442673337522738
179.0,Chemprop (large),average,sensitivity,0.5477986920699033,0.14490908572460665
180.0,Chemprop (large),average,sensitivity,0.5478766627958229,0.14520458955541807
181.0,Chemprop (large),average,sensitivity,0.54764359642516,0.14503445172267682
182.0,Chemprop (large),average,sensitivity,0.5478368610950993,0.1449583820635729
183.0,Chemprop (large),average,sensitivity,0.5479720103332304,0.14529106117945842
184.0,Chemprop (large),average,sensitivity,0.5471580931639499,0.1452354909544182
185.0,Chemprop (large),average,sensitivity,0.5470823390157789,0.1455527252763686
186.0,Chemprop (large),average,sensitivity,0.5472204637180159,0.14554328803738908
187.0,Chemprop (large),average,sensitivity,0.5472403447698863,0.14487042489972307
188.0,Chemprop (large),average,sensitivity,0.5468003968884267,0.14511198234611006
189.0,Chemprop (large),average,sensitivity,0.5466849297410613,0.14532413043058784
190.0,Chemprop (large),average,sensitivity,0.5472577303829733,0.146022720113334
191.0,Chemprop (large),average,sensitivity,0.5465856900020813,0.14545301448410214
192.0,Chemprop (large),average,sensitivity,0.546112981560626,0.14608111469370338
193.0,Chemprop (large),average,sensitivity,0.5460899015192008,0.14563791357731096
194.0,Chemprop (large),average,sensitivity,0.545992456298378,0.14631167881584714
195.0,Chemprop (large),average,sensitivity,0.5455076781245708,0.1462123779532676
196.0,Chemprop (large),average,sensitivity,0.545201575310131,0.14664988917870317
197.0,Chemprop (large),average,sensitivity,0.5451659847198753,0.14618853049554908
198.0,Chemprop (large),average,sensitivity,0.5451246781770565,0.14654844740391673
199.0,Chemprop (large),average,sensitivity,0.5454357606158642,0.14654305758697062
200.0,Chemprop (large),average,sensitivity,0.5451334290481893,0.1466353639556058
1.0,Morgan,average,sensitivity,0.3687123814898752,0.09134164797890666
2.0,Morgan,average,sensitivity,0.38567494595159313,0.09243332475401833
3.0,Morgan,average,sensitivity,0.3175759255265763,0.0995966595848607
4.0,Morgan,average,sensitivity,0.3252545322693312,0.10108501108560404
5.0,Morgan,average,sensitivity,0.28188908832291276,0.1114189471884193
6.0,Morgan,average,sensitivity,0.2862532870078281,0.11068310606039225
7.0,Morgan,average,sensitivity,0.25462342248181813,0.11366067091878913
8.0,Morgan,average,sensitivity,0.2583019977226238,0.11633778798160678
9.0,Morgan,average,sensitivity,0.236840145301768,0.11908640544539482
10.0,Morgan,average,sensitivity,0.23556654151940992,0.11740548578097891
11.0,Morgan,average,sensitivity,0.2151222802723341,0.12144850099109107
12.0,Morgan,average,sensitivity,0.2179489791414413,0.11900890774348474
13.0,Morgan,average,sensitivity,0.20347706209405175,0.12122102672356048
14.0,Morgan,average,sensitivity,0.20698191524172366,0.12211678707616887
15.0,Morgan,average,sensitivity,0.19423470594030792,0.12182842968610293
16.0,Morgan,average,sensitivity,0.19664969345521516,0.12157983311165907
17.0,Morgan,average,sensitivity,0.18638197115352995,0.12124237266940222
18.0,Morgan,average,sensitivity,0.18635860935941223,0.12370627188444433
19.0,Morgan,average,sensitivity,0.17795517870554128,0.12409903814099517
20.0,Morgan,average,sensitivity,0.1804634253943643,0.12512480352998606
21.0,Morgan,average,sensitivity,0.17127867306172317,0.12557031720929043
22.0,Morgan,average,sensitivity,0.17581359066674784,0.12507606793230233
23.0,Morgan,average,sensitivity,0.1652737699221543,0.12583934876325584
24.0,Morgan,average,sensitivity,0.16771385158383303,0.12544320847313067
25.0,Morgan,average,sensitivity,0.15897941479032612,0.1253918079868409
26.0,Morgan,average,sensitivity,0.16429215863490018,0.12511202818042463
27.0,Morgan,average,sensitivity,0.15497509612416382,0.12759081723943644
28.0,Morgan,average,sensitivity,0.1561362233056977,0.1267327681195816
29.0,Morgan,average,sensitivity,0.14840294469889873,0.126891850668228
30.0,Morgan,average,sensitivity,0.15021736403382718,0.12640361224776445
31.0,Morgan,average,sensitivity,0.142419767687829,0.12634608429874244
32.0,Morgan,average,sensitivity,0.14419246152021492,0.12809657598857588
33.0,Morgan,average,sensitivity,0.13698137731179721,0.1257158275521571
34.0,Morgan,average,sensitivity,0.14073244138629187,0.12596106527621498
35.0,Morgan,average,sensitivity,0.13411587911808984,0.12197365615526148
36.0,Morgan,average,sensitivity,0.1359583673813716,0.1240385774582831
37.0,Morgan,average,sensitivity,0.13108254067347805,0.1220848195118662
38.0,Morgan,average,sensitivity,0.13127408368652563,0.12138117637923942
39.0,Morgan,average,sensitivity,0.12841167136953419,0.11931812004002
40.0,Morgan,average,sensitivity,0.12843803421526545,0.12181477413001637
41.0,Morgan,average,sensitivity,0.12404867506130966,0.1203745749212982
42.0,Morgan,average,sensitivity,0.12641661891724612,0.12182883302338922
43.0,Morgan,average,sensitivity,0.12155567264897246,0.1196621766000035
44.0,Morgan,average,sensitivity,0.12263050353775905,0.11982885417477059
45.0,Morgan,average,sensitivity,0.11907601351832621,0.11875032758994165
46.0,Morgan,average,sensitivity,0.11874670458395092,0.11899249246946408
47.0,Morgan,average,sensitivity,0.11486097520782473,0.11846671882951267
48.0,Morgan,average,sensitivity,0.1149848934893461,0.11845105579475844
49.0,Morgan,average,sensitivity,0.11369607450486406,0.11907256958118823
50.0,Morgan,average,sensitivity,0.11487678422254978,0.12051135915796866
51.0,Morgan,average,sensitivity,0.10982603760170569,0.1173415586382162
52.0,Morgan,average,sensitivity,0.11063160121546474,0.11809512503406952
53.0,Morgan,average,sensitivity,0.10685429952625432,0.11687633188876138
54.0,Morgan,average,sensitivity,0.10798662280012096,0.11780678183801514
55.0,Morgan,average,sensitivity,0.10463226504889801,0.11563919506493407
56.0,Morgan,average,sensitivity,0.10333281333218527,0.11665411724807731
57.0,Morgan,average,sensitivity,0.10223619729694511,0.11634143523008388
58.0,Morgan,average,sensitivity,0.1024749555115855,0.11649815973317465
59.0,Morgan,average,sensitivity,0.0994716645856727,0.11724282030878862
60.0,Morgan,average,sensitivity,0.10022881249098432,0.11689300848662
61.0,Morgan,average,sensitivity,0.09572337132508774,0.11616657612120665
62.0,Morgan,average,sensitivity,0.09682277371899023,0.1165676779145531
63.0,Morgan,average,sensitivity,0.09404287034801188,0.11511411446274337
64.0,Morgan,average,sensitivity,0.09511889955249908,0.11705240436154209
65.0,Morgan,average,sensitivity,0.09130120425160335,0.1153607404557611
66.0,Morgan,average,sensitivity,0.09203041798125021,0.11533093766271325
67.0,Morgan,average,sensitivity,0.08990253783434086,0.11512169524894181
68.0,Morgan,average,sensitivity,0.08987919900801895,0.11439609148918678
69.0,Morgan,average,sensitivity,0.08683925410160603,0.11309341661097881
70.0,Morgan,average,sensitivity,0.08624111171686896,0.11381278193693686
71.0,Morgan,average,sensitivity,0.085123767203744,0.11267786938114745
72.0,Morgan,average,sensitivity,0.08562396076251963,0.11311091594543599
73.0,Morgan,average,sensitivity,0.08434009473206365,0.11205643849928291
74.0,Morgan,average,sensitivity,0.08561791531112113,0.11335315771325817
75.0,Morgan,average,sensitivity,0.0823510024547644,0.11010990960513745
76.0,Morgan,average,sensitivity,0.08367397995784119,0.11215666450910006
77.0,Morgan,average,sensitivity,0.08108617348932895,0.11045934857834111
78.0,Morgan,average,sensitivity,0.08142800889285366,0.11100755542263091
79.0,Morgan,average,sensitivity,0.07904961969485819,0.10971476921273292
80.0,Morgan,average,sensitivity,0.07948840175539702,0.10938271053582507
81.0,Morgan,average,sensitivity,0.07731187004119724,0.10869317182653841
82.0,Morgan,average,sensitivity,0.07932810320086948,0.10969966925253612
83.0,Morgan,average,sensitivity,0.07648379212578912,0.10844299920302472
84.0,Morgan,average,sensitivity,0.07685794869436066,0.10844380614498192
85.0,Morgan,average,sensitivity,0.0746943725451682,0.10858996188897817
86.0,Morgan,average,sensitivity,0.07559171474479635,0.10853277584763027
87.0,Morgan,average,sensitivity,0.07304590679043917,0.1075939152758936
88.0,Morgan,average,sensitivity,0.07527195353384322,0.10778007589809777
89.0,Morgan,average,sensitivity,0.07370574194853893,0.10663303677761708
90.0,Morgan,average,sensitivity,0.07431145759295713,0.10674115939990515
91.0,Morgan,average,sensitivity,0.07350215241974051,0.10666370234999831
92.0,Morgan,average,sensitivity,0.07309267907300003,0.10590442632149308
93.0,Morgan,average,sensitivity,0.07181832184458545,0.10623328145536788
94.0,Morgan,average,sensitivity,0.07203201920958219,0.10591494413619787
95.0,Morgan,average,sensitivity,0.07034954125614666,0.10481837051409675
96.0,Morgan,average,sensitivity,0.07092248495401318,0.10500721543788967
97.0,Morgan,average,sensitivity,0.06980058430704228,0.10414827605370643
98.0,Morgan,average,sensitivity,0.07072812705891042,0.10377176918979682
99.0,Morgan,average,sensitivity,0.06848613948445247,0.10355291195535092
100.0,Morgan,average,sensitivity,0.06902795973020792,0.10362712196270793
101.0,Morgan,average,sensitivity,0.06723843516359476,0.10368113438149036
102.0,Morgan,average,sensitivity,0.06810176519898527,0.10354871720003696
103.0,Morgan,average,sensitivity,0.06667226442446603,0.10283465516183136
104.0,Morgan,average,sensitivity,0.06664895769215069,0.10188237267203874
105.0,Morgan,average,sensitivity,0.06580131357079003,0.10160400828159444
106.0,Morgan,average,sensitivity,0.06651212442587319,0.10217237715716172
107.0,Morgan,average,sensitivity,0.06613854626519235,0.10146848169333392
108.0,Morgan,average,sensitivity,0.06744262804427913,0.10100104333614646
109.0,Morgan,average,sensitivity,0.06590935283887467,0.10036797293284218
110.0,Morgan,average,sensitivity,0.06567701556581321,0.10011466268964395
111.0,Morgan,average,sensitivity,0.06478806273627918,0.09960860563435416
112.0,Morgan,average,sensitivity,0.06516139446749128,0.09950148046240186
113.0,Morgan,average,sensitivity,0.06344392744420953,0.09933813971865031
114.0,Morgan,average,sensitivity,0.06326277161184818,0.0991775529034055
115.0,Morgan,average,sensitivity,0.06311390684940375,0.09826325587364906
116.0,Morgan,average,sensitivity,0.06246181512825526,0.0980790218793323
117.0,Morgan,average,sensitivity,0.06258092837257812,0.09823255718465203
118.0,Morgan,average,sensitivity,0.06228861926813222,0.09726554393215033
119.0,Morgan,average,sensitivity,0.06182445057076874,0.09765383689344909
120.0,Morgan,average,sensitivity,0.06148448321252104,0.0973888244506681
121.0,Morgan,average,sensitivity,0.060684622723910175,0.09683856090080993
122.0,Morgan,average,sensitivity,0.06082451353439394,0.09615946128785702
123.0,Morgan,average,sensitivity,0.05983662878411204,0.09611403584257622
124.0,Morgan,average,sensitivity,0.06002919460679948,0.09593554258543353
125.0,Morgan,average,sensitivity,0.058790878319124724,0.09498502454416016
126.0,Morgan,average,sensitivity,0.05897113617944644,0.09518321933157006
127.0,Morgan,average,sensitivity,0.05875199357729597,0.09500184750492288
128.0,Morgan,average,sensitivity,0.05878749966621676,0.09435463206034475
129.0,Morgan,average,sensitivity,0.05831547063157474,0.0946386284523409
130.0,Morgan,average,sensitivity,0.05817663754520016,0.09434766011950904
131.0,Morgan,average,sensitivity,0.05739107278114978,0.09396252454151266
132.0,Morgan,average,sensitivity,0.05757634987755577,0.09392832368188171
133.0,Morgan,average,sensitivity,0.05703248318791789,0.09463919677366012
134.0,Morgan,average,sensitivity,0.05670290592145358,0.09411729325780416
135.0,Morgan,average,sensitivity,0.05595052627425003,0.09396826459282928
136.0,Morgan,average,sensitivity,0.05567081021981704,0.09337514887214825
137.0,Morgan,average,sensitivity,0.055531974130304335,0.09251109597574837
138.0,Morgan,average,sensitivity,0.055545777718227704,0.09283034373939118
139.0,Morgan,average,sensitivity,0.05526880247409541,0.0921534283250458
140.0,Morgan,average,sensitivity,0.05528276662190671,0.09147023553764388
141.0,Morgan,average,sensitivity,0.05531957132349219,0.09125973566321051
142.0,Morgan,average,sensitivity,0.055229929988550364,0.09188467925897693
143.0,Morgan,average,sensitivity,0.055150213680279656,0.09170809549046126
144.0,Morgan,average,sensitivity,0.05490961275330896,0.09099310103867712
145.0,Morgan,average,sensitivity,0.05467010377270024,0.09059149526765628
146.0,Morgan,average,sensitivity,0.05430572751993172,0.09070016580620102
147.0,Morgan,average,sensitivity,0.05381540731519545,0.09019885571285245
148.0,Morgan,average,sensitivity,0.05344985173683175,0.09014276288523143
149.0,Morgan,average,sensitivity,0.05308334091211881,0.09037466452248989
150.0,Morgan,average,sensitivity,0.05352561018450742,0.09046866714436622
151.0,Morgan,average,sensitivity,0.05332547049491461,0.09008533240663927
152.0,Morgan,average,sensitivity,0.053395174366226074,0.0903592783336853
153.0,Morgan,average,sensitivity,0.053121806855140855,0.08997477318832736
154.0,Morgan,average,sensitivity,0.05338805785278227,0.08957107367493113
155.0,Morgan,average,sensitivity,0.05281934568949871,0.0896194362493057
156.0,Morgan,average,sensitivity,0.05293396565511487,0.08915257694174658
157.0,Morgan,average,sensitivity,0.05251817918387116,0.0888370797707463
158.0,Morgan,average,sensitivity,0.05280227043479715,0.08917041319435798
159.0,Morgan,average,sensitivity,0.052396559184418795,0.08909930204365232
160.0,Morgan,average,sensitivity,0.05219368202416659,0.0887213451292377
161.0,Morgan,average,sensitivity,0.05164057496147514,0.08825263810734416
162.0,Morgan,average,sensitivity,0.0515466148139714,0.0879950111027293
163.0,Morgan,average,sensitivity,0.05124566331919398,0.08746557238480776
164.0,Morgan,average,sensitivity,0.05151661585584618,0.08714392933537396
165.0,Morgan,average,sensitivity,0.05089440138264641,0.08668039747936261
166.0,Morgan,average,sensitivity,0.0508517442000566,0.08645661019024536
167.0,Morgan,average,sensitivity,0.05061959512533818,0.08656200127608482
168.0,Morgan,average,sensitivity,0.050456349931481875,0.0861399505987982
169.0,Morgan,average,sensitivity,0.05018112563285013,0.08611920164288053
170.0,Morgan,average,sensitivity,0.05029932960648897,0.08612989281855701
171.0,Morgan,average,sensitivity,0.05002109447457004,0.0856332961566113
172.0,Morgan,average,sensitivity,0.049947202004763706,0.085435278447501
173.0,Morgan,average,sensitivity,0.050145182150130176,0.08546683854573023
174.0,Morgan,average,sensitivity,0.04985041873466158,0.08486588666493798
175.0,Morgan,average,sensitivity,0.049347898335886244,0.08469066400199389
176.0,Morgan,average,sensitivity,0.049245639374498405,0.08381531049557882
177.0,Morgan,average,sensitivity,0.0488191753208553,0.08442841646557238
178.0,Morgan,average,sensitivity,0.049006318931357026,0.08344245965879615
179.0,Morgan,average,sensitivity,0.048260428907291264,0.08395568381840254
180.0,Morgan,average,sensitivity,0.04766281879536385,0.08358345295032103
181.0,Morgan,average,sensitivity,0.04775570638322837,0.08378258380632136
182.0,Morgan,average,sensitivity,0.04759971092849462,0.08283949692605955
183.0,Morgan,average,sensitivity,0.04756784699096954,0.08303865544773598
184.0,Morgan,average,sensitivity,0.047759119180931446,0.08295782643341451
185.0,Morgan,average,sensitivity,0.047689164505725495,0.08329580619747955
186.0,Morgan,average,sensitivity,0.04720696671091542,0.08315239566910733
187.0,Morgan,average,sensitivity,0.04700763884661578,0.08305988972346016
188.0,Morgan,average,sensitivity,0.046839456416773874,0.08316988339133564
189.0,Morgan,average,sensitivity,0.04651844769789851,0.08309163423631337
190.0,Morgan,average,sensitivity,0.04625656691108138,0.08258821449997052
191.0,Morgan,average,sensitivity,0.04677098822963057,0.08321274078328948
192.0,Morgan,average,sensitivity,0.046229260119392906,0.08190958485442917
193.0,Morgan,average,sensitivity,0.0463064113939894,0.08265937501142172
194.0,Morgan,average,sensitivity,0.046150309710441914,0.08213871609018694
195.0,Morgan,average,sensitivity,0.04619171646660034,0.08228172079926653
196.0,Morgan,average,sensitivity,0.04573273907352624,0.08194372973704728
197.0,Morgan,average,sensitivity,0.045474929273773224,0.08200642541688889
198.0,Morgan,average,sensitivity,0.04487574855034462,0.08129755942107943
199.0,Morgan,average,sensitivity,0.04480421252781189,0.08136369680841264
200.0,Morgan,average,sensitivity,0.044986141173352714,0.08099722299252249
1.0,Mordred,average,sensitivity,0.4678657646151885,0.10233276193622122
2.0,Mordred,average,sensitivity,0.4678657646151885,0.10233276193622122
3.0,Mordred,average,sensitivity,0.4514803859914291,0.12136353458543472
4.0,Mordred,average,sensitivity,0.44678877894273045,0.12459407220992612
5.0,Mordred,average,sensitivity,0.43099944248254374,0.1379280240903417
6.0,Mordred,average,sensitivity,0.43219206554720024,0.137910681460114
7.0,Mordred,average,sensitivity,0.4160881831541221,0.14708655612274468
8.0,Mordred,average,sensitivity,0.4137490894192837,0.14881507410042102
9.0,Mordred,average,sensitivity,0.4029840340841783,0.15869889349253186
10.0,Mordred,average,sensitivity,0.405612539471651,0.15873766015832175
11.0,Mordred,average,sensitivity,0.3978522185872023,0.164177123287559
12.0,Mordred,average,sensitivity,0.3982137739814686,0.16572732519259098
13.0,Mordred,average,sensitivity,0.3852104522433936,0.17438168371079263
14.0,Mordred,average,sensitivity,0.3857796791115123,0.17001579029471203
15.0,Mordred,average,sensitivity,0.37738709159074135,0.17834946180453673
16.0,Mordred,average,sensitivity,0.3784535242916825,0.18035285469687581
17.0,Mordred,average,sensitivity,0.36728521950454374,0.18170602484753912
18.0,Mordred,average,sensitivity,0.3676944805209201,0.18144619453106395
19.0,Mordred,average,sensitivity,0.35807099765004824,0.1832747511944261
20.0,Mordred,average,sensitivity,0.35881877198448625,0.18106091528331153
21.0,Mordred,average,sensitivity,0.3523219578444603,0.18359767625956272
22.0,Mordred,average,sensitivity,0.3511677202292163,0.18461278572737397
23.0,Mordred,average,sensitivity,0.342040106979929,0.18560754469644178
24.0,Mordred,average,sensitivity,0.3469503173119691,0.1871005687482022
25.0,Mordred,average,sensitivity,0.3400598616626511,0.18808234302358814
26.0,Mordred,average,sensitivity,0.34331987124973523,0.18932235446890777
27.0,Mordred,average,sensitivity,0.33435385863835715,0.19046901234724237
28.0,Mordred,average,sensitivity,0.33452036904880167,0.19261059164257077
29.0,Mordred,average,sensitivity,0.3264841720803435,0.1916118602024522
30.0,Mordred,average,sensitivity,0.3262939322957344,0.19415007810716842
31.0,Mordred,average,sensitivity,0.32055881004154857,0.1959075423248879
32.0,Mordred,average,sensitivity,0.3226703786001316,0.19798795943737324
33.0,Mordred,average,sensitivity,0.3144861845252916,0.19782214636082512
34.0,Mordred,average,sensitivity,0.3152432510296256,0.20198411821854878
35.0,Mordred,average,sensitivity,0.30672808372477606,0.20067753372697533
36.0,Mordred,average,sensitivity,0.3090474110582914,0.20382819463004268
37.0,Mordred,average,sensitivity,0.3033401840656852,0.20448604242648896
38.0,Mordred,average,sensitivity,0.30413054540530043,0.20668457116856495
39.0,Mordred,average,sensitivity,0.2985091207017554,0.20651515730252712
40.0,Mordred,average,sensitivity,0.2984485066758556,0.20921958311152036
41.0,Mordred,average,sensitivity,0.29126994794446104,0.20709565055084667
42.0,Mordred,average,sensitivity,0.2916158214137215,0.20734777794461556
43.0,Mordred,average,sensitivity,0.2896235596575323,0.2061342765848345
44.0,Mordred,average,sensitivity,0.2903376081575351,0.20720652445004298
45.0,Mordred,average,sensitivity,0.28333873907761586,0.20879434673744646
46.0,Mordred,average,sensitivity,0.2855370901758387,0.20972834839227908
47.0,Mordred,average,sensitivity,0.28073798056401705,0.20953539696467283
48.0,Mordred,average,sensitivity,0.2795160423154238,0.20872338748671
49.0,Mordred,average,sensitivity,0.2750748397912594,0.21075485224159837
50.0,Mordred,average,sensitivity,0.27602294690424983,0.20919351348569323
51.0,Mordred,average,sensitivity,0.2708471143701126,0.2103963368586814
52.0,Mordred,average,sensitivity,0.27282085961155667,0.21092634168987778
53.0,Mordred,average,sensitivity,0.2680589637200022,0.21174620832347807
54.0,Mordred,average,sensitivity,0.2688107678587473,0.21188985293944299
55.0,Mordred,average,sensitivity,0.2664355300486564,0.21169437809024086
56.0,Mordred,average,sensitivity,0.26484033372712756,0.21241662093748753
57.0,Mordred,average,sensitivity,0.2619654917692617,0.21288191263853448
58.0,Mordred,average,sensitivity,0.2630123298904923,0.21364782777672814
59.0,Mordred,average,sensitivity,0.25964134204730827,0.2125910677584883
60.0,Mordred,average,sensitivity,0.26040106917474354,0.21283138137707502
61.0,Mordred,average,sensitivity,0.25835317769420557,0.21371977254503213
62.0,Mordred,average,sensitivity,0.2581590743190315,0.2142869544001781
63.0,Mordred,average,sensitivity,0.25573199838710836,0.2132768106332741
64.0,Mordred,average,sensitivity,0.25489838410791715,0.21471810178758408
65.0,Mordred,average,sensitivity,0.25226276177406076,0.21528162449266375
66.0,Mordred,average,sensitivity,0.2531561753860976,0.2154585470512446
67.0,Mordred,average,sensitivity,0.24939048013436105,0.21538743552313866
68.0,Mordred,average,sensitivity,0.25105688474979293,0.21651646697380675
69.0,Mordred,average,sensitivity,0.2498495317900101,0.21563692207626134
70.0,Mordred,average,sensitivity,0.2503469644369331,0.21788762492478717
71.0,Mordred,average,sensitivity,0.24905714944977164,0.2180195622635566
72.0,Mordred,average,sensitivity,0.24817745103825942,0.21944143490927334
73.0,Mordred,average,sensitivity,0.24503151575234206,0.219381345593196
74.0,Mordred,average,sensitivity,0.24646070475840692,0.22054059808616489
75.0,Mordred,average,sensitivity,0.24271538886131871,0.21855026385072482
76.0,Mordred,average,sensitivity,0.2420297848348478,0.21876883021403848
77.0,Mordred,average,sensitivity,0.2421441585307208,0.21913370191836523
78.0,Mordred,average,sensitivity,0.24265097231701346,0.22041852782133364
79.0,Mordred,average,sensitivity,0.24064381149515487,0.219429572935353
80.0,Mordred,average,sensitivity,0.2403662651223307,0.2203067476219273
81.0,Mordred,average,sensitivity,0.24085362074526842,0.22080225111327473
82.0,Mordred,average,sensitivity,0.23999238676792356,0.21983487108799485
83.0,Mordred,average,sensitivity,0.23762154265155208,0.2201588933430948
84.0,Mordred,average,sensitivity,0.2377272638039784,0.2195077707638945
85.0,Mordred,average,sensitivity,0.2348684510108199,0.21872881975603553
86.0,Mordred,average,sensitivity,0.23667914854891436,0.21961992505953468
87.0,Mordred,average,sensitivity,0.23457267365744489,0.220936051224587
88.0,Mordred,average,sensitivity,0.23485335067979216,0.21994333939535785
89.0,Mordred,average,sensitivity,0.23356118861449318,0.22070187937316543
90.0,Mordred,average,sensitivity,0.23383224698276328,0.22105001061819307
91.0,Mordred,average,sensitivity,0.23289656835574615,0.22166890302114084
92.0,Mordred,average,sensitivity,0.23327268414232635,0.2223812581326547
93.0,Mordred,average,sensitivity,0.23073469439598834,0.22156112235027528
94.0,Mordred,average,sensitivity,0.22980678539242716,0.22071663106567943
95.0,Mordred,average,sensitivity,0.2282288721040939,0.22067304556575162
96.0,Mordred,average,sensitivity,0.22620419911241407,0.21970359155043365
97.0,Mordred,average,sensitivity,0.22456826098770105,0.2193274230533535
98.0,Mordred,average,sensitivity,0.22363458427160304,0.22010739830322318
99.0,Mordred,average,sensitivity,0.22142160856392834,0.2210565535587515
100.0,Mordred,average,sensitivity,0.22121212475338836,0.22060812127822374
101.0,Mordred,average,sensitivity,0.22004535795369154,0.22125390570259013
102.0,Mordred,average,sensitivity,0.22042638285929944,0.22192138918524237
103.0,Mordred,average,sensitivity,0.22008986633699443,0.2223919488593915
104.0,Mordred,average,sensitivity,0.2178631533971153,0.22144340285126013
105.0,Mordred,average,sensitivity,0.21620676404208541,0.22110815611871837
106.0,Mordred,average,sensitivity,0.21757558414714023,0.22043320368327263
107.0,Mordred,average,sensitivity,0.21655692195766607,0.22054664084159536
108.0,Mordred,average,sensitivity,0.2167516118536512,0.21989155689070877
109.0,Mordred,average,sensitivity,0.21478310051672217,0.21915464031340245
110.0,Mordred,average,sensitivity,0.21643782513333967,0.2204842400943231
111.0,Mordred,average,sensitivity,0.21247485152118809,0.21983414893734918
112.0,Mordred,average,sensitivity,0.21241203364080644,0.22029367884127019
113.0,Mordred,average,sensitivity,0.211928311850862,0.21957862806567383
114.0,Mordred,average,sensitivity,0.2119276448518999,0.219926585337228
115.0,Mordred,average,sensitivity,0.2102786760980797,0.21961260244301364
116.0,Mordred,average,sensitivity,0.2084144724769116,0.2196215158253247
117.0,Mordred,average,sensitivity,0.20861161322069954,0.22039940557656415
118.0,Mordred,average,sensitivity,0.20825192470903942,0.2201772446921306
119.0,Mordred,average,sensitivity,0.20665806657737668,0.22000329168581004
120.0,Mordred,average,sensitivity,0.20856139365894424,0.22117905911213703
121.0,Mordred,average,sensitivity,0.2059075279188059,0.2207277717115755
122.0,Mordred,average,sensitivity,0.20623148300385935,0.2224532491141697
123.0,Mordred,average,sensitivity,0.20524069541950954,0.22190448877163604
124.0,Mordred,average,sensitivity,0.205542732710651,0.2225611745454057
125.0,Mordred,average,sensitivity,0.20318337977379847,0.22126617413325744
126.0,Mordred,average,sensitivity,0.20335708039496464,0.2227474131986491
127.0,Mordred,average,sensitivity,0.2021687890460547,0.22004863197172325
128.0,Mordred,average,sensitivity,0.20261495102145644,0.2216455445181145
129.0,Mordred,average,sensitivity,0.20094528773469708,0.22025035224493836
130.0,Mordred,average,sensitivity,0.2025105275948268,0.22190166951786378
131.0,Mordred,average,sensitivity,0.19894420382178699,0.219009779648429
132.0,Mordred,average,sensitivity,0.20067473104442718,0.22222271658884343
133.0,Mordred,average,sensitivity,0.1993304377921037,0.22002604205047074
134.0,Mordred,average,sensitivity,0.1983602211919551,0.221001489831471
135.0,Mordred,average,sensitivity,0.19725103192094465,0.21997709576047733
136.0,Mordred,average,sensitivity,0.19774452990975017,0.22081101504208245
137.0,Mordred,average,sensitivity,0.19681301866207945,0.21982333922894773
138.0,Mordred,average,sensitivity,0.19662540709033252,0.220732288357051
139.0,Mordred,average,sensitivity,0.19547664825426403,0.2195626434234913
140.0,Mordred,average,sensitivity,0.19561051247377814,0.2199148988263508
141.0,Mordred,average,sensitivity,0.19485304428476735,0.21982541384593737
142.0,Mordred,average,sensitivity,0.1935592047366996,0.21905250800627288
143.0,Mordred,average,sensitivity,0.19326360051955876,0.2190034456650121
144.0,Mordred,average,sensitivity,0.1941085317091013,0.21965476722937363
145.0,Mordred,average,sensitivity,0.19246538455752762,0.21934283007075864
146.0,Mordred,average,sensitivity,0.19203094297710194,0.21955770059824678
147.0,Mordred,average,sensitivity,0.1901934668068985,0.21835955434157353
148.0,Mordred,average,sensitivity,0.19099875432765415,0.21906708844608477
149.0,Mordred,average,sensitivity,0.18849230688573876,0.21686891408248615
150.0,Mordred,average,sensitivity,0.18798947200270655,0.21700618786500545
151.0,Mordred,average,sensitivity,0.18698096469221745,0.21719693996925676
152.0,Mordred,average,sensitivity,0.18919326147633256,0.2194116049569961
153.0,Mordred,average,sensitivity,0.18720088872316068,0.21842649106678236
154.0,Mordred,average,sensitivity,0.18749526957862617,0.21873871606427703
155.0,Mordred,average,sensitivity,0.18572979555600294,0.2181661180079667
156.0,Mordred,average,sensitivity,0.18567257163990725,0.21819850081307246
157.0,Mordred,average,sensitivity,0.18425297936938756,0.2167598052957722
158.0,Mordred,average,sensitivity,0.18531730109598507,0.2178936639503953
159.0,Mordred,average,sensitivity,0.184202167807248,0.21724634757897132
160.0,Mordred,average,sensitivity,0.18405164483725042,0.21802817115062043
161.0,Mordred,average,sensitivity,0.18277344459101044,0.21725025808208867
162.0,Mordred,average,sensitivity,0.18348816893229236,0.2176108093279156
163.0,Mordred,average,sensitivity,0.18193162709953614,0.21729277426451826
164.0,Mordred,average,sensitivity,0.18144842032359323,0.21677553559167786
165.0,Mordred,average,sensitivity,0.1810411046430816,0.2172330771123806
166.0,Mordred,average,sensitivity,0.1800752191128535,0.21737274052907446
167.0,Mordred,average,sensitivity,0.18006333252151954,0.21668333821605085
168.0,Mordred,average,sensitivity,0.17815739774318373,0.2163651818582686
169.0,Mordred,average,sensitivity,0.17918650773917785,0.21736564427103824
170.0,Mordred,average,sensitivity,0.17827398076057005,0.21716031338052677
171.0,Mordred,average,sensitivity,0.1785815724775669,0.21674158347961678
172.0,Mordred,average,sensitivity,0.17764585486367668,0.21641322982014835
173.0,Mordred,average,sensitivity,0.17667729462443382,0.21687924306170842
174.0,Mordred,average,sensitivity,0.1764870868120866,0.2173841018012041
175.0,Mordred,average,sensitivity,0.1772833152842026,0.21850267982630273
176.0,Mordred,average,sensitivity,0.17556223418319183,0.21776447011510872
177.0,Mordred,average,sensitivity,0.17515887905517435,0.2172733431681078
178.0,Mordred,average,sensitivity,0.1743383951405891,0.21701292801547337
179.0,Mordred,average,sensitivity,0.17409309624810748,0.21751812451837638
180.0,Mordred,average,sensitivity,0.17327198075365707,0.217230116755807
181.0,Mordred,average,sensitivity,0.1732737012081119,0.21721280023143225
182.0,Mordred,average,sensitivity,0.17208626836056692,0.21639250472980295
183.0,Mordred,average,sensitivity,0.17200646663404565,0.2171191760250277
184.0,Mordred,average,sensitivity,0.1712132630570827,0.21661700045109666
185.0,Mordred,average,sensitivity,0.17150820562034308,0.21646113335314385
186.0,Mordred,average,sensitivity,0.17062046485440852,0.21679789593350013
187.0,Mordred,average,sensitivity,0.17034812969130889,0.2178859024403906
188.0,Mordred,average,sensitivity,0.17005654068909495,0.21742553439965612
189.0,Mordred,average,sensitivity,0.16930220139019028,0.21724613931972053
190.0,Mordred,average,sensitivity,0.16949786995446495,0.21685791147912434
191.0,Mordred,average,sensitivity,0.1686037943996997,0.21710764056213971
192.0,Mordred,average,sensitivity,0.1691249186056173,0.21773249991910676
193.0,Mordred,average,sensitivity,0.16780105246856247,0.21772381750309855
194.0,Mordred,average,sensitivity,0.16765824090824177,0.21774185664926626
195.0,Mordred,average,sensitivity,0.1675663835941074,0.2180839186543428
196.0,Mordred,average,sensitivity,0.16732672745521046,0.21786917627228666
197.0,Mordred,average,sensitivity,0.16687750510791363,0.2173284652373067
198.0,Mordred,average,sensitivity,0.1665893707210418,0.21689168901991931
199.0,Mordred,average,sensitivity,0.1657119558351604,0.21712647408890026
200.0,Mordred,average,sensitivity,0.1653893521586361,0.21682183459959173
1.0,CheMeleon (fine-tuned),average,specificity,0.7292222152434428,0.10461566767158287
2.0,CheMeleon (fine-tuned),average,specificity,0.7292222152434428,0.10461566767158287
3.0,CheMeleon (fine-tuned),average,specificity,0.7390844643630298,0.11164262633276677
4.0,CheMeleon (fine-tuned),average,specificity,0.7372856196098322,0.111272386528958
5.0,CheMeleon (fine-tuned),average,specificity,0.7410338060392767,0.11682601569040911
6.0,CheMeleon (fine-tuned),average,specificity,0.7399619894372931,0.11729300175716802
7.0,CheMeleon (fine-tuned),average,specificity,0.7399306479143689,0.11897813897403751
8.0,CheMeleon (fine-tuned),average,specificity,0.7405917150391987,0.11830820594419952
9.0,CheMeleon (fine-tuned),average,specificity,0.7388425377659981,0.12236139326776864
10.0,CheMeleon (fine-tuned),average,specificity,0.7417923512940338,0.12074462327002937
11.0,CheMeleon (fine-tuned),average,specificity,0.7424546048782749,0.12425175572038911
12.0,CheMeleon (fine-tuned),average,specificity,0.7430566365958278,0.12157029403133766
13.0,CheMeleon (fine-tuned),average,specificity,0.7430435650009105,0.1241332528011338
14.0,CheMeleon (fine-tuned),average,specificity,0.7447362554499604,0.12209655684857917
15.0,CheMeleon (fine-tuned),average,specificity,0.7428029955279082,0.12299449151763182
16.0,CheMeleon (fine-tuned),average,specificity,0.7449781253350354,0.12326650318678506
17.0,CheMeleon (fine-tuned),average,specificity,0.7446552833256213,0.1239138467013501
18.0,CheMeleon (fine-tuned),average,specificity,0.7454801779342003,0.12261048315011705
19.0,CheMeleon (fine-tuned),average,specificity,0.7441617501295653,0.12301812302377266
20.0,CheMeleon (fine-tuned),average,specificity,0.7443183541851645,0.12323969744680353
21.0,CheMeleon (fine-tuned),average,specificity,0.7426768435948109,0.12555027072094088
22.0,CheMeleon (fine-tuned),average,specificity,0.7426638945379318,0.12547646486160824
23.0,CheMeleon (fine-tuned),average,specificity,0.7411358938734136,0.12717732050865865
24.0,CheMeleon (fine-tuned),average,specificity,0.7428006140440434,0.12776213178454973
25.0,CheMeleon (fine-tuned),average,specificity,0.7426338767876878,0.12757368200571576
26.0,CheMeleon (fine-tuned),average,specificity,0.7422913389204929,0.12715874429970983
27.0,CheMeleon (fine-tuned),average,specificity,0.7419754810063591,0.12886867169915994
28.0,CheMeleon (fine-tuned),average,specificity,0.7419445577529862,0.12758065992628864
29.0,CheMeleon (fine-tuned),average,specificity,0.742160376081313,0.12959970438635837
30.0,CheMeleon (fine-tuned),average,specificity,0.7420193922874002,0.12857870065093413
31.0,CheMeleon (fine-tuned),average,specificity,0.7409329541915768,0.13000456926671602
32.0,CheMeleon (fine-tuned),average,specificity,0.741050673025024,0.12958810126359227
33.0,CheMeleon (fine-tuned),average,specificity,0.7407526309714292,0.13072293480565536
34.0,CheMeleon (fine-tuned),average,specificity,0.7419431547775365,0.1289287942612324
35.0,CheMeleon (fine-tuned),average,specificity,0.7411343168341351,0.1317455723824866
36.0,CheMeleon (fine-tuned),average,specificity,0.7422135082249451,0.1300350013423693
37.0,CheMeleon (fine-tuned),average,specificity,0.7417139656959775,0.1292452586791179
38.0,CheMeleon (fine-tuned),average,specificity,0.7433183536477482,0.12918694374650547
39.0,CheMeleon (fine-tuned),average,specificity,0.7424937836118872,0.13064934867253603
40.0,CheMeleon (fine-tuned),average,specificity,0.7439795540588914,0.13097365854273524
41.0,CheMeleon (fine-tuned),average,specificity,0.7434330080212306,0.1317021839374483
42.0,CheMeleon (fine-tuned),average,specificity,0.7437707623814468,0.13120736447235218
43.0,CheMeleon (fine-tuned),average,specificity,0.7436918900026092,0.13277426021068903
44.0,CheMeleon (fine-tuned),average,specificity,0.7438004630203965,0.13263579157003974
45.0,CheMeleon (fine-tuned),average,specificity,0.7440298848361053,0.13234069167273832
46.0,CheMeleon (fine-tuned),average,specificity,0.7444538141351087,0.13243728417105127
47.0,CheMeleon (fine-tuned),average,specificity,0.7442764668176269,0.13329391039050198
48.0,CheMeleon (fine-tuned),average,specificity,0.7443665443514518,0.13423083518587833
49.0,CheMeleon (fine-tuned),average,specificity,0.7442902461484782,0.13352350166224702
50.0,CheMeleon (fine-tuned),average,specificity,0.7446865247745322,0.13368742733258632
51.0,CheMeleon (fine-tuned),average,specificity,0.7448067541930584,0.13379105730886173
52.0,CheMeleon (fine-tuned),average,specificity,0.74475250795375,0.13472189710890406
53.0,CheMeleon (fine-tuned),average,specificity,0.7456005340675175,0.13409254958230332
54.0,CheMeleon (fine-tuned),average,specificity,0.745514780015604,0.13426935577102173
55.0,CheMeleon (fine-tuned),average,specificity,0.7463138534632598,0.13397715652873177
56.0,CheMeleon (fine-tuned),average,specificity,0.7453855571237686,0.13536152984474234
57.0,CheMeleon (fine-tuned),average,specificity,0.7461116253638446,0.13597183308494903
58.0,CheMeleon (fine-tuned),average,specificity,0.744882788031115,0.136328255814461
59.0,CheMeleon (fine-tuned),average,specificity,0.7454968013052885,0.1371667364159985
60.0,CheMeleon (fine-tuned),average,specificity,0.7456510505982873,0.13693293371415985
61.0,CheMeleon (fine-tuned),average,specificity,0.746732235725231,0.13531805832332294
62.0,CheMeleon (fine-tuned),average,specificity,0.7462926882210109,0.13581167317840365
63.0,CheMeleon (fine-tuned),average,specificity,0.7469079602888029,0.1356334760447997
64.0,CheMeleon (fine-tuned),average,specificity,0.7457401751669925,0.13773675087558676
65.0,CheMeleon (fine-tuned),average,specificity,0.7464301454875478,0.13682779082331634
66.0,CheMeleon (fine-tuned),average,specificity,0.7464976964855929,0.1380111147568461
67.0,CheMeleon (fine-tuned),average,specificity,0.746900599578747,0.13597813785174087
68.0,CheMeleon (fine-tuned),average,specificity,0.7457059247684829,0.13863224939396182
69.0,CheMeleon (fine-tuned),average,specificity,0.7471130774127499,0.13788752706595503
70.0,CheMeleon (fine-tuned),average,specificity,0.7460888876408589,0.13923514426795425
71.0,CheMeleon (fine-tuned),average,specificity,0.7470785528253657,0.13645266601542538
72.0,CheMeleon (fine-tuned),average,specificity,0.747197287058246,0.13682574280010806
73.0,CheMeleon (fine-tuned),average,specificity,0.747519570773343,0.13714480319428646
74.0,CheMeleon (fine-tuned),average,specificity,0.7473094879392705,0.1381212661639997
75.0,CheMeleon (fine-tuned),average,specificity,0.7475347739275041,0.1373271162586231
76.0,CheMeleon (fine-tuned),average,specificity,0.7478488429497503,0.1374688029612606
77.0,CheMeleon (fine-tuned),average,specificity,0.7476162361575446,0.13765182698316214
78.0,CheMeleon (fine-tuned),average,specificity,0.7483959599250841,0.137886333801639
79.0,CheMeleon (fine-tuned),average,specificity,0.7487547447932543,0.1375649356257485
80.0,CheMeleon (fine-tuned),average,specificity,0.748902932497989,0.1396696963943999
81.0,CheMeleon (fine-tuned),average,specificity,0.7483262469877547,0.13889597385409433
82.0,CheMeleon (fine-tuned),average,specificity,0.7488493890791627,0.1393204820579437
83.0,CheMeleon (fine-tuned),average,specificity,0.7492514081302457,0.13958369425336659
84.0,CheMeleon (fine-tuned),average,specificity,0.7490795297268831,0.13998560281469327
85.0,CheMeleon (fine-tuned),average,specificity,0.7496520768467916,0.14044373278866415
86.0,CheMeleon (fine-tuned),average,specificity,0.7485309745249658,0.14202995573666496
87.0,CheMeleon (fine-tuned),average,specificity,0.7476932510989817,0.1424224983119826
88.0,CheMeleon (fine-tuned),average,specificity,0.7487484804838506,0.14137715678172633
89.0,CheMeleon (fine-tuned),average,specificity,0.747130681494643,0.1445434464669506
90.0,CheMeleon (fine-tuned),average,specificity,0.7473723989464837,0.14333902612079216
91.0,CheMeleon (fine-tuned),average,specificity,0.7465888138366154,0.1444673105852948
92.0,CheMeleon (fine-tuned),average,specificity,0.7474960523305638,0.14468330602722113
93.0,CheMeleon (fine-tuned),average,specificity,0.747591611399979,0.14431927042578185
94.0,CheMeleon (fine-tuned),average,specificity,0.7478947023061693,0.1450924877306583
95.0,CheMeleon (fine-tuned),average,specificity,0.748412585504033,0.14564353579961684
96.0,CheMeleon (fine-tuned),average,specificity,0.7488711619859203,0.14470805929571945
97.0,CheMeleon (fine-tuned),average,specificity,0.7484067285894908,0.14533018649068993
98.0,CheMeleon (fine-tuned),average,specificity,0.7491456032802826,0.1459184935475324
99.0,CheMeleon (fine-tuned),average,specificity,0.7485063821832187,0.14698773273757962
100.0,CheMeleon (fine-tuned),average,specificity,0.7490187682579372,0.14612025825156266
101.0,CheMeleon (fine-tuned),average,specificity,0.7500077013822259,0.14590151254185627
102.0,CheMeleon (fine-tuned),average,specificity,0.750183536669425,0.14643671995861737
103.0,CheMeleon (fine-tuned),average,specificity,0.7498278726831957,0.14587300513094534
104.0,CheMeleon (fine-tuned),average,specificity,0.7500120580880227,0.1461615644156916
105.0,CheMeleon (fine-tuned),average,specificity,0.7498810877930743,0.14642590006361125
106.0,CheMeleon (fine-tuned),average,specificity,0.7498094613286667,0.147620364081953
107.0,CheMeleon (fine-tuned),average,specificity,0.7495258766315661,0.14708786648662833
108.0,CheMeleon (fine-tuned),average,specificity,0.7491256096222486,0.14798874507023502
109.0,CheMeleon (fine-tuned),average,specificity,0.7488845179840479,0.14809066016300043
110.0,CheMeleon (fine-tuned),average,specificity,0.7488079272203276,0.14843440790818543
111.0,CheMeleon (fine-tuned),average,specificity,0.7490241405018806,0.14915930888424056
112.0,CheMeleon (fine-tuned),average,specificity,0.7489197559681124,0.14874560177783935
113.0,CheMeleon (fine-tuned),average,specificity,0.7494060301645581,0.14811280368096608
114.0,CheMeleon (fine-tuned),average,specificity,0.7496640343973279,0.1484966294997787
115.0,CheMeleon (fine-tuned),average,specificity,0.7494626429620989,0.14862520048326042
116.0,CheMeleon (fine-tuned),average,specificity,0.7494468111674845,0.14927572773624073
117.0,CheMeleon (fine-tuned),average,specificity,0.749366807280218,0.1491078740263045
118.0,CheMeleon (fine-tuned),average,specificity,0.7496679839573125,0.1497132687253174
119.0,CheMeleon (fine-tuned),average,specificity,0.7502006400942043,0.14808943139023073
120.0,CheMeleon (fine-tuned),average,specificity,0.750213070882936,0.14909340586504688
121.0,CheMeleon (fine-tuned),average,specificity,0.7497880361478217,0.14898926868359694
122.0,CheMeleon (fine-tuned),average,specificity,0.7505830886382191,0.14927380408055163
123.0,CheMeleon (fine-tuned),average,specificity,0.7504130755118001,0.1492393482643657
124.0,CheMeleon (fine-tuned),average,specificity,0.7508874920307467,0.1487053596513368
125.0,CheMeleon (fine-tuned),average,specificity,0.7502239547911516,0.14931205067848435
126.0,CheMeleon (fine-tuned),average,specificity,0.7508128752232771,0.14974878861717653
127.0,CheMeleon (fine-tuned),average,specificity,0.7511497962884439,0.14880379596468415
128.0,CheMeleon (fine-tuned),average,specificity,0.75113306237611,0.14927494569574884
129.0,CheMeleon (fine-tuned),average,specificity,0.7511341302004159,0.14955263940189786
130.0,CheMeleon (fine-tuned),average,specificity,0.7522303488142594,0.1491583400132775
131.0,CheMeleon (fine-tuned),average,specificity,0.7517344746932518,0.14965463805609755
132.0,CheMeleon (fine-tuned),average,specificity,0.7520970791053045,0.14938401772184615
133.0,CheMeleon (fine-tuned),average,specificity,0.7520734976823998,0.148879832017934
134.0,CheMeleon (fine-tuned),average,specificity,0.7512904105432768,0.15008421747572676
135.0,CheMeleon (fine-tuned),average,specificity,0.7522091382473064,0.14936222660518791
136.0,CheMeleon (fine-tuned),average,specificity,0.7519430449312066,0.1497390200421517
137.0,CheMeleon (fine-tuned),average,specificity,0.7521321562813277,0.15025239125913095
138.0,CheMeleon (fine-tuned),average,specificity,0.7521653670819721,0.14990803974720576
139.0,CheMeleon (fine-tuned),average,specificity,0.7522166419090461,0.1501893398519647
140.0,CheMeleon (fine-tuned),average,specificity,0.7522325481553933,0.15040362980456085
141.0,CheMeleon (fine-tuned),average,specificity,0.7515318968368215,0.15070546761030876
142.0,CheMeleon (fine-tuned),average,specificity,0.7526400384872863,0.1498603879150992
143.0,CheMeleon (fine-tuned),average,specificity,0.7522114249819711,0.15051563043180338
144.0,CheMeleon (fine-tuned),average,specificity,0.752711232356662,0.15090023291490734
145.0,CheMeleon (fine-tuned),average,specificity,0.7527948313275655,0.15107854275064217
146.0,CheMeleon (fine-tuned),average,specificity,0.7533810039062524,0.151094016449896
147.0,CheMeleon (fine-tuned),average,specificity,0.7534994559240635,0.1506867999666707
148.0,CheMeleon (fine-tuned),average,specificity,0.7536563474969766,0.1512781884630978
149.0,CheMeleon (fine-tuned),average,specificity,0.7541254268254016,0.15113582337809084
150.0,CheMeleon (fine-tuned),average,specificity,0.7540232606342931,0.15100046810389134
151.0,CheMeleon (fine-tuned),average,specificity,0.7540421493222895,0.1511479743663581
152.0,CheMeleon (fine-tuned),average,specificity,0.7541236559389158,0.15159211804500947
153.0,CheMeleon (fine-tuned),average,specificity,0.7544904969952816,0.15129788952725742
154.0,CheMeleon (fine-tuned),average,specificity,0.754073514042314,0.15168057334478852
155.0,CheMeleon (fine-tuned),average,specificity,0.7549550868395055,0.15188615366867597
156.0,CheMeleon (fine-tuned),average,specificity,0.7550005586692001,0.1519923796773376
157.0,CheMeleon (fine-tuned),average,specificity,0.7549829462157942,0.15223294191591222
158.0,CheMeleon (fine-tuned),average,specificity,0.7549632423949449,0.1526564163977429
159.0,CheMeleon (fine-tuned),average,specificity,0.7555080742160043,0.15168076476766915
160.0,CheMeleon (fine-tuned),average,specificity,0.7554524842446482,0.15220936824863424
161.0,CheMeleon (fine-tuned),average,specificity,0.7550982413658197,0.15156211538899778
162.0,CheMeleon (fine-tuned),average,specificity,0.7553327804426097,0.1522263754311823
163.0,CheMeleon (fine-tuned),average,specificity,0.7548918807296167,0.1517867098958875
164.0,CheMeleon (fine-tuned),average,specificity,0.7550453054013063,0.15209412004835554
165.0,CheMeleon (fine-tuned),average,specificity,0.7553769848850487,0.15219537997862603
166.0,CheMeleon (fine-tuned),average,specificity,0.7553351813048476,0.15317848226598085
167.0,CheMeleon (fine-tuned),average,specificity,0.7555312197919389,0.1525281331501397
168.0,CheMeleon (fine-tuned),average,specificity,0.755951176570925,0.15300898605737212
169.0,CheMeleon (fine-tuned),average,specificity,0.7552644189601102,0.1530440617473554
170.0,CheMeleon (fine-tuned),average,specificity,0.756284141547546,0.15414662172817073
171.0,CheMeleon (fine-tuned),average,specificity,0.7557950085789696,0.1537641119354257
172.0,CheMeleon (fine-tuned),average,specificity,0.7556644901137944,0.1546578564273679
173.0,CheMeleon (fine-tuned),average,specificity,0.756062955552906,0.1544261156007394
174.0,CheMeleon (fine-tuned),average,specificity,0.756208730827624,0.15509729079355272
175.0,CheMeleon (fine-tuned),average,specificity,0.7568191358851111,0.15422011984985448
176.0,CheMeleon (fine-tuned),average,specificity,0.7576165095478282,0.1543967953261618
177.0,CheMeleon (fine-tuned),average,specificity,0.757606841622955,0.15404108615094594
178.0,CheMeleon (fine-tuned),average,specificity,0.7581077691225994,0.15409740477527806
179.0,CheMeleon (fine-tuned),average,specificity,0.7581179841323373,0.15402273219592671
180.0,CheMeleon (fine-tuned),average,specificity,0.7588169103867112,0.15354294914816372
181.0,CheMeleon (fine-tuned),average,specificity,0.7590108164968598,0.1534446090171859
182.0,CheMeleon (fine-tuned),average,specificity,0.7594403257871767,0.15390483805292304
183.0,CheMeleon (fine-tuned),average,specificity,0.7590701215325382,0.15364535365111687
184.0,CheMeleon (fine-tuned),average,specificity,0.7590492803243345,0.15464298708996937
185.0,CheMeleon (fine-tuned),average,specificity,0.7591977824475269,0.15376584620848732
186.0,CheMeleon (fine-tuned),average,specificity,0.7591346694665776,0.15478840510923247
187.0,CheMeleon (fine-tuned),average,specificity,0.7598939824980455,0.15419201768022348
188.0,CheMeleon (fine-tuned),average,specificity,0.7597648648774935,0.1544783374114217
189.0,CheMeleon (fine-tuned),average,specificity,0.7598257467787414,0.15425874661125888
190.0,CheMeleon (fine-tuned),average,specificity,0.7597862303727726,0.15455387003482546
191.0,CheMeleon (fine-tuned),average,specificity,0.7611172321021508,0.15361377408592836
192.0,CheMeleon (fine-tuned),average,specificity,0.7608285249254934,0.15424637269125407
193.0,CheMeleon (fine-tuned),average,specificity,0.7616245736556881,0.1532540620309343
194.0,CheMeleon (fine-tuned),average,specificity,0.7607554643390104,0.1550217052983941
195.0,CheMeleon (fine-tuned),average,specificity,0.7614435259007586,0.15369438186442055
196.0,CheMeleon (fine-tuned),average,specificity,0.7610979656176715,0.1537827223171407
197.0,CheMeleon (fine-tuned),average,specificity,0.7611406319398394,0.1537104823658832
198.0,CheMeleon (fine-tuned),average,specificity,0.7607285832477767,0.15402714055619687
199.0,CheMeleon (fine-tuned),average,specificity,0.7616263716291012,0.15425000642596634
200.0,CheMeleon (fine-tuned),average,specificity,0.761638198544847,0.15493769336786484
1.0,Chemprop (default),average,specificity,0.729166075485605,0.09487415826382863
2.0,Chemprop (default),average,specificity,0.729166075485605,0.09487415826382863
3.0,Chemprop (default),average,specificity,0.7440915818943182,0.10113133407638848
4.0,Chemprop (default),average,specificity,0.7455729361365216,0.10046425948603904
5.0,Chemprop (default),average,specificity,0.7535536782755011,0.0999870897867138
6.0,Chemprop (default),average,specificity,0.7526772014682167,0.10039408465787306
7.0,Chemprop (default),average,specificity,0.7594268948256401,0.10187085887055801
8.0,Chemprop (default),average,specificity,0.7591236989987254,0.10276551161812501
9.0,Chemprop (default),average,specificity,0.7620014438552861,0.10121529234117713
10.0,Chemprop (default),average,specificity,0.7630386478468182,0.10043380202446366
11.0,Chemprop (default),average,specificity,0.7639758178757475,0.10047284376645259
12.0,Chemprop (default),average,specificity,0.7627888926185941,0.1018864770002001
13.0,Chemprop (default),average,specificity,0.7649744233284241,0.10057500972756962
14.0,Chemprop (default),average,specificity,0.7640558704703158,0.10224099323365411
15.0,Chemprop (default),average,specificity,0.7645471373485928,0.10174461874505258
16.0,Chemprop (default),average,specificity,0.7648571655258823,0.10224610726989701
17.0,Chemprop (default),average,specificity,0.7647590039214943,0.10166956098559361
18.0,Chemprop (default),average,specificity,0.7642339036288994,0.10269238943254035
19.0,Chemprop (default),average,specificity,0.7650320730178366,0.102902941640762
20.0,Chemprop (default),average,specificity,0.7655020297544798,0.1036538299042382
21.0,Chemprop (default),average,specificity,0.7639812740363787,0.10317197432500864
22.0,Chemprop (default),average,specificity,0.7644130853005586,0.10358698198618853
23.0,Chemprop (default),average,specificity,0.7631790181831097,0.10365211646587268
24.0,Chemprop (default),average,specificity,0.7634920762662181,0.10465757913518406
25.0,Chemprop (default),average,specificity,0.7633305402237636,0.10420263895198659
26.0,Chemprop (default),average,specificity,0.76352940042594,0.10418093710281455
27.0,Chemprop (default),average,specificity,0.7629089031291072,0.10473483724088446
28.0,Chemprop (default),average,specificity,0.7637913912276865,0.10381513870953196
29.0,Chemprop (default),average,specificity,0.7639382640101934,0.10382721500917734
30.0,Chemprop (default),average,specificity,0.7646763449535103,0.10314180909939694
31.0,Chemprop (default),average,specificity,0.7643756715802484,0.1035736016222654
32.0,Chemprop (default),average,specificity,0.7636493793198721,0.10390384908677669
33.0,Chemprop (default),average,specificity,0.7633086380356796,0.10401624806617181
34.0,Chemprop (default),average,specificity,0.7642136236868408,0.10443908926171026
35.0,Chemprop (default),average,specificity,0.7635098860454577,0.10539370529322091
36.0,Chemprop (default),average,specificity,0.7632950854514413,0.10490790348599974
37.0,Chemprop (default),average,specificity,0.7625055682170904,0.10580909945807492
38.0,Chemprop (default),average,specificity,0.7623487902976407,0.10587444271357559
39.0,Chemprop (default),average,specificity,0.7634081686293781,0.10526630363340661
40.0,Chemprop (default),average,specificity,0.7624692220028894,0.10575426356162118
41.0,Chemprop (default),average,specificity,0.7639063616834021,0.10544606908242136
42.0,Chemprop (default),average,specificity,0.7628551260986416,0.10671859219181776
43.0,Chemprop (default),average,specificity,0.7628053015603858,0.10618654546262916
44.0,Chemprop (default),average,specificity,0.7624373937582011,0.10612801950521837
45.0,Chemprop (default),average,specificity,0.7631501343943009,0.10628763741075457
46.0,Chemprop (default),average,specificity,0.7624358316114035,0.10685569320320318
47.0,Chemprop (default),average,specificity,0.7626196002444334,0.1071344435803735
48.0,Chemprop (default),average,specificity,0.7621462153698608,0.10720368172570618
49.0,Chemprop (default),average,specificity,0.762387919395052,0.10652013028820376
50.0,Chemprop (default),average,specificity,0.762698285526576,0.1060982666399031
51.0,Chemprop (default),average,specificity,0.762965812358649,0.10638164432106936
52.0,Chemprop (default),average,specificity,0.7638589676778595,0.1064258488764145
53.0,Chemprop (default),average,specificity,0.7623516476512158,0.10684186210654391
54.0,Chemprop (default),average,specificity,0.7630115160556605,0.10726345649535463
55.0,Chemprop (default),average,specificity,0.7628862111636617,0.10737520678790538
56.0,Chemprop (default),average,specificity,0.7634726281708127,0.10725895651620203
57.0,Chemprop (default),average,specificity,0.7626524425834724,0.1081575620377587
58.0,Chemprop (default),average,specificity,0.7633172963443919,0.10807733964076355
59.0,Chemprop (default),average,specificity,0.7628969527919754,0.10873355057739256
60.0,Chemprop (default),average,specificity,0.7632679053900339,0.10796041017364888
61.0,Chemprop (default),average,specificity,0.7630768091197437,0.10837680999670202
62.0,Chemprop (default),average,specificity,0.7635137958298737,0.10826616518693637
63.0,Chemprop (default),average,specificity,0.763489753809435,0.10907874458500079
64.0,Chemprop (default),average,specificity,0.7636252368731121,0.10933235275387393
65.0,Chemprop (default),average,specificity,0.7632434417672438,0.10977229056628035
66.0,Chemprop (default),average,specificity,0.7631675418044062,0.10966529573061087
67.0,Chemprop (default),average,specificity,0.7633848253094702,0.10955415790129758
68.0,Chemprop (default),average,specificity,0.7630993126999175,0.10972641173490993
69.0,Chemprop (default),average,specificity,0.7635964214614581,0.10980563275162142
70.0,Chemprop (default),average,specificity,0.7625737549756982,0.10951624373857481
71.0,Chemprop (default),average,specificity,0.7640224769509492,0.10982378818659289
72.0,Chemprop (default),average,specificity,0.7631450919456634,0.11047843129918808
73.0,Chemprop (default),average,specificity,0.763637756029519,0.11115049161761827
74.0,Chemprop (default),average,specificity,0.7642469351199733,0.11047800852201048
75.0,Chemprop (default),average,specificity,0.7645429457368338,0.1103571709860295
76.0,Chemprop (default),average,specificity,0.7638575946251622,0.11110658779134887
77.0,Chemprop (default),average,specificity,0.7645758379134263,0.10971374225048497
78.0,Chemprop (default),average,specificity,0.7637913160725661,0.11033064016485936
79.0,Chemprop (default),average,specificity,0.7647401411677971,0.10942928409011143
80.0,Chemprop (default),average,specificity,0.7634967623638396,0.10961456836955291
81.0,Chemprop (default),average,specificity,0.7631450074996784,0.11055347270752754
82.0,Chemprop (default),average,specificity,0.7631789407889938,0.11024305594000522
83.0,Chemprop (default),average,specificity,0.7633647759136976,0.11051155727571958
84.0,Chemprop (default),average,specificity,0.7634185892444593,0.1097474519497409
85.0,Chemprop (default),average,specificity,0.7646940409172878,0.1090821538414797
86.0,Chemprop (default),average,specificity,0.7644509472812112,0.1088879149418882
87.0,Chemprop (default),average,specificity,0.7648634327172533,0.10893193201313041
88.0,Chemprop (default),average,specificity,0.7635827634150726,0.10962642747589983
89.0,Chemprop (default),average,specificity,0.764251481051104,0.1091786023291766
90.0,Chemprop (default),average,specificity,0.7641184386505151,0.10937762043488224
91.0,Chemprop (default),average,specificity,0.7641593178902358,0.10972768870108704
92.0,Chemprop (default),average,specificity,0.7633151907059029,0.10959425867391648
93.0,Chemprop (default),average,specificity,0.7639260491455072,0.11001901558617638
94.0,Chemprop (default),average,specificity,0.7643160683533005,0.10981039982695429
95.0,Chemprop (default),average,specificity,0.7646638756765847,0.10972292211564093
96.0,Chemprop (default),average,specificity,0.7640507473688858,0.10927455932314631
97.0,Chemprop (default),average,specificity,0.7646628371357731,0.10956318091963341
98.0,Chemprop (default),average,specificity,0.7641105253821563,0.10988921241747535
99.0,Chemprop (default),average,specificity,0.7643074174725639,0.10983182779181885
100.0,Chemprop (default),average,specificity,0.764249226778328,0.10876848047694453
101.0,Chemprop (default),average,specificity,0.7650918128133131,0.10913189317098604
102.0,Chemprop (default),average,specificity,0.7648738254407716,0.1092576501199674
103.0,Chemprop (default),average,specificity,0.7652047338431932,0.10956075979411205
104.0,Chemprop (default),average,specificity,0.7649447654873347,0.10897543432386798
105.0,Chemprop (default),average,specificity,0.7655507201117977,0.10958189970331336
106.0,Chemprop (default),average,specificity,0.7649519887711403,0.10895404036917802
107.0,Chemprop (default),average,specificity,0.7654639443381559,0.10932315890520364
108.0,Chemprop (default),average,specificity,0.765144962940377,0.10924616322723629
109.0,Chemprop (default),average,specificity,0.7651067735428968,0.11034724531755376
110.0,Chemprop (default),average,specificity,0.7650783435961164,0.10967000026591854
111.0,Chemprop (default),average,specificity,0.765252028021871,0.11043253098020152
112.0,Chemprop (default),average,specificity,0.7652921250588107,0.1104743617625061
113.0,Chemprop (default),average,specificity,0.7654527263077171,0.11085439295083532
114.0,Chemprop (default),average,specificity,0.765722363359505,0.11016019627544596
115.0,Chemprop (default),average,specificity,0.7655910742387377,0.11012939759547637
116.0,Chemprop (default),average,specificity,0.7653428854833544,0.1105909645706906
117.0,Chemprop (default),average,specificity,0.7657470655039178,0.11023079720610195
118.0,Chemprop (default),average,specificity,0.7655730110860565,0.11001004972450991
119.0,Chemprop (default),average,specificity,0.7662020596988188,0.11011634491404669
120.0,Chemprop (default),average,specificity,0.7665037567823082,0.11013544063511838
121.0,Chemprop (default),average,specificity,0.766524103867846,0.11017062195689406
122.0,Chemprop (default),average,specificity,0.7662959352910924,0.109977009145072
123.0,Chemprop (default),average,specificity,0.7663530741055831,0.10996011662810068
124.0,Chemprop (default),average,specificity,0.7664930175461336,0.11011010142637132
125.0,Chemprop (default),average,specificity,0.7664019844477035,0.11008985714616654
126.0,Chemprop (default),average,specificity,0.7667987511622197,0.11034423870124216
127.0,Chemprop (default),average,specificity,0.7675831840199756,0.1099944942688607
128.0,Chemprop (default),average,specificity,0.7677928501205048,0.10933739370536108
129.0,Chemprop (default),average,specificity,0.7674766688964512,0.11054822972299459
130.0,Chemprop (default),average,specificity,0.7673723796226807,0.11062696475381398
131.0,Chemprop (default),average,specificity,0.7671900478242029,0.1105643029238936
132.0,Chemprop (default),average,specificity,0.7671313436361986,0.11035348517282065
133.0,Chemprop (default),average,specificity,0.7675758355190965,0.10973809965599704
134.0,Chemprop (default),average,specificity,0.7672850323765062,0.1100590805282889
135.0,Chemprop (default),average,specificity,0.7677523094056766,0.11046402590263835
136.0,Chemprop (default),average,specificity,0.7672502881985543,0.11034403646944939
137.0,Chemprop (default),average,specificity,0.7672359963535561,0.11013915383366821
138.0,Chemprop (default),average,specificity,0.7673369733494928,0.11037901503914123
139.0,Chemprop (default),average,specificity,0.7679712165843992,0.10953783160514388
140.0,Chemprop (default),average,specificity,0.7675336184200577,0.11068530431271252
141.0,Chemprop (default),average,specificity,0.7681991863279266,0.10977184011854224
142.0,Chemprop (default),average,specificity,0.768173550738672,0.1100751790590871
143.0,Chemprop (default),average,specificity,0.7684263504715755,0.11046621942310085
144.0,Chemprop (default),average,specificity,0.7678260244523943,0.10984795714881085
145.0,Chemprop (default),average,specificity,0.7681824628077507,0.1104010953643974
146.0,Chemprop (default),average,specificity,0.7680777375988588,0.1105760524250129
147.0,Chemprop (default),average,specificity,0.7682859894364428,0.11103315897812918
148.0,Chemprop (default),average,specificity,0.7682362763548685,0.11094674356257277
149.0,Chemprop (default),average,specificity,0.7686373306110018,0.11106458878572069
150.0,Chemprop (default),average,specificity,0.7681956108808201,0.11137074723690188
151.0,Chemprop (default),average,specificity,0.7687616766912272,0.11245268584420783
152.0,Chemprop (default),average,specificity,0.7682911591355115,0.11209087844121225
153.0,Chemprop (default),average,specificity,0.7683765346303452,0.11216370449097364
154.0,Chemprop (default),average,specificity,0.7685324918725126,0.11245546587161193
155.0,Chemprop (default),average,specificity,0.7685891120498457,0.11255451710507863
156.0,Chemprop (default),average,specificity,0.7692830101611402,0.11262852432859978
157.0,Chemprop (default),average,specificity,0.7692129669666901,0.11279769260668313
158.0,Chemprop (default),average,specificity,0.7695710241582264,0.11307967617585568
159.0,Chemprop (default),average,specificity,0.7698098002976606,0.11320142504269451
160.0,Chemprop (default),average,specificity,0.7693742305328,0.11344823410444517
161.0,Chemprop (default),average,specificity,0.7693456986873974,0.11269108072498284
162.0,Chemprop (default),average,specificity,0.7698405853218822,0.11300439056112342
163.0,Chemprop (default),average,specificity,0.7699720790771285,0.11255642775433168
164.0,Chemprop (default),average,specificity,0.7704705015483246,0.11201507709087363
165.0,Chemprop (default),average,specificity,0.770090361471685,0.11230630085299495
166.0,Chemprop (default),average,specificity,0.7704021679996019,0.11190957682226335
167.0,Chemprop (default),average,specificity,0.7704737114150985,0.11232811018609024
168.0,Chemprop (default),average,specificity,0.7707010087900944,0.1122298873890376
169.0,Chemprop (default),average,specificity,0.7703232316290073,0.11274644314123741
170.0,Chemprop (default),average,specificity,0.7706104376321289,0.11228828434150952
171.0,Chemprop (default),average,specificity,0.7710232447512236,0.11275985796136923
172.0,Chemprop (default),average,specificity,0.7709798157444108,0.11221009745396257
173.0,Chemprop (default),average,specificity,0.7708347021910958,0.11270934250091691
174.0,Chemprop (default),average,specificity,0.7705621856347308,0.11276727857049555
175.0,Chemprop (default),average,specificity,0.7708110693008194,0.1124259211018747
176.0,Chemprop (default),average,specificity,0.7711324095800122,0.11282656236762127
177.0,Chemprop (default),average,specificity,0.771121877283136,0.11270077504189492
178.0,Chemprop (default),average,specificity,0.771265633727494,0.11292986094672067
179.0,Chemprop (default),average,specificity,0.7720296429851347,0.11223993851790205
180.0,Chemprop (default),average,specificity,0.7720951651407705,0.11237816583647185
181.0,Chemprop (default),average,specificity,0.7722130431755795,0.11267845816745853
182.0,Chemprop (default),average,specificity,0.771838092810501,0.11322392649674194
183.0,Chemprop (default),average,specificity,0.7721407519755836,0.11298191476426292
184.0,Chemprop (default),average,specificity,0.7722160003884143,0.11296385333501137
185.0,Chemprop (default),average,specificity,0.771987327541854,0.11316972280300644
186.0,Chemprop (default),average,specificity,0.7719426317487768,0.11328788276625454
187.0,Chemprop (default),average,specificity,0.7722434278629166,0.11325400322428655
188.0,Chemprop (default),average,specificity,0.7726418512623549,0.1134352051386071
189.0,Chemprop (default),average,specificity,0.7731734552659718,0.11346737527640985
190.0,Chemprop (default),average,specificity,0.7732260423777144,0.11325444789138002
191.0,Chemprop (default),average,specificity,0.7733397659259179,0.11349336854886635
192.0,Chemprop (default),average,specificity,0.7728892712082813,0.11359310326257206
193.0,Chemprop (default),average,specificity,0.7731670880522215,0.11322777201062226
194.0,Chemprop (default),average,specificity,0.7728455458357922,0.11365242582499692
195.0,Chemprop (default),average,specificity,0.7727038929947657,0.11377449868064529
196.0,Chemprop (default),average,specificity,0.7730087178169618,0.11349961129030775
197.0,Chemprop (default),average,specificity,0.7733982492311601,0.11338471278234258
198.0,Chemprop (default),average,specificity,0.7739751003380175,0.11313605174163611
199.0,Chemprop (default),average,specificity,0.7738066940350582,0.1136287144038015
200.0,Chemprop (default),average,specificity,0.7739743745086831,0.11331071652885791
1.0,Chemprop (large),average,specificity,0.7291515173762861,0.10075288976021946
2.0,Chemprop (large),average,specificity,0.7291515173762861,0.10075288976021946
3.0,Chemprop (large),average,specificity,0.7266215827073351,0.10327638447002763
4.0,Chemprop (large),average,specificity,0.727737497361763,0.10293107622852103
5.0,Chemprop (large),average,specificity,0.7283381158159062,0.10394955854753878
6.0,Chemprop (large),average,specificity,0.7273643996416745,0.10615987335391633
7.0,Chemprop (large),average,specificity,0.7263537447674642,0.10637070359420267
8.0,Chemprop (large),average,specificity,0.7270792893870438,0.10597715172709476
9.0,Chemprop (large),average,specificity,0.7269954983893346,0.1055913926697537
10.0,Chemprop (large),average,specificity,0.7278231331046945,0.10555768491150098
11.0,Chemprop (large),average,specificity,0.7269053616856617,0.10568026651362386
12.0,Chemprop (large),average,specificity,0.7274871112015704,0.10532364983632396
13.0,Chemprop (large),average,specificity,0.7271565065959313,0.10640111817938888
14.0,Chemprop (large),average,specificity,0.7268600873550985,0.10569286676459
15.0,Chemprop (large),average,specificity,0.7261342926446325,0.10591384147913283
16.0,Chemprop (large),average,specificity,0.7273355750878472,0.10579139747621881
17.0,Chemprop (large),average,specificity,0.7267977221604451,0.10575634763041071
18.0,Chemprop (large),average,specificity,0.7264060872932444,0.10641487685180541
19.0,Chemprop (large),average,specificity,0.724896314627916,0.10665939655588798
20.0,Chemprop (large),average,specificity,0.7246671963255155,0.1079682059693049
21.0,Chemprop (large),average,specificity,0.7244686048372422,0.10873575973972795
22.0,Chemprop (large),average,specificity,0.7249527183465609,0.10795863244714565
23.0,Chemprop (large),average,specificity,0.7248697054385387,0.10829545381973185
24.0,Chemprop (large),average,specificity,0.7251356941771747,0.10877323769722616
25.0,Chemprop (large),average,specificity,0.7244931322933411,0.10837444146924496
26.0,Chemprop (large),average,specificity,0.724629617126066,0.10875381847711321
27.0,Chemprop (large),average,specificity,0.7240826834271423,0.10815667212122344
28.0,Chemprop (large),average,specificity,0.7242097057504435,0.10863823945107463
29.0,Chemprop (large),average,specificity,0.7240366918758713,0.1080114750572938
30.0,Chemprop (large),average,specificity,0.7234247609331568,0.10956086427823633
31.0,Chemprop (large),average,specificity,0.7237116519340888,0.1095394711281837
32.0,Chemprop (large),average,specificity,0.7244869035163382,0.1094103792599273
33.0,Chemprop (large),average,specificity,0.7242524391727827,0.10886986305316707
34.0,Chemprop (large),average,specificity,0.724363624946435,0.10920708780011039
35.0,Chemprop (large),average,specificity,0.7242132338928609,0.10898096971044322
36.0,Chemprop (large),average,specificity,0.7242263853672505,0.108814338307458
37.0,Chemprop (large),average,specificity,0.7230758161504405,0.1093311566212042
38.0,Chemprop (large),average,specificity,0.7232704287823354,0.1088645410423697
39.0,Chemprop (large),average,specificity,0.7231370203282509,0.10853688782278006
40.0,Chemprop (large),average,specificity,0.7235283488990022,0.10858175385857459
41.0,Chemprop (large),average,specificity,0.7231867398972455,0.10923844628983381
42.0,Chemprop (large),average,specificity,0.7233100296200591,0.10926093696879063
43.0,Chemprop (large),average,specificity,0.723375712138331,0.1085354417576991
44.0,Chemprop (large),average,specificity,0.7231313016480088,0.10925033089524357
45.0,Chemprop (large),average,specificity,0.7223874467979619,0.10917311199982255
46.0,Chemprop (large),average,specificity,0.722596092100792,0.10889211661272447
47.0,Chemprop (large),average,specificity,0.7225626741877426,0.1095868541547949
48.0,Chemprop (large),average,specificity,0.722431879760013,0.1104052186251675
49.0,Chemprop (large),average,specificity,0.7223093781762645,0.11111324128383412
50.0,Chemprop (large),average,specificity,0.7215261085600475,0.11173075368616173
51.0,Chemprop (large),average,specificity,0.7219329122356561,0.11126673522009042
52.0,Chemprop (large),average,specificity,0.7215547934693258,0.11128772837360283
53.0,Chemprop (large),average,specificity,0.7213345765245694,0.11154321173255673
54.0,Chemprop (large),average,specificity,0.7214770991434719,0.11095140897802877
55.0,Chemprop (large),average,specificity,0.7209767279681618,0.1110401584052605
56.0,Chemprop (large),average,specificity,0.7212815398874326,0.11178338858260582
57.0,Chemprop (large),average,specificity,0.7206827317026854,0.11240265971017425
58.0,Chemprop (large),average,specificity,0.7204793643188276,0.11205580692626362
59.0,Chemprop (large),average,specificity,0.720036840511618,0.11269685650954489
60.0,Chemprop (large),average,specificity,0.7210446898188875,0.1116976835181161
61.0,Chemprop (large),average,specificity,0.7205190260584068,0.11297903693330566
62.0,Chemprop (large),average,specificity,0.7202945292138893,0.11297206393047061
63.0,Chemprop (large),average,specificity,0.7204551744532215,0.11259837537456865
64.0,Chemprop (large),average,specificity,0.7211768072438827,0.11217660514026122
65.0,Chemprop (large),average,specificity,0.7210902589953174,0.11178110350233868
66.0,Chemprop (large),average,specificity,0.7209537757709845,0.11207157052413892
67.0,Chemprop (large),average,specificity,0.7213178490714851,0.11127129070365999
68.0,Chemprop (large),average,specificity,0.7214861747585027,0.11139816954017696
69.0,Chemprop (large),average,specificity,0.7211266278880569,0.11206747671249814
70.0,Chemprop (large),average,specificity,0.7219382896782789,0.1110759473537237
71.0,Chemprop (large),average,specificity,0.7216060073891758,0.11150837963340637
72.0,Chemprop (large),average,specificity,0.7208960221630167,0.11173430605905395
73.0,Chemprop (large),average,specificity,0.7205306488856418,0.1125162679342727
74.0,Chemprop (large),average,specificity,0.7202045539584117,0.11320057454056615
75.0,Chemprop (large),average,specificity,0.720959451230172,0.11258291463639945
76.0,Chemprop (large),average,specificity,0.7208535635183767,0.11321396719612853
77.0,Chemprop (large),average,specificity,0.7207189482878583,0.11244327578229511
78.0,Chemprop (large),average,specificity,0.7207169299565954,0.11290442439705597
79.0,Chemprop (large),average,specificity,0.7204552346019448,0.11310900051459485
80.0,Chemprop (large),average,specificity,0.7206204736388342,0.11311247211698111
81.0,Chemprop (large),average,specificity,0.7200416048048,0.11346907108699814
82.0,Chemprop (large),average,specificity,0.7202039567669286,0.11356411973165881
83.0,Chemprop (large),average,specificity,0.7204826094076374,0.11387687986055135
84.0,Chemprop (large),average,specificity,0.7203909274717814,0.11388118775705022
85.0,Chemprop (large),average,specificity,0.7203425208862104,0.11389971188407919
86.0,Chemprop (large),average,specificity,0.7201359974361228,0.11454577004907888
87.0,Chemprop (large),average,specificity,0.7202636948095928,0.11360552179547029
88.0,Chemprop (large),average,specificity,0.719605473249031,0.11506720588217442
89.0,Chemprop (large),average,specificity,0.7195795807688774,0.11507161586255962
90.0,Chemprop (large),average,specificity,0.7195324271154944,0.11513213660050871
91.0,Chemprop (large),average,specificity,0.719699985818655,0.11532475779713142
92.0,Chemprop (large),average,specificity,0.7193491162817751,0.11521848040825211
93.0,Chemprop (large),average,specificity,0.7191980243477919,0.11521408842141433
94.0,Chemprop (large),average,specificity,0.7191798800043199,0.11580213341553611
95.0,Chemprop (large),average,specificity,0.7189775994097785,0.1156176216346288
96.0,Chemprop (large),average,specificity,0.7192578786680032,0.11571791296722805
97.0,Chemprop (large),average,specificity,0.7194284018239698,0.11555152034546046
98.0,Chemprop (large),average,specificity,0.7191734369148486,0.1161398661908269
99.0,Chemprop (large),average,specificity,0.7194219074688881,0.1158762248178248
100.0,Chemprop (large),average,specificity,0.7192574068469623,0.11581305185782943
101.0,Chemprop (large),average,specificity,0.7200954892053241,0.11470291730273555
102.0,Chemprop (large),average,specificity,0.71980313668248,0.11479640982775202
103.0,Chemprop (large),average,specificity,0.7200994496064085,0.1147430657852948
104.0,Chemprop (large),average,specificity,0.719860351579187,0.11464759772729718
105.0,Chemprop (large),average,specificity,0.7197186859470367,0.11467013756466296
106.0,Chemprop (large),average,specificity,0.719916244777563,0.11424966003192309
107.0,Chemprop (large),average,specificity,0.7197318218417093,0.11440710921429507
108.0,Chemprop (large),average,specificity,0.7194788566305871,0.11497615663440801
109.0,Chemprop (large),average,specificity,0.7194079845793658,0.1149020001899193
110.0,Chemprop (large),average,specificity,0.7198166373795928,0.1142324666009522
111.0,Chemprop (large),average,specificity,0.7200129178027859,0.11404245918173668
112.0,Chemprop (large),average,specificity,0.7201460567061702,0.11394514143002969
113.0,Chemprop (large),average,specificity,0.7200024942288826,0.11479179519104224
114.0,Chemprop (large),average,specificity,0.7199022863217418,0.11495101574175294
115.0,Chemprop (large),average,specificity,0.7198514266233158,0.11500378042524809
116.0,Chemprop (large),average,specificity,0.7199535234557611,0.11482171875719298
117.0,Chemprop (large),average,specificity,0.7202446376033395,0.11478108324179116
118.0,Chemprop (large),average,specificity,0.7202796393761457,0.11482583664137776
119.0,Chemprop (large),average,specificity,0.7201387973253576,0.11507481167536668
120.0,Chemprop (large),average,specificity,0.7203943047549999,0.11467062178585384
121.0,Chemprop (large),average,specificity,0.7204672906057112,0.11528490423649264
122.0,Chemprop (large),average,specificity,0.7206573540267256,0.11500521421017075
123.0,Chemprop (large),average,specificity,0.7209473143897537,0.11493257944140663
124.0,Chemprop (large),average,specificity,0.7212181578724978,0.11440504846490088
125.0,Chemprop (large),average,specificity,0.7210806340084922,0.11482365381172384
126.0,Chemprop (large),average,specificity,0.721359173899953,0.11496584836798768
127.0,Chemprop (large),average,specificity,0.721195793447572,0.11547593497644958
128.0,Chemprop (large),average,specificity,0.7207873016078145,0.11557873916722314
129.0,Chemprop (large),average,specificity,0.7211204817194401,0.11516493540206783
130.0,Chemprop (large),average,specificity,0.7211687722913065,0.11515477630335362
131.0,Chemprop (large),average,specificity,0.7211879085596838,0.11520191780178418
132.0,Chemprop (large),average,specificity,0.7211882724782664,0.11591991008872453
133.0,Chemprop (large),average,specificity,0.7209508057652458,0.11574583793677244
134.0,Chemprop (large),average,specificity,0.7207987902273093,0.11577701065371963
135.0,Chemprop (large),average,specificity,0.7208742511314716,0.1158267699970409
136.0,Chemprop (large),average,specificity,0.7209139002302922,0.1159808594523411
137.0,Chemprop (large),average,specificity,0.7209629338018303,0.1154223047290745
138.0,Chemprop (large),average,specificity,0.7207209429065553,0.11611442740857562
139.0,Chemprop (large),average,specificity,0.7210042353355619,0.11561095358695066
140.0,Chemprop (large),average,specificity,0.7212306008853712,0.11619130385803488
141.0,Chemprop (large),average,specificity,0.721373176392599,0.11585370427698542
142.0,Chemprop (large),average,specificity,0.7210151624719825,0.11637533666299787
143.0,Chemprop (large),average,specificity,0.7209194210632804,0.11654120633005638
144.0,Chemprop (large),average,specificity,0.7212854198321501,0.11595539639880245
145.0,Chemprop (large),average,specificity,0.721162138507947,0.11659218660906691
146.0,Chemprop (large),average,specificity,0.7213062778260769,0.11637055309468626
147.0,Chemprop (large),average,specificity,0.7210660920602936,0.11654434318264377
148.0,Chemprop (large),average,specificity,0.7213970040572764,0.11584874203608118
149.0,Chemprop (large),average,specificity,0.7213534937278838,0.11582705597882133
150.0,Chemprop (large),average,specificity,0.721659463684672,0.11552924045150728
151.0,Chemprop (large),average,specificity,0.7215576840061995,0.11542185279858867
152.0,Chemprop (large),average,specificity,0.7217190556312325,0.11555092827257088
153.0,Chemprop (large),average,specificity,0.7218465121005974,0.11559976217181195
154.0,Chemprop (large),average,specificity,0.7218867631890501,0.11575287897024486
155.0,Chemprop (large),average,specificity,0.7217431763041559,0.11610303781578246
156.0,Chemprop (large),average,specificity,0.7222088005890241,0.11648233913157022
157.0,Chemprop (large),average,specificity,0.7220804895461141,0.1160167264839835
158.0,Chemprop (large),average,specificity,0.7223109737436323,0.11613300617839606
159.0,Chemprop (large),average,specificity,0.7224065044912453,0.11568264477583533
160.0,Chemprop (large),average,specificity,0.7222883680475171,0.11631186839397428
161.0,Chemprop (large),average,specificity,0.7229074494554107,0.115934845298956
162.0,Chemprop (large),average,specificity,0.7224032078750373,0.11655687973382034
163.0,Chemprop (large),average,specificity,0.7225415791688851,0.11656759223722556
164.0,Chemprop (large),average,specificity,0.7225639894965994,0.11647347792598191
165.0,Chemprop (large),average,specificity,0.7224072483015856,0.1170100397719037
166.0,Chemprop (large),average,specificity,0.7227948790920921,0.1170107894163856
167.0,Chemprop (large),average,specificity,0.7231002514255875,0.1168491062972865
168.0,Chemprop (large),average,specificity,0.722809464286037,0.11714565200978362
169.0,Chemprop (large),average,specificity,0.7229469931674634,0.11615271592722975
170.0,Chemprop (large),average,specificity,0.7228712289052333,0.11717496268068309
171.0,Chemprop (large),average,specificity,0.7230613724052288,0.11644505261432099
172.0,Chemprop (large),average,specificity,0.7229158039227837,0.11722183585765
173.0,Chemprop (large),average,specificity,0.7229180966656031,0.11702002619114489
174.0,Chemprop (large),average,specificity,0.722582497857646,0.11711344684476024
175.0,Chemprop (large),average,specificity,0.7227712778830196,0.11726575295804195
176.0,Chemprop (large),average,specificity,0.7224079619909455,0.11719705598851021
177.0,Chemprop (large),average,specificity,0.722929920095416,0.11731285486356977
178.0,Chemprop (large),average,specificity,0.722891523250007,0.117073927424143
179.0,Chemprop (large),average,specificity,0.7234010577810537,0.11717503336795465
180.0,Chemprop (large),average,specificity,0.7227487648444285,0.11725554782645617
181.0,Chemprop (large),average,specificity,0.7230831690322023,0.11742022080058945
182.0,Chemprop (large),average,specificity,0.7228963427733457,0.1169052536118258
183.0,Chemprop (large),average,specificity,0.7231305088623483,0.11686597736553596
184.0,Chemprop (large),average,specificity,0.7232353966230575,0.11693979470809886
185.0,Chemprop (large),average,specificity,0.7232940756615543,0.11676732062210878
186.0,Chemprop (large),average,specificity,0.723403817644188,0.11624278303546261
187.0,Chemprop (large),average,specificity,0.7236725960514443,0.11641280863346858
188.0,Chemprop (large),average,specificity,0.7234874679412422,0.1162838221406672
189.0,Chemprop (large),average,specificity,0.7239709543367131,0.11690566638755145
190.0,Chemprop (large),average,specificity,0.7240854246760777,0.11674441842211883
191.0,Chemprop (large),average,specificity,0.7241641346648298,0.11671426758312782
192.0,Chemprop (large),average,specificity,0.7239866400428189,0.11675258458054506
193.0,Chemprop (large),average,specificity,0.724231170614795,0.1169093502112674
194.0,Chemprop (large),average,specificity,0.7244123754952392,0.11700026646688162
195.0,Chemprop (large),average,specificity,0.7244316029039197,0.11711377115829455
196.0,Chemprop (large),average,specificity,0.7245132778502559,0.11675930628701355
197.0,Chemprop (large),average,specificity,0.7236295948497172,0.11706906020477323
198.0,Chemprop (large),average,specificity,0.7242620690533225,0.11682048426180616
199.0,Chemprop (large),average,specificity,0.7240789019950791,0.11704783535180058
200.0,Chemprop (large),average,specificity,0.7246418528214577,0.11709001903490567
1.0,Morgan,average,specificity,0.7996195438405713,0.07008556727943284
2.0,Morgan,average,specificity,0.7849740546050366,0.07392165265411947
3.0,Morgan,average,specificity,0.8501081598367883,0.07174166800085954
4.0,Morgan,average,specificity,0.8497726741390976,0.07186008815414875
5.0,Morgan,average,specificity,0.8800020294253046,0.0674487781456199
6.0,Morgan,average,specificity,0.8783382189904988,0.07012054469398331
7.0,Morgan,average,specificity,0.8926492604496588,0.0720534167861101
8.0,Morgan,average,specificity,0.8935292597500095,0.071114741047037
9.0,Morgan,average,specificity,0.9010491565065729,0.07228832649657048
10.0,Morgan,average,specificity,0.9031336114979451,0.06893961839103718
11.0,Morgan,average,specificity,0.9099730297009886,0.06955021578688188
12.0,Morgan,average,specificity,0.9100563939165808,0.06905398210511195
13.0,Morgan,average,specificity,0.9135164946520188,0.06970854994439735
14.0,Morgan,average,specificity,0.9133748520257822,0.06721234007121502
15.0,Morgan,average,specificity,0.9175459380053833,0.06748542333898705
16.0,Morgan,average,specificity,0.917012888631142,0.0689889161039316
17.0,Morgan,average,specificity,0.919127791852936,0.07012851892617115
18.0,Morgan,average,specificity,0.9198345172093855,0.06878265568735657
19.0,Morgan,average,specificity,0.9204123110594299,0.07221491155061333
20.0,Morgan,average,specificity,0.9213346646372933,0.07147226035404633
21.0,Morgan,average,specificity,0.9241284689117728,0.07193120261958384
22.0,Morgan,average,specificity,0.9250827551228739,0.0716962480393835
23.0,Morgan,average,specificity,0.9280019742832443,0.07164811621306577
24.0,Morgan,average,specificity,0.9293353080707479,0.07088215514969029
25.0,Morgan,average,specificity,0.9312986119896075,0.07312985306635844
26.0,Morgan,average,specificity,0.9318059834780607,0.07159166250057782
27.0,Morgan,average,specificity,0.9341542047922867,0.07244721780557321
28.0,Morgan,average,specificity,0.9343292197922375,0.07150294363969364
29.0,Morgan,average,specificity,0.9368545579102339,0.07106622559341
30.0,Morgan,average,specificity,0.9373837408457999,0.07178288649877901
31.0,Morgan,average,specificity,0.9385137740261166,0.07217844737937447
32.0,Morgan,average,specificity,0.9391036925257036,0.07127172730387095
33.0,Morgan,average,specificity,0.9413449039261153,0.06998375107680721
34.0,Morgan,average,specificity,0.9428462832661922,0.06720950272839964
35.0,Morgan,average,specificity,0.9440667748262855,0.0674525690857047
36.0,Morgan,average,specificity,0.9448850713692823,0.06630921083912285
37.0,Morgan,average,specificity,0.9462984567067426,0.06690433288940122
38.0,Morgan,average,specificity,0.947045140987919,0.0660756697601705
39.0,Morgan,average,specificity,0.9481143994842861,0.06737259761672831
40.0,Morgan,average,specificity,0.9477435620981308,0.0664283217089826
41.0,Morgan,average,specificity,0.9489496687231955,0.06711804587794828
42.0,Morgan,average,specificity,0.9494201244424122,0.06542976275258616
43.0,Morgan,average,specificity,0.9503129757420598,0.06524143641332694
44.0,Morgan,average,specificity,0.9503169206401347,0.06466744889013529
45.0,Morgan,average,specificity,0.951732734481823,0.0643717430655314
46.0,Morgan,average,specificity,0.9517388860586413,0.06317852842805219
47.0,Morgan,average,specificity,0.9530040405955356,0.0627446432650255
48.0,Morgan,average,specificity,0.9534940667465941,0.06176099556683964
49.0,Morgan,average,specificity,0.9547666207742044,0.060417510604333036
50.0,Morgan,average,specificity,0.9553281184302519,0.05980187568072085
51.0,Morgan,average,specificity,0.9556735835690664,0.05990530028580716
52.0,Morgan,average,specificity,0.9562876596535901,0.05968265008412579
53.0,Morgan,average,specificity,0.9577444340322152,0.05985218904377191
54.0,Morgan,average,specificity,0.9575113128005462,0.05879299768521478
55.0,Morgan,average,specificity,0.958878326892257,0.05812734269894488
56.0,Morgan,average,specificity,0.9588548972783362,0.05881230036197377
57.0,Morgan,average,specificity,0.9598070337705152,0.05793878417518819
58.0,Morgan,average,specificity,0.9596415864128415,0.05784166199925518
59.0,Morgan,average,specificity,0.9607884795263896,0.05684351472000985
60.0,Morgan,average,specificity,0.9600390048900297,0.057356013288780434
61.0,Morgan,average,specificity,0.9619766984614359,0.05642275456416079
62.0,Morgan,average,specificity,0.9614318822640854,0.05634110195454215
63.0,Morgan,average,specificity,0.9629972397987102,0.0550661820710382
64.0,Morgan,average,specificity,0.9629424868527312,0.054649120151862726
65.0,Morgan,average,specificity,0.9637056706793383,0.05449691124188033
66.0,Morgan,average,specificity,0.9643461703741726,0.05451297895116205
67.0,Morgan,average,specificity,0.9645650325398537,0.05336325555916052
68.0,Morgan,average,specificity,0.9647111494931191,0.05435023774788851
69.0,Morgan,average,specificity,0.9654083410213246,0.05285532141129153
70.0,Morgan,average,specificity,0.9655559770345897,0.05376118498476865
71.0,Morgan,average,specificity,0.9666956804629911,0.05266414037054098
72.0,Morgan,average,specificity,0.9664840680774363,0.052988979219034664
73.0,Morgan,average,specificity,0.967673811162337,0.05220089533025922
74.0,Morgan,average,specificity,0.9670182141228986,0.05236994399479749
75.0,Morgan,average,specificity,0.9676140997326509,0.05164916584153324
76.0,Morgan,average,specificity,0.9676150247167851,0.051407784207933606
77.0,Morgan,average,specificity,0.9680482981390323,0.0510102725971479
78.0,Morgan,average,specificity,0.9685400602120349,0.05089486144128044
79.0,Morgan,average,specificity,0.9690543668818189,0.05070788512859411
80.0,Morgan,average,specificity,0.9689833176383406,0.05054958396819865
81.0,Morgan,average,specificity,0.9694867626837378,0.05053600441673381
82.0,Morgan,average,specificity,0.9692386250117657,0.05077041283922457
83.0,Morgan,average,specificity,0.9702970598027744,0.04955439834770333
84.0,Morgan,average,specificity,0.9701001616308895,0.049709851189783286
85.0,Morgan,average,specificity,0.9708893192762903,0.04909512870233231
86.0,Morgan,average,specificity,0.9707734069153519,0.04893944500748599
87.0,Morgan,average,specificity,0.9716059641066195,0.048493060672724804
88.0,Morgan,average,specificity,0.9710670596556947,0.04920359811314472
89.0,Morgan,average,specificity,0.971896241512467,0.04816693486450755
90.0,Morgan,average,specificity,0.9720908072902464,0.04822192975281634
91.0,Morgan,average,specificity,0.9723615552251528,0.0475475184582582
92.0,Morgan,average,specificity,0.9734087057776525,0.04687294062960511
93.0,Morgan,average,specificity,0.9738549006295995,0.04667437971354346
94.0,Morgan,average,specificity,0.9736451450304112,0.0462544314315331
95.0,Morgan,average,specificity,0.9736901585095639,0.04643738341699371
96.0,Morgan,average,specificity,0.9738896022122008,0.04590665409811359
97.0,Morgan,average,specificity,0.9741151586530276,0.045460244884321814
98.0,Morgan,average,specificity,0.9743782546458624,0.04564544879144961
99.0,Morgan,average,specificity,0.9746704379089627,0.04515736184320882
100.0,Morgan,average,specificity,0.9747332023333044,0.045317402616876036
101.0,Morgan,average,specificity,0.9749685211343069,0.04523752440008986
102.0,Morgan,average,specificity,0.9751739453339873,0.04554592785247144
103.0,Morgan,average,specificity,0.9753756994567003,0.044882295457301394
104.0,Morgan,average,specificity,0.9753052681613255,0.04549927208311688
105.0,Morgan,average,specificity,0.9756759672193195,0.045011468240816345
106.0,Morgan,average,specificity,0.9755850486253078,0.04492431398621363
107.0,Morgan,average,specificity,0.9755403599159689,0.04448197407446481
108.0,Morgan,average,specificity,0.9759579484845442,0.044450180673361435
109.0,Morgan,average,specificity,0.9757552079297378,0.04467723056671977
110.0,Morgan,average,specificity,0.975870758000815,0.04550504801084356
111.0,Morgan,average,specificity,0.9759122511051244,0.04444959038406504
112.0,Morgan,average,specificity,0.9766011218661781,0.045158309822995325
113.0,Morgan,average,specificity,0.9767859054055346,0.04399874395081278
114.0,Morgan,average,specificity,0.9765915122776683,0.044815435151131504
115.0,Morgan,average,specificity,0.9764265633739406,0.04431857219525563
116.0,Morgan,average,specificity,0.9767031855436674,0.04432439207951821
117.0,Morgan,average,specificity,0.9770552266169901,0.04358702003303677
118.0,Morgan,average,specificity,0.9772428478551433,0.04367212174843883
119.0,Morgan,average,specificity,0.9773013402681094,0.043378104535661266
120.0,Morgan,average,specificity,0.9771762868205424,0.04306972543331052
121.0,Morgan,average,specificity,0.9777162854239654,0.04301172633387825
122.0,Morgan,average,specificity,0.9780290263753646,0.04246033730932281
123.0,Morgan,average,specificity,0.9783318920602251,0.042088315458109316
124.0,Morgan,average,specificity,0.9784362630780551,0.04225674124804751
125.0,Morgan,average,specificity,0.9787420665796113,0.04201741774411807
126.0,Morgan,average,specificity,0.9784488893019145,0.04221310240753349
127.0,Morgan,average,specificity,0.979091546605385,0.041819561764768955
128.0,Morgan,average,specificity,0.978634195833171,0.041924191920146923
129.0,Morgan,average,specificity,0.9789937944291591,0.04163191870990973
130.0,Morgan,average,specificity,0.9790807891362384,0.04200184352394819
131.0,Morgan,average,specificity,0.9793308972203892,0.04124574784990475
132.0,Morgan,average,specificity,0.9793410673145708,0.041187641182979434
133.0,Morgan,average,specificity,0.9795546403756248,0.04031540304155144
134.0,Morgan,average,specificity,0.9792251906116928,0.040698389767055955
135.0,Morgan,average,specificity,0.9796082201941283,0.03944706231596812
136.0,Morgan,average,specificity,0.979756239752529,0.0391616184548313
137.0,Morgan,average,specificity,0.9803356037467771,0.03851736125582776
138.0,Morgan,average,specificity,0.9802389004067361,0.03896917484795784
139.0,Morgan,average,specificity,0.9804785046286223,0.03816885717183367
140.0,Morgan,average,specificity,0.9801659248474386,0.03828337006756739
141.0,Morgan,average,specificity,0.9803479003724271,0.03796748890459502
142.0,Morgan,average,specificity,0.9802195146967361,0.03846179146430958
143.0,Morgan,average,specificity,0.9803610530162049,0.03764156929104463
144.0,Morgan,average,specificity,0.9803435147351008,0.03780294090239801
145.0,Morgan,average,specificity,0.9805395548589968,0.03726403269588118
146.0,Morgan,average,specificity,0.9806182526825008,0.037151847890174235
147.0,Morgan,average,specificity,0.9804669022653013,0.03722904144028253
148.0,Morgan,average,specificity,0.9807498371782867,0.03693287255228538
149.0,Morgan,average,specificity,0.9809432143339575,0.036727292672374894
150.0,Morgan,average,specificity,0.9809233484449063,0.036581584710677524
151.0,Morgan,average,specificity,0.9810650257781732,0.03697976794424615
152.0,Morgan,average,specificity,0.9811366915631388,0.03667015618935003
153.0,Morgan,average,specificity,0.9811773200511799,0.03651274147980373
154.0,Morgan,average,specificity,0.9811946664702628,0.03628353184258493
155.0,Morgan,average,specificity,0.9815114343307262,0.03569083142072497
156.0,Morgan,average,specificity,0.9818106057019054,0.03532764481340356
157.0,Morgan,average,specificity,0.9819003614110838,0.034771067616647104
158.0,Morgan,average,specificity,0.9819521122076127,0.03480221733025679
159.0,Morgan,average,specificity,0.981925957373375,0.03466800222396242
160.0,Morgan,average,specificity,0.9820869927690556,0.03461868166548584
161.0,Morgan,average,specificity,0.9823188115356988,0.03431515044039989
162.0,Morgan,average,specificity,0.9821675050050211,0.03429457632306701
163.0,Morgan,average,specificity,0.9822603125519563,0.03391239312331698
164.0,Morgan,average,specificity,0.98228931984812,0.033889490538601685
165.0,Morgan,average,specificity,0.9824120118748851,0.033475978969635625
166.0,Morgan,average,specificity,0.9826019825719102,0.033412702016172385
167.0,Morgan,average,specificity,0.9825041462464877,0.03317664947556024
168.0,Morgan,average,specificity,0.9825814752586737,0.03296586813329413
169.0,Morgan,average,specificity,0.98258255297602,0.033110603894176326
170.0,Morgan,average,specificity,0.9825666975001031,0.03311632451095957
171.0,Morgan,average,specificity,0.9826946595598485,0.0328233100233566
172.0,Morgan,average,specificity,0.9823940858784032,0.03254799627261391
173.0,Morgan,average,specificity,0.9826248070827031,0.03265531721946093
174.0,Morgan,average,specificity,0.9826479533768048,0.032390420751755904
175.0,Morgan,average,specificity,0.9826295536472412,0.032296610993012266
176.0,Morgan,average,specificity,0.9828336456730574,0.0321072944851774
177.0,Morgan,average,specificity,0.9828637547761254,0.032142735884852607
178.0,Morgan,average,specificity,0.9829646533247609,0.032041497134274385
179.0,Morgan,average,specificity,0.9830321629242968,0.03162372670038822
180.0,Morgan,average,specificity,0.9830091102892249,0.031421767548696786
181.0,Morgan,average,specificity,0.983028571364157,0.03170075621239658
182.0,Morgan,average,specificity,0.9831860164353935,0.031284698816345526
183.0,Morgan,average,specificity,0.9833036178410715,0.031123965012866676
184.0,Morgan,average,specificity,0.9833865734253551,0.030872315289412658
185.0,Morgan,average,specificity,0.9833863233470328,0.030947419185915502
186.0,Morgan,average,specificity,0.9834639680463074,0.030979634002249734
187.0,Morgan,average,specificity,0.9832765987302199,0.03112567815150324
188.0,Morgan,average,specificity,0.983247861131862,0.031051550133893303
189.0,Morgan,average,specificity,0.9833589398193925,0.031065083785629513
190.0,Morgan,average,specificity,0.9836069180268012,0.03064363876786503
191.0,Morgan,average,specificity,0.9835414242813312,0.030784106646801486
192.0,Morgan,average,specificity,0.9835777554032816,0.03056106929599036
193.0,Morgan,average,specificity,0.9836021162562792,0.03071414743851902
194.0,Morgan,average,specificity,0.9836715170157234,0.030503693479111946
195.0,Morgan,average,specificity,0.9837124028642347,0.03040438044881795
196.0,Morgan,average,specificity,0.9837795352048738,0.030411615888028282
197.0,Morgan,average,specificity,0.983730858575515,0.030383296394621485
198.0,Morgan,average,specificity,0.9837455801703379,0.030283364520179497
199.0,Morgan,average,specificity,0.9838366013653735,0.03032976999696987
200.0,Morgan,average,specificity,0.9839993201164543,0.030454874134179834
1.0,Mordred,average,specificity,0.7350930116564909,0.09147318784894917
2.0,Mordred,average,specificity,0.7350930116564909,0.09147318784894917
3.0,Mordred,average,specificity,0.7844167209190483,0.09048960814197814
4.0,Mordred,average,specificity,0.7856441639405999,0.09321988692304242
5.0,Mordred,average,specificity,0.8032042730222347,0.1018898265691687
6.0,Mordred,average,specificity,0.8052651958944895,0.10225343237039292
7.0,Mordred,average,specificity,0.818362084748688,0.10073583982085961
8.0,Mordred,average,specificity,0.8203641036658298,0.10069223099531857
9.0,Mordred,average,specificity,0.8237780065952386,0.10332213356005661
10.0,Mordred,average,specificity,0.824137987989974,0.10488782005461236
11.0,Mordred,average,specificity,0.830628952290754,0.10624777884227554
12.0,Mordred,average,specificity,0.8304703535662498,0.10451782916475184
13.0,Mordred,average,specificity,0.8343876222787888,0.10735607105904561
14.0,Mordred,average,specificity,0.8364810132585653,0.10480641392596628
15.0,Mordred,average,specificity,0.8395764572898075,0.10708032497937081
16.0,Mordred,average,specificity,0.840299565154437,0.10420155094584795
17.0,Mordred,average,specificity,0.8438455827853008,0.1086241758852579
18.0,Mordred,average,specificity,0.8429804936633907,0.109426338925243
19.0,Mordred,average,specificity,0.8472569465740993,0.11032965907486628
20.0,Mordred,average,specificity,0.8472139639556727,0.1077964931616188
21.0,Mordred,average,specificity,0.850327138432927,0.10865366104713542
22.0,Mordred,average,specificity,0.8521401514883548,0.10934658251609031
23.0,Mordred,average,specificity,0.8553233083342769,0.10822901689935378
24.0,Mordred,average,specificity,0.855814348312521,0.10989125551235072
25.0,Mordred,average,specificity,0.8592553286296372,0.10781081069927492
26.0,Mordred,average,specificity,0.858948736126794,0.10865133327752824
27.0,Mordred,average,specificity,0.8611767350243105,0.10954494980143498
28.0,Mordred,average,specificity,0.8622914242107318,0.10742210343077079
29.0,Mordred,average,specificity,0.8626934484488484,0.11015354170508339
30.0,Mordred,average,specificity,0.8635904169472614,0.10796056854042636
31.0,Mordred,average,specificity,0.8672488908811316,0.10747341100134199
32.0,Mordred,average,specificity,0.8673496138669831,0.10895729413198349
33.0,Mordred,average,specificity,0.8699048088938015,0.11039296075526486
34.0,Mordred,average,specificity,0.8707691935225986,0.1091329856028173
35.0,Mordred,average,specificity,0.8714109937487988,0.11291468049242108
36.0,Mordred,average,specificity,0.870476097557273,0.111336106615648
37.0,Mordred,average,specificity,0.8714094885464598,0.11353605071229232
38.0,Mordred,average,specificity,0.8715736559111746,0.11274905742349399
39.0,Mordred,average,specificity,0.8740453302739097,0.11336253336764125
40.0,Mordred,average,specificity,0.8741028920943613,0.11293862798969699
41.0,Mordred,average,specificity,0.8768978464278713,0.11307638907499606
42.0,Mordred,average,specificity,0.8775939509122188,0.11273634811678991
43.0,Mordred,average,specificity,0.8799649645160262,0.11308524547545255
44.0,Mordred,average,specificity,0.8790572713487569,0.11370927318222009
45.0,Mordred,average,specificity,0.8795448412961558,0.11479921289044005
46.0,Mordred,average,specificity,0.879822002637177,0.11130646539092755
47.0,Mordred,average,specificity,0.8813004434563794,0.11333438466209778
48.0,Mordred,average,specificity,0.881126179142692,0.11289855966775558
49.0,Mordred,average,specificity,0.8820495805746554,0.11409119543924985
50.0,Mordred,average,specificity,0.8830311656518629,0.11323370370774893
51.0,Mordred,average,specificity,0.8829117518757829,0.11587336443196775
52.0,Mordred,average,specificity,0.8844062366525857,0.11412493915329504
53.0,Mordred,average,specificity,0.8852730542510925,0.11631584472039423
54.0,Mordred,average,specificity,0.8849716379138656,0.11496358692195323
55.0,Mordred,average,specificity,0.8868482631230011,0.11607273093561181
56.0,Mordred,average,specificity,0.8869319952367591,0.11554416408098
57.0,Mordred,average,specificity,0.8868220194754792,0.11637542177817382
58.0,Mordred,average,specificity,0.8871953512196105,0.11540420434427551
59.0,Mordred,average,specificity,0.8879327755287402,0.11503457366775896
60.0,Mordred,average,specificity,0.8872695288805368,0.11575904631264118
61.0,Mordred,average,specificity,0.8889932859084976,0.1169971798163957
62.0,Mordred,average,specificity,0.8896426973404872,0.11548765025716497
63.0,Mordred,average,specificity,0.8898186180924433,0.1161404299906309
64.0,Mordred,average,specificity,0.8906800663431049,0.11523639330408317
65.0,Mordred,average,specificity,0.8900613540990098,0.11664534271367807
66.0,Mordred,average,specificity,0.8910586655085087,0.11607187904406101
67.0,Mordred,average,specificity,0.8904854599152188,0.1187570898125325
68.0,Mordred,average,specificity,0.8927880782847325,0.11637288419693236
69.0,Mordred,average,specificity,0.89236700132035,0.11717439444456972
70.0,Mordred,average,specificity,0.8935285771096393,0.11478869240671774
71.0,Mordred,average,specificity,0.8931861474984543,0.11639272161068152
72.0,Mordred,average,specificity,0.8932299833937699,0.1167695291488635
73.0,Mordred,average,specificity,0.8936534997474683,0.11580919537895007
74.0,Mordred,average,specificity,0.8941492395607956,0.11390533259975621
75.0,Mordred,average,specificity,0.8946974905504368,0.11415094036840645
76.0,Mordred,average,specificity,0.8960181379557076,0.11344170146900033
77.0,Mordred,average,specificity,0.8954384880985146,0.11329737771782372
78.0,Mordred,average,specificity,0.895505101153827,0.11421703578457953
79.0,Mordred,average,specificity,0.8961327040866925,0.11385668854430994
80.0,Mordred,average,specificity,0.8967146166384129,0.11458938492298812
81.0,Mordred,average,specificity,0.8967784046041214,0.11470669080651766
82.0,Mordred,average,specificity,0.8974061328654268,0.11447314524080117
83.0,Mordred,average,specificity,0.8973053300130739,0.1139781401662437
84.0,Mordred,average,specificity,0.8974895689775054,0.11447468431012746
85.0,Mordred,average,specificity,0.8975942913636307,0.1145027973971896
86.0,Mordred,average,specificity,0.8975410739302738,0.11626494844967603
87.0,Mordred,average,specificity,0.8992674330603695,0.11337832426797187
88.0,Mordred,average,specificity,0.8990417649306708,0.11447646411171426
89.0,Mordred,average,specificity,0.8995879281264402,0.11302276838324564
90.0,Mordred,average,specificity,0.8986458404679641,0.11475249429107529
91.0,Mordred,average,specificity,0.8996944148304361,0.11335326651981593
92.0,Mordred,average,specificity,0.900028765262061,0.11497101807163614
93.0,Mordred,average,specificity,0.9001965338358321,0.11421130181194744
94.0,Mordred,average,specificity,0.900302664617488,0.11384450064430578
95.0,Mordred,average,specificity,0.8997885853245846,0.11477889601553662
96.0,Mordred,average,specificity,0.9005997106760748,0.11455970489891616
97.0,Mordred,average,specificity,0.9009197368462175,0.11453929144000757
98.0,Mordred,average,specificity,0.9013368770269845,0.1143269239746247
99.0,Mordred,average,specificity,0.9014095579879325,0.11414655390453814
100.0,Mordred,average,specificity,0.9022053294348505,0.11334614664300176
101.0,Mordred,average,specificity,0.902364432896425,0.11366006716163189
102.0,Mordred,average,specificity,0.9026881871345404,0.11411764146659291
103.0,Mordred,average,specificity,0.9033610780884019,0.11337982588816868
104.0,Mordred,average,specificity,0.9028708562287089,0.11385674414889857
105.0,Mordred,average,specificity,0.9032165491658115,0.11384508217489153
106.0,Mordred,average,specificity,0.9039986744119008,0.11306992818912467
107.0,Mordred,average,specificity,0.9045957624816401,0.11292617542000133
108.0,Mordred,average,specificity,0.9035741897097964,0.11418651255910449
109.0,Mordred,average,specificity,0.9041424098079885,0.11336458787686976
110.0,Mordred,average,specificity,0.9040228236758212,0.11389553225643084
111.0,Mordred,average,specificity,0.904157201859175,0.11405630553559537
112.0,Mordred,average,specificity,0.9049299588810347,0.11423367971884378
113.0,Mordred,average,specificity,0.9049547333345797,0.11335854821465265
114.0,Mordred,average,specificity,0.9053110305560176,0.11437380909034076
115.0,Mordred,average,specificity,0.9061091187474404,0.11388566328793251
116.0,Mordred,average,specificity,0.9068367604845939,0.1135765347179142
117.0,Mordred,average,specificity,0.9072048930906105,0.11320830645519973
118.0,Mordred,average,specificity,0.9069528291304385,0.11330419843351974
119.0,Mordred,average,specificity,0.9072959502511444,0.1135984956377543
120.0,Mordred,average,specificity,0.9072251044136463,0.11406315039522424
121.0,Mordred,average,specificity,0.9080006854234439,0.11241692681633436
122.0,Mordred,average,specificity,0.9076009256006887,0.11313297285620647
123.0,Mordred,average,specificity,0.9081693168443724,0.11159147851445829
124.0,Mordred,average,specificity,0.9086257019692294,0.11139227566299317
125.0,Mordred,average,specificity,0.9086408230565323,0.11183959875159477
126.0,Mordred,average,specificity,0.9083003602895936,0.11271631627870667
127.0,Mordred,average,specificity,0.9093660795637315,0.11145892328668094
128.0,Mordred,average,specificity,0.9104789976465909,0.11037256413004305
129.0,Mordred,average,specificity,0.9110003560163704,0.11060542913151271
130.0,Mordred,average,specificity,0.9108809223749311,0.11084608103254717
131.0,Mordred,average,specificity,0.9116795607482608,0.10999365629049873
132.0,Mordred,average,specificity,0.9121151461362286,0.10945857458014066
133.0,Mordred,average,specificity,0.9125442943640626,0.10989868751746494
134.0,Mordred,average,specificity,0.9129288318654706,0.10934850337046037
135.0,Mordred,average,specificity,0.9137179686145959,0.10746966990892218
136.0,Mordred,average,specificity,0.9132635648916004,0.10850246730082633
137.0,Mordred,average,specificity,0.9136673588027802,0.10846229288129357
138.0,Mordred,average,specificity,0.9137206792851853,0.10776065574080274
139.0,Mordred,average,specificity,0.9135965430869538,0.108455771797103
140.0,Mordred,average,specificity,0.9139718563945795,0.10764604067571025
141.0,Mordred,average,specificity,0.9153419082302858,0.10782605212469859
142.0,Mordred,average,specificity,0.9147122687771726,0.10812637803608091
143.0,Mordred,average,specificity,0.9161509299671821,0.10711039163255384
144.0,Mordred,average,specificity,0.9154934452987906,0.10751390565367745
145.0,Mordred,average,specificity,0.9158425848750861,0.10757424850940542
146.0,Mordred,average,specificity,0.915879247584689,0.10846085553456851
147.0,Mordred,average,specificity,0.9161741412780984,0.10754866804727707
148.0,Mordred,average,specificity,0.9162510240981601,0.10699696480896188
149.0,Mordred,average,specificity,0.916888036432209,0.10706454735341094
150.0,Mordred,average,specificity,0.9174373392208978,0.10805641059665576
151.0,Mordred,average,specificity,0.9174655670698413,0.1071263317334203
152.0,Mordred,average,specificity,0.9178082994410048,0.10842792048505583
153.0,Mordred,average,specificity,0.9177472977731115,0.10858842342811757
154.0,Mordred,average,specificity,0.9182584001802573,0.10762537429597495
155.0,Mordred,average,specificity,0.9184715740757102,0.1074005028079935
156.0,Mordred,average,specificity,0.9189732888675521,0.10703255067829713
157.0,Mordred,average,specificity,0.9185680410653271,0.1080247695882908
158.0,Mordred,average,specificity,0.9191215968119961,0.10748082983682937
159.0,Mordred,average,specificity,0.9191746119619087,0.10709872340595886
160.0,Mordred,average,specificity,0.9197683385761948,0.10827366123455266
161.0,Mordred,average,specificity,0.9196304673268805,0.10795883234798859
162.0,Mordred,average,specificity,0.9186672795559112,0.11031792067811577
163.0,Mordred,average,specificity,0.9188838626736304,0.1096824457593873
164.0,Mordred,average,specificity,0.9189711595710273,0.10947942521971658
165.0,Mordred,average,specificity,0.9199971451250002,0.10841788556317156
166.0,Mordred,average,specificity,0.9200358753221064,0.10892185585709913
167.0,Mordred,average,specificity,0.9205954852323728,0.10811163466196458
168.0,Mordred,average,specificity,0.9204573091265345,0.10855400973416139
169.0,Mordred,average,specificity,0.9210841707392154,0.10740912821028108
170.0,Mordred,average,specificity,0.9210468531141784,0.10779974219560526
171.0,Mordred,average,specificity,0.9211341016636385,0.10820647399170655
172.0,Mordred,average,specificity,0.9213210084519627,0.10806875741748256
173.0,Mordred,average,specificity,0.9213317542310984,0.10819553847464038
174.0,Mordred,average,specificity,0.9223929744680361,0.10736616863711973
175.0,Mordred,average,specificity,0.9218762836972886,0.10801552844374802
176.0,Mordred,average,specificity,0.9219695907521079,0.10843328711432754
177.0,Mordred,average,specificity,0.9219567942341785,0.10896410756308035
178.0,Mordred,average,specificity,0.9218381578433731,0.10884493337788256
179.0,Mordred,average,specificity,0.9218266956892407,0.10888252615012156
180.0,Mordred,average,specificity,0.9219500855939684,0.10842691504316598
181.0,Mordred,average,specificity,0.9217428916486345,0.10903868822457659
182.0,Mordred,average,specificity,0.9218341568140461,0.1087271085524062
183.0,Mordred,average,specificity,0.9225964583732279,0.1083378248985003
184.0,Mordred,average,specificity,0.9222540378196317,0.10877475707491294
185.0,Mordred,average,specificity,0.9222883169254016,0.10848528151626233
186.0,Mordred,average,specificity,0.9218985490866523,0.10891378795739336
187.0,Mordred,average,specificity,0.9226591436946664,0.10853833242114866
188.0,Mordred,average,specificity,0.9224051215201807,0.1090535195716352
189.0,Mordred,average,specificity,0.9235347298488424,0.10816655607988604
190.0,Mordred,average,specificity,0.9235717336315229,0.10818243861951986
191.0,Mordred,average,specificity,0.9234980931168089,0.10840655026175162
192.0,Mordred,average,specificity,0.9225504843641248,0.109148511331896
193.0,Mordred,average,specificity,0.9236548075055744,0.10841537681570974
194.0,Mordred,average,specificity,0.9232517261855555,0.10884846606101144
195.0,Mordred,average,specificity,0.9239450637114202,0.10795251341121352
196.0,Mordred,average,specificity,0.9235410382625332,0.10831025317945901
197.0,Mordred,average,specificity,0.9243027907129201,0.10726755456118607
198.0,Mordred,average,specificity,0.9243500838049623,0.10780481136258538
199.0,Mordred,average,specificity,0.9243822029505169,0.10758282611750787
200.0,Mordred,average,specificity,0.9244217091295188,0.10689806427103862
1.0,CheMeleon (fine-tuned),nr_er,balanced_accuracy,0.6785730139137887,0.052251483364969264
2.0,CheMeleon (fine-tuned),nr_er,balanced_accuracy,0.6785730139137887,0.052251483364969264
3.0,CheMeleon (fine-tuned),nr_er,balanced_accuracy,0.6794146726980363,0.05422388545052757
4.0,CheMeleon (fine-tuned),nr_er,balanced_accuracy,0.6793040809788766,0.05969463305748109
5.0,CheMeleon (fine-tuned),nr_er,balanced_accuracy,0.6814420294380943,0.055439152826603236
6.0,CheMeleon (fine-tuned),nr_er,balanced_accuracy,0.6839193009994305,0.05898994248432491
7.0,CheMeleon (fine-tuned),nr_er,balanced_accuracy,0.6835222848424909,0.059136168972031285
8.0,CheMeleon (fine-tuned),nr_er,balanced_accuracy,0.6865062858537074,0.057299417427344436
9.0,CheMeleon (fine-tuned),nr_er,balanced_accuracy,0.6894785164149432,0.05756584058911247
10.0,CheMeleon (fine-tuned),nr_er,balanced_accuracy,0.6882457251132814,0.05498232417120381
11.0,CheMeleon (fine-tuned),nr_er,balanced_accuracy,0.6863009488878967,0.0571535959279903
12.0,CheMeleon (fine-tuned),nr_er,balanced_accuracy,0.6875063623902337,0.05524064976245954
13.0,CheMeleon (fine-tuned),nr_er,balanced_accuracy,0.6900162768636787,0.059825331349021744
14.0,CheMeleon (fine-tuned),nr_er,balanced_accuracy,0.688536116908725,0.056977664059973114
15.0,CheMeleon (fine-tuned),nr_er,balanced_accuracy,0.6885868385547795,0.05773408166062891
16.0,CheMeleon (fine-tuned),nr_er,balanced_accuracy,0.6909832216199437,0.05432858503824858
17.0,CheMeleon (fine-tuned),nr_er,balanced_accuracy,0.6889330167372363,0.05781608863399992
18.0,CheMeleon (fine-tuned),nr_er,balanced_accuracy,0.6881438215777387,0.05570987891820306
19.0,CheMeleon (fine-tuned),nr_er,balanced_accuracy,0.6897822422036053,0.057481253972494234
20.0,CheMeleon (fine-tuned),nr_er,balanced_accuracy,0.6883470640064407,0.05651513847289587
21.0,CheMeleon (fine-tuned),nr_er,balanced_accuracy,0.6901353409338549,0.056836589789655875
22.0,CheMeleon (fine-tuned),nr_er,balanced_accuracy,0.6864103076812188,0.05797612190343839
23.0,CheMeleon (fine-tuned),nr_er,balanced_accuracy,0.6871610085973839,0.057151663506213736
24.0,CheMeleon (fine-tuned),nr_er,balanced_accuracy,0.6877038261700231,0.05762768120281798
25.0,CheMeleon (fine-tuned),nr_er,balanced_accuracy,0.6878552526798888,0.05801414546147932
26.0,CheMeleon (fine-tuned),nr_er,balanced_accuracy,0.6877078879197238,0.057316500267317445
27.0,CheMeleon (fine-tuned),nr_er,balanced_accuracy,0.6902823952706101,0.059831652056618924
28.0,CheMeleon (fine-tuned),nr_er,balanced_accuracy,0.6878546570740917,0.06036259538383486
29.0,CheMeleon (fine-tuned),nr_er,balanced_accuracy,0.6896868555511552,0.05967106544139048
30.0,CheMeleon (fine-tuned),nr_er,balanced_accuracy,0.6889996301432033,0.058199588554744844
31.0,CheMeleon (fine-tuned),nr_er,balanced_accuracy,0.688751053426168,0.059398905014914925
32.0,CheMeleon (fine-tuned),nr_er,balanced_accuracy,0.6896408586692032,0.05886211582489681
33.0,CheMeleon (fine-tuned),nr_er,balanced_accuracy,0.6893359185446081,0.06060644859050962
34.0,CheMeleon (fine-tuned),nr_er,balanced_accuracy,0.6896337373706565,0.06119778454678864
35.0,CheMeleon (fine-tuned),nr_er,balanced_accuracy,0.6884435451815849,0.06073889792461204
36.0,CheMeleon (fine-tuned),nr_er,balanced_accuracy,0.6888936948089505,0.06018301866736805
37.0,CheMeleon (fine-tuned),nr_er,balanced_accuracy,0.6866632701421295,0.05982574004693491
38.0,CheMeleon (fine-tuned),nr_er,balanced_accuracy,0.6878011309164694,0.06014516733511065
39.0,CheMeleon (fine-tuned),nr_er,balanced_accuracy,0.6885424573440513,0.06095091498941334
40.0,CheMeleon (fine-tuned),nr_er,balanced_accuracy,0.6887490783698562,0.05896614382477734
41.0,CheMeleon (fine-tuned),nr_er,balanced_accuracy,0.687360964117328,0.05955636110256107
42.0,CheMeleon (fine-tuned),nr_er,balanced_accuracy,0.6883527393060273,0.05968891644831782
43.0,CheMeleon (fine-tuned),nr_er,balanced_accuracy,0.6912758262732464,0.05889966867558737
44.0,CheMeleon (fine-tuned),nr_er,balanced_accuracy,0.6908337985969908,0.05884177229583254
45.0,CheMeleon (fine-tuned),nr_er,balanced_accuracy,0.6912757281464862,0.05902456525591011
46.0,CheMeleon (fine-tuned),nr_er,balanced_accuracy,0.6902927612138633,0.05865427610693337
47.0,CheMeleon (fine-tuned),nr_er,balanced_accuracy,0.6898479634742641,0.058438471906618814
48.0,CheMeleon (fine-tuned),nr_er,balanced_accuracy,0.6916355558716684,0.058305199184619384
49.0,CheMeleon (fine-tuned),nr_er,balanced_accuracy,0.690399870935454,0.05770105222412613
50.0,CheMeleon (fine-tuned),nr_er,balanced_accuracy,0.6895516310398018,0.05851844960645089
51.0,CheMeleon (fine-tuned),nr_er,balanced_accuracy,0.6904921516567016,0.06009403657637359
52.0,CheMeleon (fine-tuned),nr_er,balanced_accuracy,0.6900942466690854,0.05909499178080666
53.0,CheMeleon (fine-tuned),nr_er,balanced_accuracy,0.6900935437386349,0.05974279929928642
54.0,CheMeleon (fine-tuned),nr_er,balanced_accuracy,0.6891146454009489,0.05714548951082271
55.0,CheMeleon (fine-tuned),nr_er,balanced_accuracy,0.6890070340820161,0.058326086968669
56.0,CheMeleon (fine-tuned),nr_er,balanced_accuracy,0.6887090256628736,0.057576076230723035
57.0,CheMeleon (fine-tuned),nr_er,balanced_accuracy,0.688114471125899,0.057974470852673196
58.0,CheMeleon (fine-tuned),nr_er,balanced_accuracy,0.6892596494523058,0.057083968238388905
59.0,CheMeleon (fine-tuned),nr_er,balanced_accuracy,0.6877176422047422,0.05792622191867178
60.0,CheMeleon (fine-tuned),nr_er,balanced_accuracy,0.6905021618891412,0.05504277064485838
61.0,CheMeleon (fine-tuned),nr_er,balanced_accuracy,0.6919377318168733,0.056492607421463205
62.0,CheMeleon (fine-tuned),nr_er,balanced_accuracy,0.6903952415665262,0.056292136804861025
63.0,CheMeleon (fine-tuned),nr_er,balanced_accuracy,0.6912803837642283,0.058493085513405485
64.0,CheMeleon (fine-tuned),nr_er,balanced_accuracy,0.69098444206185,0.0584071093273622
65.0,CheMeleon (fine-tuned),nr_er,balanced_accuracy,0.6909831581959741,0.0584531556949882
66.0,CheMeleon (fine-tuned),nr_er,balanced_accuracy,0.6903421257293764,0.057720043459815636
67.0,CheMeleon (fine-tuned),nr_er,balanced_accuracy,0.6903413369945347,0.05808686378688631
68.0,CheMeleon (fine-tuned),nr_er,balanced_accuracy,0.6897987215593692,0.05751841780297266
69.0,CheMeleon (fine-tuned),nr_er,balanced_accuracy,0.6900425282946545,0.05833583802980503
70.0,CheMeleon (fine-tuned),nr_er,balanced_accuracy,0.6911882996847375,0.05698126211990294
71.0,CheMeleon (fine-tuned),nr_er,balanced_accuracy,0.6893488657299296,0.05833743561834279
72.0,CheMeleon (fine-tuned),nr_er,balanced_accuracy,0.6901979993417282,0.058110770812970246
73.0,CheMeleon (fine-tuned),nr_er,balanced_accuracy,0.6890042702908625,0.05794648682259914
74.0,CheMeleon (fine-tuned),nr_er,balanced_accuracy,0.6881198140098903,0.05694465765626286
75.0,CheMeleon (fine-tuned),nr_er,balanced_accuracy,0.6879130946632073,0.05791907154394501
76.0,CheMeleon (fine-tuned),nr_er,balanced_accuracy,0.6891072207183468,0.05729664584163979
77.0,CheMeleon (fine-tuned),nr_er,balanced_accuracy,0.6907461648779467,0.055956093547989964
78.0,CheMeleon (fine-tuned),nr_er,balanced_accuracy,0.689806916969263,0.05609215491112542
79.0,CheMeleon (fine-tuned),nr_er,balanced_accuracy,0.691189868344764,0.056744466625442615
80.0,CheMeleon (fine-tuned),nr_er,balanced_accuracy,0.6892113770556898,0.05595994347580438
81.0,CheMeleon (fine-tuned),nr_er,balanced_accuracy,0.6895011875274715,0.05752455735438572
82.0,CheMeleon (fine-tuned),nr_er,balanced_accuracy,0.6900525023132218,0.056489361129443985
83.0,CheMeleon (fine-tuned),nr_er,balanced_accuracy,0.6894495539636025,0.05765419673517177
84.0,CheMeleon (fine-tuned),nr_er,balanced_accuracy,0.6903423127850035,0.05809361177323967
85.0,CheMeleon (fine-tuned),nr_er,balanced_accuracy,0.6893512350589304,0.057754804078956716
86.0,CheMeleon (fine-tuned),nr_er,balanced_accuracy,0.6899996877015886,0.05581094434757112
87.0,CheMeleon (fine-tuned),nr_er,balanced_accuracy,0.6873585009786446,0.05971173979440404
88.0,CheMeleon (fine-tuned),nr_er,balanced_accuracy,0.6883121879320602,0.05726813541487439
89.0,CheMeleon (fine-tuned),nr_er,balanced_accuracy,0.6890536120981657,0.05792410454393165
90.0,CheMeleon (fine-tuned),nr_er,balanced_accuracy,0.6889543082051317,0.057354542059921826
91.0,CheMeleon (fine-tuned),nr_er,balanced_accuracy,0.6899001826695643,0.056004411470189336
92.0,CheMeleon (fine-tuned),nr_er,balanced_accuracy,0.6891063336626269,0.057317470482581165
93.0,CheMeleon (fine-tuned),nr_er,balanced_accuracy,0.6875721457585905,0.05576211086213133
94.0,CheMeleon (fine-tuned),nr_er,balanced_accuracy,0.6891132661445523,0.05442296533909078
95.0,CheMeleon (fine-tuned),nr_er,balanced_accuracy,0.6893108891363767,0.05473817288702136
96.0,CheMeleon (fine-tuned),nr_er,balanced_accuracy,0.6892585643820714,0.05542525851496343
97.0,CheMeleon (fine-tuned),nr_er,balanced_accuracy,0.6882205024376814,0.054725354222215146
98.0,CheMeleon (fine-tuned),nr_er,balanced_accuracy,0.6888153443062739,0.05481790628095189
99.0,CheMeleon (fine-tuned),nr_er,balanced_accuracy,0.6890133643023724,0.054974948965887054
100.0,CheMeleon (fine-tuned),nr_er,balanced_accuracy,0.6913420900557796,0.05665078498393027
101.0,CheMeleon (fine-tuned),nr_er,balanced_accuracy,0.6889135652783042,0.05466330737767634
102.0,CheMeleon (fine-tuned),nr_er,balanced_accuracy,0.6912414041701095,0.0560756495792507
103.0,CheMeleon (fine-tuned),nr_er,balanced_accuracy,0.6889585724805425,0.05612016757492903
104.0,CheMeleon (fine-tuned),nr_er,balanced_accuracy,0.6910424060401936,0.055573054820778706
105.0,CheMeleon (fine-tuned),nr_er,balanced_accuracy,0.6888591655752785,0.056366179153416136
106.0,CheMeleon (fine-tuned),nr_er,balanced_accuracy,0.690293762254663,0.056160062979865345
107.0,CheMeleon (fine-tuned),nr_er,balanced_accuracy,0.6888604494411543,0.05647600415398701
108.0,CheMeleon (fine-tuned),nr_er,balanced_accuracy,0.6896996045278441,0.05620628127208789
109.0,CheMeleon (fine-tuned),nr_er,balanced_accuracy,0.689355107215537,0.05595635247897403
110.0,CheMeleon (fine-tuned),nr_er,balanced_accuracy,0.6885076495884184,0.0571988758930496
111.0,CheMeleon (fine-tuned),nr_er,balanced_accuracy,0.6886068557429288,0.05741947418512161
112.0,CheMeleon (fine-tuned),nr_er,balanced_accuracy,0.6900491552386399,0.0568143120680533
113.0,CheMeleon (fine-tuned),nr_er,balanced_accuracy,0.6883091348495223,0.05736077599806183
114.0,CheMeleon (fine-tuned),nr_er,balanced_accuracy,0.6882107178180901,0.05740355175137133
115.0,CheMeleon (fine-tuned),nr_er,balanced_accuracy,0.6890033904779232,0.05707984136538247
116.0,CheMeleon (fine-tuned),nr_er,balanced_accuracy,0.6895988254101918,0.05742509735072762
117.0,CheMeleon (fine-tuned),nr_er,balanced_accuracy,0.6885542371906977,0.056867257955713145
118.0,CheMeleon (fine-tuned),nr_er,balanced_accuracy,0.6882548448191528,0.058367292033928875
119.0,CheMeleon (fine-tuned),nr_er,balanced_accuracy,0.6879562370641444,0.05788942530924401
120.0,CheMeleon (fine-tuned),nr_er,balanced_accuracy,0.6880567270845306,0.05821937810517196
121.0,CheMeleon (fine-tuned),nr_er,balanced_accuracy,0.6878580160921144,0.05821730298528794
122.0,CheMeleon (fine-tuned),nr_er,balanced_accuracy,0.6882537618981489,0.05782855473776198
123.0,CheMeleon (fine-tuned),nr_er,balanced_accuracy,0.6870644632311055,0.05790985016562343
124.0,CheMeleon (fine-tuned),nr_er,balanced_accuracy,0.6881555409261187,0.05798832919832188
125.0,CheMeleon (fine-tuned),nr_er,balanced_accuracy,0.6872628802314779,0.057580163813983856
126.0,CheMeleon (fine-tuned),nr_er,balanced_accuracy,0.6875591211996064,0.057252912990215336
127.0,CheMeleon (fine-tuned),nr_er,balanced_accuracy,0.6890416755397737,0.05832290763677727
128.0,CheMeleon (fine-tuned),nr_er,balanced_accuracy,0.688200648409002,0.05757331674777217
129.0,CheMeleon (fine-tuned),nr_er,balanced_accuracy,0.6888431606067593,0.058633458766868034
130.0,CheMeleon (fine-tuned),nr_er,balanced_accuracy,0.6887434597094513,0.05857812139004618
131.0,CheMeleon (fine-tuned),nr_er,balanced_accuracy,0.6879958988449245,0.060368463031069894
132.0,CheMeleon (fine-tuned),nr_er,balanced_accuracy,0.6888958770916324,0.059131618847408286
133.0,CheMeleon (fine-tuned),nr_er,balanced_accuracy,0.6882017313300058,0.058456520197510985
134.0,CheMeleon (fine-tuned),nr_er,balanced_accuracy,0.6894915080833031,0.05971217745151423
135.0,CheMeleon (fine-tuned),nr_er,balanced_accuracy,0.688300643298354,0.058308674545007586
136.0,CheMeleon (fine-tuned),nr_er,balanced_accuracy,0.688352374794865,0.058369244870543395
137.0,CheMeleon (fine-tuned),nr_er,balanced_accuracy,0.687360508139832,0.05763599835808876
138.0,CheMeleon (fine-tuned),nr_er,balanced_accuracy,0.6884512867632132,0.05822085768216569
139.0,CheMeleon (fine-tuned),nr_er,balanced_accuracy,0.6870167016297248,0.05685761019516855
140.0,CheMeleon (fine-tuned),nr_er,balanced_accuracy,0.688452766688491,0.05861467365176577
141.0,CheMeleon (fine-tuned),nr_er,balanced_accuracy,0.6876587239701544,0.05697937459285422
142.0,CheMeleon (fine-tuned),nr_er,balanced_accuracy,0.6889018175365332,0.05615629821844278
143.0,CheMeleon (fine-tuned),nr_er,balanced_accuracy,0.6877578318037865,0.057456461879452435
144.0,CheMeleon (fine-tuned),nr_er,balanced_accuracy,0.6874141165658949,0.05735722081803076
145.0,CheMeleon (fine-tuned),nr_er,balanced_accuracy,0.6864226418355478,0.057294838238376805
146.0,CheMeleon (fine-tuned),nr_er,balanced_accuracy,0.6886124107294517,0.054176108430850946
147.0,CheMeleon (fine-tuned),nr_er,balanced_accuracy,0.687567031427113,0.0558888951665585
148.0,CheMeleon (fine-tuned),nr_er,balanced_accuracy,0.6874675262009705,0.05602094540935687
149.0,CheMeleon (fine-tuned),nr_er,balanced_accuracy,0.6874673303356867,0.05596849273465507
150.0,CheMeleon (fine-tuned),nr_er,balanced_accuracy,0.6893460226006927,0.05731157426804192
151.0,CheMeleon (fine-tuned),nr_er,balanced_accuracy,0.6887957909300646,0.058898118709420764
152.0,CheMeleon (fine-tuned),nr_er,balanced_accuracy,0.6894966662596701,0.056666456406757736
153.0,CheMeleon (fine-tuned),nr_er,balanced_accuracy,0.688055155692919,0.05782307778729781
154.0,CheMeleon (fine-tuned),nr_er,balanced_accuracy,0.6885497037946455,0.05794670778574562
155.0,CheMeleon (fine-tuned),nr_er,balanced_accuracy,0.6887963839937407,0.058854550444229506
156.0,CheMeleon (fine-tuned),nr_er,balanced_accuracy,0.6897881527161318,0.0595389136337752
157.0,CheMeleon (fine-tuned),nr_er,balanced_accuracy,0.6894911228190433,0.05966865449061058
158.0,CheMeleon (fine-tuned),nr_er,balanced_accuracy,0.6895909216489933,0.05976411672794897
159.0,CheMeleon (fine-tuned),nr_er,balanced_accuracy,0.6900857754827782,0.05952288687578542
160.0,CheMeleon (fine-tuned),nr_er,balanced_accuracy,0.6898877554866798,0.05953673462023287
161.0,CheMeleon (fine-tuned),nr_er,balanced_accuracy,0.6896900294826253,0.06004728727756061
162.0,CheMeleon (fine-tuned),nr_er,balanced_accuracy,0.6897352325501476,0.06193614632708959
163.0,CheMeleon (fine-tuned),nr_er,balanced_accuracy,0.6906813081535704,0.06000805343173298
164.0,CheMeleon (fine-tuned),nr_er,balanced_accuracy,0.6894893463596004,0.060564598530686645
165.0,CheMeleon (fine-tuned),nr_er,balanced_accuracy,0.689047223292824,0.05834766075765718
166.0,CheMeleon (fine-tuned),nr_er,balanced_accuracy,0.6904359120144692,0.05958326754180676
167.0,CheMeleon (fine-tuned),nr_er,balanced_accuracy,0.6874665459132684,0.05724736584315165
168.0,CheMeleon (fine-tuned),nr_er,balanced_accuracy,0.6881079751900219,0.05791329766147581
169.0,CheMeleon (fine-tuned),nr_er,balanced_accuracy,0.6873668450159603,0.0571746926589946
170.0,CheMeleon (fine-tuned),nr_er,balanced_accuracy,0.6885497131866569,0.05952309023234476
171.0,CheMeleon (fine-tuned),nr_er,balanced_accuracy,0.6858710373701771,0.05960243416562457
172.0,CheMeleon (fine-tuned),nr_er,balanced_accuracy,0.6868166180366838,0.05790435861462888
173.0,CheMeleon (fine-tuned),nr_er,balanced_accuracy,0.6867168192067339,0.05779499037656543
174.0,CheMeleon (fine-tuned),nr_er,balanced_accuracy,0.6862653032509337,0.058794966849541955
175.0,CheMeleon (fine-tuned),nr_er,balanced_accuracy,0.6844797834542471,0.05979747929061205
176.0,CheMeleon (fine-tuned),nr_er,balanced_accuracy,0.6888002606475807,0.05744554224466856
177.0,CheMeleon (fine-tuned),nr_er,balanced_accuracy,0.685571946418267,0.058443164537324344
178.0,CheMeleon (fine-tuned),nr_er,balanced_accuracy,0.6875565740175259,0.05834357920300947
179.0,CheMeleon (fine-tuned),nr_er,balanced_accuracy,0.686511292453711,0.059170865065606384
180.0,CheMeleon (fine-tuned),nr_er,balanced_accuracy,0.6871123756137927,0.05743494127201193
181.0,CheMeleon (fine-tuned),nr_er,balanced_accuracy,0.685823870986357,0.05720336738272546
182.0,CheMeleon (fine-tuned),nr_er,balanced_accuracy,0.6853327913765369,0.0557567840855176
183.0,CheMeleon (fine-tuned),nr_er,balanced_accuracy,0.6858760976139022,0.05652599683915082
184.0,CheMeleon (fine-tuned),nr_er,balanced_accuracy,0.6859752056416524,0.056644725547461056
185.0,CheMeleon (fine-tuned),nr_er,balanced_accuracy,0.68592990444737,0.05465098464070339
186.0,CheMeleon (fine-tuned),nr_er,balanced_accuracy,0.6852794818279879,0.0554580472702284
187.0,CheMeleon (fine-tuned),nr_er,balanced_accuracy,0.6869681626452804,0.05508038209187051
188.0,CheMeleon (fine-tuned),nr_er,balanced_accuracy,0.6856757176854685,0.055676844660832864
189.0,CheMeleon (fine-tuned),nr_er,balanced_accuracy,0.6834929721574693,0.0566186107296276
190.0,CheMeleon (fine-tuned),nr_er,balanced_accuracy,0.6855769036497623,0.05607337257299287
191.0,CheMeleon (fine-tuned),nr_er,balanced_accuracy,0.6853794767173399,0.05585341073875839
192.0,CheMeleon (fine-tuned),nr_er,balanced_accuracy,0.6861195188908096,0.05676652074726182
193.0,CheMeleon (fine-tuned),nr_er,balanced_accuracy,0.6853721591652729,0.05783557106132871
194.0,CheMeleon (fine-tuned),nr_er,balanced_accuracy,0.6856685959986855,0.05796512683539304
195.0,CheMeleon (fine-tuned),nr_er,balanced_accuracy,0.6849756244302785,0.058199870610480285
196.0,CheMeleon (fine-tuned),nr_er,balanced_accuracy,0.6852728503867691,0.05833348192723347
197.0,CheMeleon (fine-tuned),nr_er,balanced_accuracy,0.6860148676165507,0.059351103629153384
198.0,CheMeleon (fine-tuned),nr_er,balanced_accuracy,0.6864115980227108,0.059726590552471814
199.0,CheMeleon (fine-tuned),nr_er,balanced_accuracy,0.6861153574428187,0.05962931543568017
200.0,CheMeleon (fine-tuned),nr_er,balanced_accuracy,0.6872593496418735,0.05888268093543072
1.0,Chemprop (default),nr_er,balanced_accuracy,0.6104949703341805,0.0364268976842279
2.0,Chemprop (default),nr_er,balanced_accuracy,0.6104949703341805,0.0364268976842279
3.0,Chemprop (default),nr_er,balanced_accuracy,0.6076631474890087,0.02138893012776988
4.0,Chemprop (default),nr_er,balanced_accuracy,0.6133218679272373,0.023302991541467855
5.0,Chemprop (default),nr_er,balanced_accuracy,0.6076720021320956,0.01963883634203469
6.0,Chemprop (default),nr_er,balanced_accuracy,0.612531037711554,0.02379602115845685
7.0,Chemprop (default),nr_er,balanced_accuracy,0.6050428005130933,0.018456138309569742
8.0,Chemprop (default),nr_er,balanced_accuracy,0.6100995483875171,0.022666281648744752
9.0,Chemprop (default),nr_er,balanced_accuracy,0.6035608396248385,0.021545710073891555
10.0,Chemprop (default),nr_er,balanced_accuracy,0.6053613981810512,0.0179408556517217
11.0,Chemprop (default),nr_er,balanced_accuracy,0.602716166347853,0.0204378335680016
12.0,Chemprop (default),nr_er,balanced_accuracy,0.6067969731976797,0.01787906872860212
13.0,Chemprop (default),nr_er,balanced_accuracy,0.6050007836947561,0.022219253794068895
14.0,Chemprop (default),nr_er,balanced_accuracy,0.6045066233994103,0.020924952456352442
15.0,Chemprop (default),nr_er,balanced_accuracy,0.6031669981618796,0.020259974180338394
16.0,Chemprop (default),nr_er,balanced_accuracy,0.6017727656113709,0.018698990282397368
17.0,Chemprop (default),nr_er,balanced_accuracy,0.6036176335282677,0.01579157423718363
18.0,Chemprop (default),nr_er,balanced_accuracy,0.602825166319848,0.018218537963653757
19.0,Chemprop (default),nr_er,balanced_accuracy,0.6006928776250313,0.010546311528601734
20.0,Chemprop (default),nr_er,balanced_accuracy,0.5987220031537743,0.011333752889821115
21.0,Chemprop (default),nr_er,balanced_accuracy,0.597668028899801,0.010114090751089709
22.0,Chemprop (default),nr_er,balanced_accuracy,0.5973780225627353,0.010816477861188178
23.0,Chemprop (default),nr_er,balanced_accuracy,0.5972251120139406,0.01342107980301931
24.0,Chemprop (default),nr_er,balanced_accuracy,0.5946467327005658,0.010127169611358393
25.0,Chemprop (default),nr_er,balanced_accuracy,0.5950368369392135,0.00934483971910211
26.0,Chemprop (default),nr_er,balanced_accuracy,0.592462910911989,0.009691184369033106
27.0,Chemprop (default),nr_er,balanced_accuracy,0.5925085176442114,0.009728631640324894
28.0,Chemprop (default),nr_er,balanced_accuracy,0.5946537627268969,0.009363641168635773
29.0,Chemprop (default),nr_er,balanced_accuracy,0.5911256642013523,0.011443307004636168
30.0,Chemprop (default),nr_er,balanced_accuracy,0.5893990976744863,0.012009351982164683
31.0,Chemprop (default),nr_er,balanced_accuracy,0.5844869554604254,0.015747932285344365
32.0,Chemprop (default),nr_er,balanced_accuracy,0.587617935773429,0.016315331523314283
33.0,Chemprop (default),nr_er,balanced_accuracy,0.5860278658930862,0.019596586288944128
34.0,Chemprop (default),nr_er,balanced_accuracy,0.5860888921518608,0.020511622731112473
35.0,Chemprop (default),nr_er,balanced_accuracy,0.5821586194778195,0.01858954958921746
36.0,Chemprop (default),nr_er,balanced_accuracy,0.5801652925279759,0.015517484085946562
37.0,Chemprop (default),nr_er,balanced_accuracy,0.5801652925279759,0.017891564737036878
38.0,Chemprop (default),nr_er,balanced_accuracy,0.5806088980621513,0.015923461563327534
39.0,Chemprop (default),nr_er,balanced_accuracy,0.5804643954140184,0.01791736521827316
40.0,Chemprop (default),nr_er,balanced_accuracy,0.5793201039492133,0.018035639298004523
41.0,Chemprop (default),nr_er,balanced_accuracy,0.5805640963113265,0.01804822317206764
42.0,Chemprop (default),nr_er,balanced_accuracy,0.5788683919340111,0.018326116277092616
43.0,Chemprop (default),nr_er,balanced_accuracy,0.5794709550193706,0.02008886486424933
44.0,Chemprop (default),nr_er,balanced_accuracy,0.5783335889878284,0.01969147031615639
45.0,Chemprop (default),nr_er,balanced_accuracy,0.5795780712072695,0.022028822667123978
46.0,Chemprop (default),nr_er,balanced_accuracy,0.5787445625734364,0.02365712341390927
47.0,Chemprop (default),nr_er,balanced_accuracy,0.5782937376139543,0.026172086247222805
48.0,Chemprop (default),nr_er,balanced_accuracy,0.5797835115735465,0.02425098835442459
49.0,Chemprop (default),nr_er,balanced_accuracy,0.5786977857662996,0.02799407725102683
50.0,Chemprop (default),nr_er,balanced_accuracy,0.5768649901072549,0.02886840650412719
51.0,Chemprop (default),nr_er,balanced_accuracy,0.57603206945751,0.027934827284744685
52.0,Chemprop (default),nr_er,balanced_accuracy,0.5745893778429948,0.027318742859157724
53.0,Chemprop (default),nr_er,balanced_accuracy,0.5755876749943747,0.029959816006814792
54.0,Chemprop (default),nr_er,balanced_accuracy,0.5752455401565241,0.03178609695498422
55.0,Chemprop (default),nr_er,balanced_accuracy,0.5736568542285837,0.031018100080973193
56.0,Chemprop (default),nr_er,balanced_accuracy,0.5740470563998732,0.03147963918893253
57.0,Chemprop (default),nr_er,balanced_accuracy,0.5698777224984386,0.03129747647890696
58.0,Chemprop (default),nr_er,balanced_accuracy,0.572076092616167,0.03266417190648329
59.0,Chemprop (default),nr_er,balanced_accuracy,0.5692905947979505,0.031142553756206264
60.0,Chemprop (default),nr_er,balanced_accuracy,0.571824956977037,0.03249785744403585
61.0,Chemprop (default),nr_er,balanced_accuracy,0.5706337931204559,0.03167676100056092
62.0,Chemprop (default),nr_er,balanced_accuracy,0.572076685679843,0.032677422514557804
63.0,Chemprop (default),nr_er,balanced_accuracy,0.5707851275816331,0.03167117455818962
64.0,Chemprop (default),nr_er,balanced_accuracy,0.5697849513468166,0.03083035982008694
65.0,Chemprop (default),nr_er,balanced_accuracy,0.569243029255972,0.03053817961071993
66.0,Chemprop (default),nr_er,balanced_accuracy,0.5682964636011031,0.0302700454718946
67.0,Chemprop (default),nr_er,balanced_accuracy,0.5684945815298434,0.03010056679032129
68.0,Chemprop (default),nr_er,balanced_accuracy,0.5675552354943996,0.02962753994288535
69.0,Chemprop (default),nr_er,balanced_accuracy,0.5685941844945096,0.030164195042072763
70.0,Chemprop (default),nr_er,balanced_accuracy,0.5675551375617576,0.02965000614744384
71.0,Chemprop (default),nr_er,balanced_accuracy,0.5670060939782481,0.02972607853748646
72.0,Chemprop (default),nr_er,balanced_accuracy,0.565967835974456,0.029103107043185406
73.0,Chemprop (default),nr_er,balanced_accuracy,0.5645260314156608,0.028570420744402983
74.0,Chemprop (default),nr_er,balanced_accuracy,0.5633873815182426,0.028014314052802202
75.0,Chemprop (default),nr_er,balanced_accuracy,0.5634870824155508,0.028020754698535506
76.0,Chemprop (default),nr_er,balanced_accuracy,0.5629357676298006,0.027495012462716042
77.0,Chemprop (default),nr_er,balanced_accuracy,0.5624927551593013,0.02735430770745516
78.0,Chemprop (default),nr_er,balanced_accuracy,0.5617514289258375,0.027168272256080716
79.0,Chemprop (default),nr_er,balanced_accuracy,0.5616533058864492,0.02705865037476756
80.0,Chemprop (default),nr_er,balanced_accuracy,0.5608128718193536,0.026938270654466048
81.0,Chemprop (default),nr_er,balanced_accuracy,0.562599675481916,0.027976719772184196
82.0,Chemprop (default),nr_er,balanced_accuracy,0.5609110927913837,0.027078826235780853
83.0,Chemprop (default),nr_er,balanced_accuracy,0.5605152490527072,0.02673075477760616
84.0,Chemprop (default),nr_er,balanced_accuracy,0.5593229999271194,0.026561914659515105
85.0,Chemprop (default),nr_er,balanced_accuracy,0.5576890129990149,0.026394552704889378
86.0,Chemprop (default),nr_er,balanced_accuracy,0.5586283590344587,0.02634762667020845
87.0,Chemprop (default),nr_er,balanced_accuracy,0.5567426434035481,0.02530786227480792
88.0,Chemprop (default),nr_er,balanced_accuracy,0.5562918184440658,0.024988031137590294
89.0,Chemprop (default),nr_er,balanced_accuracy,0.5570409571665124,0.025493772402785306
90.0,Chemprop (default),nr_er,balanced_accuracy,0.5536590394276655,0.023388993727237104
91.0,Chemprop (default),nr_er,balanced_accuracy,0.5562924115077419,0.024727894705694742
92.0,Chemprop (default),nr_er,balanced_accuracy,0.5546054090231323,0.024229964181320632
93.0,Chemprop (default),nr_er,balanced_accuracy,0.5553990598167831,0.024392920539060545
94.0,Chemprop (default),nr_er,balanced_accuracy,0.5538568633643617,0.02361616301029462
95.0,Chemprop (default),nr_er,balanced_accuracy,0.5548493228889526,0.023887819488361616
96.0,Chemprop (default),nr_er,balanced_accuracy,0.5547495240590027,0.023887254425793095
97.0,Chemprop (default),nr_er,balanced_accuracy,0.5548485339599927,0.02396180511656049
98.0,Chemprop (default),nr_er,balanced_accuracy,0.5541537951346902,0.023887009738738224
99.0,Chemprop (default),nr_er,balanced_accuracy,0.5542534960319981,0.02390295434123936
100.0,Chemprop (default),nr_er,balanced_accuracy,0.5542528050356802,0.024432186784475677
101.0,Chemprop (default),nr_er,balanced_accuracy,0.5537036611715258,0.023503640715000534
102.0,Chemprop (default),nr_er,balanced_accuracy,0.5539561788032918,0.02458472001230159
103.0,Chemprop (default),nr_er,balanced_accuracy,0.5530168327678481,0.024626582610878002
104.0,Chemprop (default),nr_er,balanced_accuracy,0.5539094934624889,0.024811963679994133
105.0,Chemprop (default),nr_er,balanced_accuracy,0.5531151516725201,0.0247521902760473
106.0,Chemprop (default),nr_er,balanced_accuracy,0.5505418187089717,0.02526676748540987
107.0,Chemprop (default),nr_er,balanced_accuracy,0.5513892763360904,0.025984560794457087
108.0,Chemprop (default),nr_er,balanced_accuracy,0.5505418187089717,0.02526676748540987
109.0,Chemprop (default),nr_er,balanced_accuracy,0.5506946354434297,0.026190139804313353
110.0,Chemprop (default),nr_er,balanced_accuracy,0.55073974057831,0.025493341723317985
111.0,Chemprop (default),nr_er,balanced_accuracy,0.5502432174202714,0.025769963073598266
112.0,Chemprop (default),nr_er,balanced_accuracy,0.5504425212822456,0.025795475221788145
113.0,Chemprop (default),nr_er,balanced_accuracy,0.5502439084165893,0.025663545545999086
114.0,Chemprop (default),nr_er,balanced_accuracy,0.5504425212822456,0.025795475221788145
115.0,Chemprop (default),nr_er,balanced_accuracy,0.5505415311832358,0.025881436156092005
116.0,Chemprop (default),nr_er,balanced_accuracy,0.5490531392162794,0.025096159883255458
117.0,Chemprop (default),nr_er,balanced_accuracy,0.5498999060411983,0.026239201794074764
118.0,Chemprop (default),nr_er,balanced_accuracy,0.5488537376157815,0.024892800092160577
119.0,Chemprop (default),nr_er,balanced_accuracy,0.5499917946436418,0.024387250554696382
120.0,Chemprop (default),nr_er,balanced_accuracy,0.5485018248187657,0.02393505192137197
121.0,Chemprop (default),nr_er,balanced_accuracy,0.549151458509188,0.02486248277870807
122.0,Chemprop (default),nr_er,balanced_accuracy,0.5475561462196168,0.02257564037547159
123.0,Chemprop (default),nr_er,balanced_accuracy,0.5492439399811893,0.023231011983343652
124.0,Chemprop (default),nr_er,balanced_accuracy,0.5477539701563132,0.02282808451041896
125.0,Chemprop (default),nr_er,balanced_accuracy,0.54870112868074,0.023970323245282633
126.0,Chemprop (default),nr_er,balanced_accuracy,0.5485025158150837,0.02383346651228934
127.0,Chemprop (default),nr_er,balanced_accuracy,0.5486022167123917,0.02383239273719527
128.0,Chemprop (default),nr_er,balanced_accuracy,0.54880013858173,0.024066668980721326
129.0,Chemprop (default),nr_er,balanced_accuracy,0.5479598024472763,0.025534888680847967
130.0,Chemprop (default),nr_er,balanced_accuracy,0.5478601015499682,0.025532755416505844
131.0,Chemprop (default),nr_er,balanced_accuracy,0.5488991484827201,0.025216168378842933
132.0,Chemprop (default),nr_er,balanced_accuracy,0.5483035174910496,0.02549009334772399
133.0,Chemprop (default),nr_er,balanced_accuracy,0.5492499850191582,0.02675996298201659
134.0,Chemprop (default),nr_er,balanced_accuracy,0.5475621912575859,0.025981298050962102
135.0,Chemprop (default),nr_er,balanced_accuracy,0.5482568321502466,0.025828805771595374
136.0,Chemprop (default),nr_er,balanced_accuracy,0.5482568321502466,0.025828805771595374
137.0,Chemprop (default),nr_er,balanced_accuracy,0.5484547540195848,0.026060164244938712
138.0,Chemprop (default),nr_er,balanced_accuracy,0.5475621912575859,0.025981298050962102
139.0,Chemprop (default),nr_er,balanced_accuracy,0.5469197769924703,0.027694172072675216
140.0,Chemprop (default),nr_er,balanced_accuracy,0.5478067005350852,0.025053867716623844
141.0,Chemprop (default),nr_er,balanced_accuracy,0.5478138220277501,0.027653346301175545
142.0,Chemprop (default),nr_er,balanced_accuracy,0.5462178187418609,0.025413998702094397
143.0,Chemprop (default),nr_er,balanced_accuracy,0.5469663644006314,0.026427924946123352
144.0,Chemprop (default),nr_er,balanced_accuracy,0.5478072935987612,0.024951251168722485
145.0,Chemprop (default),nr_er,balanced_accuracy,0.5481042253690896,0.025304687941393
146.0,Chemprop (default),nr_er,balanced_accuracy,0.5463103981465041,0.023044361548874497
147.0,Chemprop (default),nr_er,balanced_accuracy,0.5429348106233592,0.02397690548207556
148.0,Chemprop (default),nr_er,balanced_accuracy,0.5428358007223693,0.02388345751079978
149.0,Chemprop (default),nr_er,balanced_accuracy,0.5419883430952506,0.02279220617905476
150.0,Chemprop (default),nr_er,balanced_accuracy,0.543676136856823,0.022177564113034797
151.0,Chemprop (default),nr_er,balanced_accuracy,0.541293604269948,0.023022858498308964
152.0,Chemprop (default),nr_er,balanced_accuracy,0.541293604269948,0.023022858498308964
153.0,Chemprop (default),nr_er,balanced_accuracy,0.5405522780364842,0.023432302797626117
154.0,Chemprop (default),nr_er,balanced_accuracy,0.5406519789337924,0.023415474898039672
155.0,Chemprop (default),nr_er,balanced_accuracy,0.5399099617040106,0.024106753285452743
156.0,Chemprop (default),nr_er,balanced_accuracy,0.5400025411086539,0.022615061291151692
157.0,Chemprop (default),nr_er,balanced_accuracy,0.5373747103153196,0.0226948057174453
158.0,Chemprop (default),nr_er,balanced_accuracy,0.5382221679424383,0.02344052031739176
159.0,Chemprop (default),nr_er,balanced_accuracy,0.5383140563507635,0.022077395834302755
160.0,Chemprop (default),nr_er,balanced_accuracy,0.5383140563507635,0.022077395834302755
161.0,Chemprop (default),nr_er,balanced_accuracy,0.5374737202163097,0.022621329850987935
162.0,Chemprop (default),nr_er,balanced_accuracy,0.5366262625891911,0.021516203339078218
163.0,Chemprop (default),nr_er,balanced_accuracy,0.5375734211136177,0.022620865411628322
164.0,Chemprop (default),nr_er,balanced_accuracy,0.5367252724901811,0.021639668474026246
165.0,Chemprop (default),nr_er,balanced_accuracy,0.5358856273520454,0.022202277195792226
166.0,Chemprop (default),nr_er,balanced_accuracy,0.5344432297295741,0.021270409819043237
167.0,Chemprop (default),nr_er,balanced_accuracy,0.5359853282493534,0.02221351366833014
168.0,Chemprop (default),nr_er,balanced_accuracy,0.5353358904242149,0.0214448186037334
169.0,Chemprop (default),nr_er,balanced_accuracy,0.5351371796259168,0.02131780383997386
170.0,Chemprop (default),nr_er,balanced_accuracy,0.5347402594325443,0.021622935351817744
171.0,Chemprop (default),nr_er,balanced_accuracy,0.5348390734682507,0.02175654453818596
172.0,Chemprop (default),nr_er,balanced_accuracy,0.5348392693335345,0.021743682428659167
173.0,Chemprop (default),nr_er,balanced_accuracy,0.5348391714008925,0.0217473001094357
174.0,Chemprop (default),nr_er,balanced_accuracy,0.5342887434767442,0.021129685532923388
175.0,Chemprop (default),nr_er,balanced_accuracy,0.5350370932702309,0.02199145408230631
176.0,Chemprop (default),nr_er,balanced_accuracy,0.5326546586159977,0.02251809768438609
177.0,Chemprop (default),nr_er,balanced_accuracy,0.5332969749484713,0.02091537641817553
178.0,Chemprop (default),nr_er,balanced_accuracy,0.5326546586159977,0.02251809768438609
179.0,Chemprop (default),nr_er,balanced_accuracy,0.5335021162431163,0.023536903607875224
180.0,Chemprop (default),nr_er,balanced_accuracy,0.5327536685169878,0.02265088138442466
181.0,Chemprop (default),nr_er,balanced_accuracy,0.5318077940525552,0.02163978735206991
182.0,Chemprop (default),nr_er,balanced_accuracy,0.5318078919851971,0.02131583127722667
183.0,Chemprop (default),nr_er,balanced_accuracy,0.5310593463264265,0.020348523720626104
184.0,Chemprop (default),nr_er,balanced_accuracy,0.5313563760293969,0.020652022480789498
185.0,Chemprop (default),nr_er,balanced_accuracy,0.5312573661284068,0.020548969105433138
186.0,Chemprop (default),nr_er,balanced_accuracy,0.5323028435575056,0.02172651656661645
187.0,Chemprop (default),nr_er,balanced_accuracy,0.5313563760293969,0.020652022480789498
188.0,Chemprop (default),nr_er,balanced_accuracy,0.5314553859303869,0.02075692567320529
189.0,Chemprop (default),nr_er,balanced_accuracy,0.5307606471050843,0.02100291025982758
190.0,Chemprop (default),nr_er,balanced_accuracy,0.5315542978987351,0.020889592225899086
191.0,Chemprop (default),nr_er,balanced_accuracy,0.5299131894779656,0.019881515202706413
192.0,Chemprop (default),nr_er,balanced_accuracy,0.5300121993789558,0.019824151169025594
193.0,Chemprop (default),nr_er,balanced_accuracy,0.5299131894779656,0.019705223021385113
194.0,Chemprop (default),nr_er,balanced_accuracy,0.5301112092799458,0.01994482776128109
195.0,Chemprop (default),nr_er,balanced_accuracy,0.5293174605536531,0.020366934940958262
196.0,Chemprop (default),nr_er,balanced_accuracy,0.5309585689744226,0.021216579372205658
197.0,Chemprop (default),nr_er,balanced_accuracy,0.5294164704546432,0.020491601348014837
198.0,Chemprop (default),nr_er,balanced_accuracy,0.5301111113473039,0.02012597347888398
199.0,Chemprop (default),nr_er,balanced_accuracy,0.5292636537201852,0.01912486836197621
200.0,Chemprop (default),nr_er,balanced_accuracy,0.5293626636211755,0.01906944385286367
1.0,Chemprop (large),nr_er,balanced_accuracy,0.6227151324768404,0.04042806909183206
2.0,Chemprop (large),nr_er,balanced_accuracy,0.6227151324768404,0.04042806909183206
3.0,Chemprop (large),nr_er,balanced_accuracy,0.6193399533097473,0.03949973023924378
4.0,Chemprop (large),nr_er,balanced_accuracy,0.6226691496782515,0.03925839003577028
5.0,Chemprop (large),nr_er,balanced_accuracy,0.6217697646893379,0.04053687711249415
6.0,Chemprop (large),nr_er,balanced_accuracy,0.622714159422611,0.03863268723146774
7.0,Chemprop (large),nr_er,balanced_accuracy,0.6189897123791064,0.03985440247018391
8.0,Chemprop (large),nr_er,balanced_accuracy,0.6219215051632182,0.03771470107465448
9.0,Chemprop (large),nr_er,balanced_accuracy,0.620033527338496,0.036704707377328984
10.0,Chemprop (large),nr_er,balanced_accuracy,0.6182008296120932,0.03561296566457558
11.0,Chemprop (large),nr_er,balanced_accuracy,0.6165602161282397,0.036012200924011445
12.0,Chemprop (large),nr_er,balanced_accuracy,0.6183470197908022,0.03632315863484782
13.0,Chemprop (large),nr_er,balanced_accuracy,0.6173462620382058,0.03769914681162768
14.0,Chemprop (large),nr_er,balanced_accuracy,0.6189407855929352,0.03614120541321954
15.0,Chemprop (large),nr_er,balanced_accuracy,0.6169074114039337,0.03391438673831783
16.0,Chemprop (large),nr_er,balanced_accuracy,0.6193961737053421,0.03248725337137026
17.0,Chemprop (large),nr_er,balanced_accuracy,0.6210299647681629,0.033472527238201474
18.0,Chemprop (large),nr_er,balanced_accuracy,0.6211288765423928,0.03330915685856063
19.0,Chemprop (large),nr_er,balanced_accuracy,0.6203360146777019,0.0329165209060883
20.0,Chemprop (large),nr_er,balanced_accuracy,0.6186024249790494,0.03195504597697312
21.0,Chemprop (large),nr_er,balanced_accuracy,0.6179982883481934,0.03402910698029511
22.0,Chemprop (large),nr_er,balanced_accuracy,0.6196932036024306,0.03198004818627155
23.0,Chemprop (large),nr_er,balanced_accuracy,0.6191435648013603,0.033227512153586186
24.0,Chemprop (large),nr_er,balanced_accuracy,0.6184030298448595,0.03177058540220116
25.0,Chemprop (large),nr_er,balanced_accuracy,0.6179543758069731,0.032768782797801065
26.0,Chemprop (large),nr_er,balanced_accuracy,0.6194957833304345,0.03219236365393035
27.0,Chemprop (large),nr_er,balanced_accuracy,0.6193427703424563,0.03305086777413545
28.0,Chemprop (large),nr_er,balanced_accuracy,0.6183510997468253,0.03307775644961407
29.0,Chemprop (large),nr_er,balanced_accuracy,0.6202352351718133,0.03329679487820155
30.0,Chemprop (large),nr_er,balanced_accuracy,0.6192429715125062,0.03329472771511523
31.0,Chemprop (large),nr_er,balanced_accuracy,0.618845853105847,0.0334332943513734
32.0,Chemprop (large),nr_er,balanced_accuracy,0.6188926365734103,0.03444520327893883
33.0,Chemprop (large),nr_er,balanced_accuracy,0.6197843122796891,0.03426884338906929
34.0,Chemprop (large),nr_er,balanced_accuracy,0.6200377169671751,0.03343596429950683
35.0,Chemprop (large),nr_er,balanced_accuracy,0.6189914506091165,0.034080337487127695
36.0,Chemprop (large),nr_er,balanced_accuracy,0.6196418734226169,0.033467431162643516
37.0,Chemprop (large),nr_er,balanced_accuracy,0.6207323578598359,0.033433820912863885
38.0,Chemprop (large),nr_er,balanced_accuracy,0.6199389031255872,0.033289830063291746
39.0,Chemprop (large),nr_er,balanced_accuracy,0.6201375159912434,0.03321262302823145
40.0,Chemprop (large),nr_er,balanced_accuracy,0.618947232335838,0.03301607766348973
41.0,Chemprop (large),nr_er,balanced_accuracy,0.6193431742012747,0.03275290211628694
42.0,Chemprop (large),nr_er,balanced_accuracy,0.6191453502645784,0.03298859104102255
43.0,Chemprop (large),nr_er,balanced_accuracy,0.6194438600869447,0.033163292837260216
44.0,Chemprop (large),nr_er,balanced_accuracy,0.619992807891697,0.03200972949753428
45.0,Chemprop (large),nr_er,balanced_accuracy,0.6194889652218251,0.03440687860386131
46.0,Chemprop (large),nr_er,balanced_accuracy,0.6198943908602648,0.032072791258586496
47.0,Chemprop (large),nr_er,balanced_accuracy,0.6186415075947064,0.03560076661670108
48.0,Chemprop (large),nr_er,balanced_accuracy,0.618496505503116,0.03394958776775827
49.0,Chemprop (large),nr_er,balanced_accuracy,0.6186945231512115,0.03521882739231218
50.0,Chemprop (large),nr_er,balanced_accuracy,0.6166638054287104,0.034085048355046076
51.0,Chemprop (large),nr_er,balanced_accuracy,0.6185956111828633,0.03534223887265094
52.0,Chemprop (large),nr_er,balanced_accuracy,0.6168554928611039,0.036290342748783545
53.0,Chemprop (large),nr_er,balanced_accuracy,0.6162604549331092,0.03583964327660756
54.0,Chemprop (large),nr_er,balanced_accuracy,0.6160608570790911,0.03554092038860032
55.0,Chemprop (large),nr_er,balanced_accuracy,0.6175045452278644,0.03421829134661411
56.0,Chemprop (large),nr_er,balanced_accuracy,0.6163592687746973,0.035475508401079256
57.0,Chemprop (large),nr_er,balanced_accuracy,0.6166563966044277,0.035278038044976555
58.0,Chemprop (large),nr_er,balanced_accuracy,0.6156648239414386,0.03523814234821899
59.0,Chemprop (large),nr_er,balanced_accuracy,0.6161610595737412,0.034933778766584454
60.0,Chemprop (large),nr_er,balanced_accuracy,0.6159623487754431,0.035048503778846406
61.0,Chemprop (large),nr_er,balanced_accuracy,0.6160613586764332,0.034899842654129355
62.0,Chemprop (large),nr_er,balanced_accuracy,0.615963137704403,0.03519381587121451
63.0,Chemprop (large),nr_er,balanced_accuracy,0.6160621476053931,0.03504576836716068
64.0,Chemprop (large),nr_er,balanced_accuracy,0.615963137704403,0.03519381587121451
65.0,Chemprop (large),nr_er,balanced_accuracy,0.6154672076100405,0.034691094700062194
66.0,Chemprop (large),nr_er,balanced_accuracy,0.6147732577136977,0.0348233047823317
67.0,Chemprop (large),nr_er,balanced_accuracy,0.6146742478127076,0.03496773253935727
68.0,Chemprop (large),nr_er,balanced_accuracy,0.6149727576350741,0.035110839462276805
69.0,Chemprop (large),nr_er,balanced_accuracy,0.6155670066341087,0.035240534346560576
70.0,Chemprop (large),nr_er,balanced_accuracy,0.6156660165350989,0.035364494842612
71.0,Chemprop (large),nr_er,balanced_accuracy,0.6155676976304266,0.035144594157570826
72.0,Chemprop (large),nr_er,balanced_accuracy,0.6146276605986648,0.03451209589317001
73.0,Chemprop (large),nr_er,balanced_accuracy,0.6140327206033123,0.033914548107062494
74.0,Chemprop (large),nr_er,balanced_accuracy,0.6149252833653112,0.03428481901782444
75.0,Chemprop (large),nr_er,balanced_accuracy,0.6152251749861952,0.03452997421079812
76.0,Chemprop (large),nr_er,balanced_accuracy,0.6142843490254736,0.033567345754615605
77.0,Chemprop (large),nr_er,balanced_accuracy,0.6142313334689684,0.03410515444731492
78.0,Chemprop (large),nr_er,balanced_accuracy,0.6134906982318228,0.033314559385425165
79.0,Chemprop (large),nr_er,balanced_accuracy,0.6134906982318228,0.033314559385425165
80.0,Chemprop (large),nr_er,balanced_accuracy,0.6134906982318228,0.033314559385425165
81.0,Chemprop (large),nr_er,balanced_accuracy,0.6144307352635845,0.034149658130088204
82.0,Chemprop (large),nr_er,balanced_accuracy,0.6144307352635845,0.034149658130088204
83.0,Chemprop (large),nr_er,balanced_accuracy,0.6144307352635845,0.034149658130088204
84.0,Chemprop (large),nr_er,balanced_accuracy,0.6144307352635845,0.034149658130088204
85.0,Chemprop (large),nr_er,balanced_accuracy,0.6137890119947871,0.03326239689510611
86.0,Chemprop (large),nr_er,balanced_accuracy,0.6138364862645499,0.03403409814076333
87.0,Chemprop (large),nr_er,balanced_accuracy,0.613690100026439,0.03336937479611241
88.0,Chemprop (large),nr_er,balanced_accuracy,0.6114618640992997,0.03234369603216056
89.0,Chemprop (large),nr_er,balanced_accuracy,0.6122555148929505,0.03248470896886095
90.0,Chemprop (large),nr_er,balanced_accuracy,0.6114618640992997,0.03234369603216056
91.0,Chemprop (large),nr_er,balanced_accuracy,0.6114610751703398,0.03223133779251632
92.0,Chemprop (large),nr_er,balanced_accuracy,0.6108194498341841,0.030849362345470158
93.0,Chemprop (large),nr_er,balanced_accuracy,0.6116131987545951,0.031256006635156236
94.0,Chemprop (large),nr_er,balanced_accuracy,0.6109185578619345,0.030941820257856464
95.0,Chemprop (large),nr_er,balanced_accuracy,0.6108655423054293,0.03174418752569905
96.0,Chemprop (large),nr_er,balanced_accuracy,0.6109652432027375,0.03174163183296044
97.0,Chemprop (large),nr_er,balanced_accuracy,0.611805481210431,0.03271105628196162
98.0,Chemprop (large),nr_er,balanced_accuracy,0.6108662331076291,0.03159436408350837
99.0,Chemprop (large),nr_er,balanced_accuracy,0.6109651450759772,0.031492443543708344
100.0,Chemprop (large),nr_er,balanced_accuracy,0.6108662331076291,0.03159436408350837
101.0,Chemprop (large),nr_er,balanced_accuracy,0.6109651450759772,0.031492443543708344
102.0,Chemprop (large),nr_er,balanced_accuracy,0.6109651450759772,0.031492443543708344
103.0,Chemprop (large),nr_er,balanced_accuracy,0.6111630669453155,0.031532028171322994
104.0,Chemprop (large),nr_er,balanced_accuracy,0.6111630669453155,0.031532028171322994
105.0,Chemprop (large),nr_er,balanced_accuracy,0.6111621800837137,0.031197879389774957
106.0,Chemprop (large),nr_er,balanced_accuracy,0.6109643561470174,0.03139472685754851
107.0,Chemprop (large),nr_er,balanced_accuracy,0.610314820389237,0.032695480902179004
108.0,Chemprop (large),nr_er,balanced_accuracy,0.6101240200125636,0.03053870158577833
109.0,Chemprop (large),nr_er,balanced_accuracy,0.6102159084208888,0.03278748101392112
110.0,Chemprop (large),nr_er,balanced_accuracy,0.6102160063535307,0.0330200689085825
111.0,Chemprop (large),nr_er,balanced_accuracy,0.610314129392919,0.032837148653749676
112.0,Chemprop (large),nr_er,balanced_accuracy,0.6096731950530814,0.03200181116462104
113.0,Chemprop (large),nr_er,balanced_accuracy,0.6086333591913695,0.03100827207975052
114.0,Chemprop (large),nr_er,balanced_accuracy,0.6087338490176375,0.031107679882997178
115.0,Chemprop (large),nr_er,balanced_accuracy,0.6087338490176375,0.031107679882997178
116.0,Chemprop (large),nr_er,balanced_accuracy,0.6095742830847332,0.03179689359852095
117.0,Chemprop (large),nr_er,balanced_accuracy,0.6088329570453876,0.0311909687281071
118.0,Chemprop (large),nr_er,balanced_accuracy,0.6088336478475875,0.031055207442798865
119.0,Chemprop (large),nr_er,balanced_accuracy,0.6086350351760494,0.03143319487451778
120.0,Chemprop (large),nr_er,balanced_accuracy,0.6081906407129141,0.030536056199962323
121.0,Chemprop (large),nr_er,balanced_accuracy,0.6080916308119241,0.030687210532548196
122.0,Chemprop (large),nr_er,balanced_accuracy,0.6084891505352805,0.030629451258060846
123.0,Chemprop (large),nr_er,balanced_accuracy,0.6091299869424762,0.03133738088732859
124.0,Chemprop (large),nr_er,balanced_accuracy,0.6093279088118144,0.031096373631855845
125.0,Chemprop (large),nr_er,balanced_accuracy,0.6091298890098343,0.031403086006149696
126.0,Chemprop (large),nr_er,balanced_accuracy,0.6075482266419169,0.030023337695986366
127.0,Chemprop (large),nr_er,balanced_accuracy,0.6074486238713689,0.030225810199940004
128.0,Chemprop (large),nr_er,balanced_accuracy,0.6075482266419169,0.030023337695986366
129.0,Chemprop (large),nr_er,balanced_accuracy,0.6092283060412665,0.03133027236542531
130.0,Chemprop (large),nr_er,balanced_accuracy,0.6084876708041208,0.030657926887781812
131.0,Chemprop (large),nr_er,balanced_accuracy,0.6083886609031308,0.030811665037518376
132.0,Chemprop (large),nr_er,balanced_accuracy,0.6070058074602717,0.0288048670052201
133.0,Chemprop (large),nr_er,balanced_accuracy,0.6084877689308811,0.03088624777298221
134.0,Chemprop (large),nr_er,balanced_accuracy,0.6069067975592816,0.029836060341983512
135.0,Chemprop (large),nr_er,balanced_accuracy,0.6068076895315313,0.029787233534814335
136.0,Chemprop (large),nr_er,balanced_accuracy,0.6061661623221358,0.028455041736816324
137.0,Chemprop (large),nr_er,balanced_accuracy,0.6050279092348735,0.027939163202149765
138.0,Chemprop (large),nr_er,balanced_accuracy,0.6061654713258179,0.028275988799981507
139.0,Chemprop (large),nr_er,balanced_accuracy,0.6069067975592816,0.028962109499459588
140.0,Chemprop (large),nr_er,balanced_accuracy,0.6071048173612617,0.028648472373288724
141.0,Chemprop (large),nr_er,balanced_accuracy,0.6061654713258179,0.028275988799981507
142.0,Chemprop (large),nr_er,balanced_accuracy,0.605424836088672,0.02695338337832944
143.0,Chemprop (large),nr_er,balanced_accuracy,0.6071055083575797,0.02970110060762659
144.0,Chemprop (large),nr_er,balanced_accuracy,0.6046842008515264,0.026525041385619418
145.0,Chemprop (large),nr_er,balanced_accuracy,0.6056234489543284,0.026898959457665364
146.0,Chemprop (large),nr_er,balanced_accuracy,0.6038438647170726,0.02619476656892584
147.0,Chemprop (large),nr_er,balanced_accuracy,0.6039435656143807,0.026234533113619438
148.0,Chemprop (large),nr_er,balanced_accuracy,0.6031951178882522,0.027452063352743576
149.0,Chemprop (large),nr_er,balanced_accuracy,0.6039433695549786,0.02612671793501196
150.0,Chemprop (large),nr_er,balanced_accuracy,0.6023546838211564,0.0262079763478011
151.0,Chemprop (large),nr_er,balanced_accuracy,0.6032021414482751,0.024778968972835422
152.0,Chemprop (large),nr_er,balanced_accuracy,0.6024537918489067,0.026247156787828213
153.0,Chemprop (large),nr_er,balanced_accuracy,0.6034991713453637,0.024574869929854175
154.0,Chemprop (large),nr_er,balanced_accuracy,0.6025528017498968,0.02607691984150052
155.0,Chemprop (large),nr_er,balanced_accuracy,0.602651713718245,0.02600702635619665
156.0,Chemprop (large),nr_er,balanced_accuracy,0.6025527038172549,0.026178185461891417
157.0,Chemprop (large),nr_er,balanced_accuracy,0.6032941279833605,0.026651203278959396
158.0,Chemprop (large),nr_er,balanced_accuracy,0.6025527038172549,0.026178185461891417
159.0,Chemprop (large),nr_er,balanced_accuracy,0.6025527038172549,0.026178185461891417
160.0,Chemprop (large),nr_er,balanced_accuracy,0.6018114755164332,0.025964756387225434
161.0,Chemprop (large),nr_er,balanced_accuracy,0.601712465615443,0.025805077094068672
162.0,Chemprop (large),nr_er,balanced_accuracy,0.6020093973857714,0.026058620026274865
163.0,Chemprop (large),nr_er,balanced_accuracy,0.6027507236192351,0.026161030238790007
164.0,Chemprop (large),nr_er,balanced_accuracy,0.6021084072867615,0.025891634214252404
165.0,Chemprop (large),nr_er,balanced_accuracy,0.6019103874847813,0.02589809955985532
166.0,Chemprop (large),nr_er,balanced_accuracy,0.6020093973857714,0.025730548241813377
167.0,Chemprop (large),nr_er,balanced_accuracy,0.6023071180850597,0.025776285034286184
168.0,Chemprop (large),nr_er,balanced_accuracy,0.6014667819506059,0.025663671671496847
169.0,Chemprop (large),nr_er,balanced_accuracy,0.601565791851596,0.02583014713237623
170.0,Chemprop (large),nr_er,balanced_accuracy,0.601565791851596,0.026159311969848664
171.0,Chemprop (large),nr_er,balanced_accuracy,0.6017645026498941,0.02605270739956338
172.0,Chemprop (large),nr_er,balanced_accuracy,0.6016654927489041,0.025886246434437685
173.0,Chemprop (large),nr_er,balanced_accuracy,0.6016654927489041,0.025886246434437685
174.0,Chemprop (large),nr_er,balanced_accuracy,0.601565791851596,0.02583014713237623
175.0,Chemprop (large),nr_er,balanced_accuracy,0.6017645026498941,0.02605270739956338
176.0,Chemprop (large),nr_er,balanced_accuracy,0.6017651936462121,0.0259441402003981
177.0,Chemprop (large),nr_er,balanced_accuracy,0.6018642035472023,0.02610975949105643
178.0,Chemprop (large),nr_er,balanced_accuracy,0.6017651936462121,0.0259441402003981
179.0,Chemprop (large),nr_er,balanced_accuracy,0.6011235683100565,0.02479815029730485
180.0,Chemprop (large),nr_er,balanced_accuracy,0.6010238674127485,0.024731830138069448
181.0,Chemprop (large),nr_er,balanced_accuracy,0.6011228773137386,0.02456577871072226
182.0,Chemprop (large),nr_er,balanced_accuracy,0.6010238674127485,0.024731830138069448
183.0,Chemprop (large),nr_er,balanced_accuracy,0.6011228773137386,0.02456577871072226
184.0,Chemprop (large),nr_er,balanced_accuracy,0.6009248575117583,0.024573854154571043
185.0,Chemprop (large),nr_er,balanced_accuracy,0.6011228773137386,0.02456577871072226
186.0,Chemprop (large),nr_er,balanced_accuracy,0.6010245584090664,0.024641100272501156
187.0,Chemprop (large),nr_er,balanced_accuracy,0.6013215881120367,0.024790635311456158
188.0,Chemprop (large),nr_er,balanced_accuracy,0.6013215881120367,0.024790635311456158
189.0,Chemprop (large),nr_er,balanced_accuracy,0.600474130484918,0.026234215586712042
190.0,Chemprop (large),nr_er,balanced_accuracy,0.6004740325522762,0.026023197459104162
191.0,Chemprop (large),nr_er,balanced_accuracy,0.6004740325522762,0.026023197459104162
192.0,Chemprop (large),nr_er,balanced_accuracy,0.6005731405800263,0.02603399064454113
193.0,Chemprop (large),nr_er,balanced_accuracy,0.6005731405800263,0.02603399064454113
194.0,Chemprop (large),nr_er,balanced_accuracy,0.6005731405800263,0.02603399064454113
195.0,Chemprop (large),nr_er,balanced_accuracy,0.6006721504810165,0.02618716056583631
196.0,Chemprop (large),nr_er,balanced_accuracy,0.6006721504810165,0.02618716056583631
197.0,Chemprop (large),nr_er,balanced_accuracy,0.6007712585087668,0.02619929261844734
198.0,Chemprop (large),nr_er,balanced_accuracy,0.6006722486077767,0.026373294662602152
199.0,Chemprop (large),nr_er,balanced_accuracy,0.6008701704771149,0.026470590984676474
200.0,Chemprop (large),nr_er,balanced_accuracy,0.6007711605761248,0.026317673820106923
1.0,Morgan,nr_er,balanced_accuracy,0.6195696455953914,0.06374535370946266
2.0,Morgan,nr_er,balanced_accuracy,0.623692246775183,0.06224989727750796
3.0,Morgan,nr_er,balanced_accuracy,0.6143968984222266,0.047110745461949266
4.0,Morgan,nr_er,balanced_accuracy,0.6194784773114391,0.0565793037939925
5.0,Morgan,nr_er,balanced_accuracy,0.6122853258985751,0.06017791630765034
6.0,Morgan,nr_er,balanced_accuracy,0.6124253793788629,0.05898002387833028
7.0,Morgan,nr_er,balanced_accuracy,0.6021164431010286,0.05291840496018343
8.0,Morgan,nr_er,balanced_accuracy,0.6048388303150846,0.0514331576243782
9.0,Morgan,nr_er,balanced_accuracy,0.6020381252762739,0.04717674905860634
10.0,Morgan,nr_er,balanced_accuracy,0.6016274570344876,0.04797052551379398
11.0,Morgan,nr_er,balanced_accuracy,0.5832272233820325,0.03638170789670343
12.0,Morgan,nr_er,balanced_accuracy,0.5879403676602957,0.04097313334291427
13.0,Morgan,nr_er,balanced_accuracy,0.5839137759999886,0.03958272332404188
14.0,Morgan,nr_er,balanced_accuracy,0.5841598629412894,0.03520481933992749
15.0,Morgan,nr_er,balanced_accuracy,0.5825296504312679,0.03807767326679507
16.0,Morgan,nr_er,balanced_accuracy,0.5826762325346628,0.037323141198855526
17.0,Morgan,nr_er,balanced_accuracy,0.5815824004405072,0.03634816158221208
18.0,Morgan,nr_er,balanced_accuracy,0.5811979422757882,0.03561112538050592
19.0,Morgan,nr_er,balanced_accuracy,0.5795107413837737,0.029354525704976986
20.0,Morgan,nr_er,balanced_accuracy,0.5759445493492393,0.029090040169568374
21.0,Morgan,nr_er,balanced_accuracy,0.5716796902852769,0.020434104422942218
22.0,Morgan,nr_er,balanced_accuracy,0.5707408341071608,0.02323995569068704
23.0,Morgan,nr_er,balanced_accuracy,0.5706604340909048,0.0201542771403024
24.0,Morgan,nr_er,balanced_accuracy,0.5686761053691598,0.026989679460175216
25.0,Morgan,nr_er,balanced_accuracy,0.5662535208517752,0.021569884523522757
26.0,Morgan,nr_er,balanced_accuracy,0.5677891888752076,0.023087555250481926
27.0,Morgan,nr_er,balanced_accuracy,0.5620960653073293,0.023477385115801806
28.0,Morgan,nr_er,balanced_accuracy,0.5603633624702786,0.020095966859597737
29.0,Morgan,nr_er,balanced_accuracy,0.5577274320504619,0.021015411983931673
30.0,Morgan,nr_er,balanced_accuracy,0.5547044483206508,0.01823275459128642
31.0,Morgan,nr_er,balanced_accuracy,0.5485090554342787,0.018640577165748667
32.0,Morgan,nr_er,balanced_accuracy,0.5459420524923141,0.023333187472268632
33.0,Morgan,nr_er,balanced_accuracy,0.5432144295294561,0.023568596189519935
34.0,Morgan,nr_er,balanced_accuracy,0.5431224429943707,0.025832458525838722
35.0,Morgan,nr_er,balanced_accuracy,0.5405942151657026,0.02729083037684647
36.0,Morgan,nr_er,balanced_accuracy,0.5389602282375979,0.027931531799229276
37.0,Morgan,nr_er,balanced_accuracy,0.5382586619116745,0.025204492924044256
38.0,Morgan,nr_er,balanced_accuracy,0.5359751392257895,0.024232205690536857
39.0,Morgan,nr_er,balanced_accuracy,0.5363243957504233,0.02651711725142994
40.0,Morgan,nr_er,balanced_accuracy,0.5337446320964097,0.026565882970546833
41.0,Morgan,nr_er,balanced_accuracy,0.5315001785158652,0.02290148154506918
42.0,Morgan,nr_er,balanced_accuracy,0.5305679539730861,0.026010354099826733
43.0,Morgan,nr_er,balanced_accuracy,0.5308112749693488,0.025072185011294625
44.0,Morgan,nr_er,balanced_accuracy,0.5292160606124195,0.02503437671893252
45.0,Morgan,nr_er,balanced_accuracy,0.5296121004104981,0.02505166028019557
46.0,Morgan,nr_er,balanced_accuracy,0.5254910297077863,0.02168709203053046
47.0,Morgan,nr_er,balanced_accuracy,0.5248953007834738,0.021727182229491566
48.0,Morgan,nr_er,balanced_accuracy,0.5255899416761345,0.02187222679213143
49.0,Morgan,nr_er,balanced_accuracy,0.5256881626481646,0.022043404490266275
50.0,Morgan,nr_er,balanced_accuracy,0.5247422879896138,0.020614543578803313
51.0,Morgan,nr_er,balanced_accuracy,0.524786702128176,0.02106772235042516
52.0,Morgan,nr_er,balanced_accuracy,0.5239938402634852,0.02054901299226084
53.0,Morgan,nr_er,balanced_accuracy,0.5231464807631266,0.01886790599520257
54.0,Morgan,nr_er,balanced_accuracy,0.5232454906641169,0.018871153082988146
55.0,Morgan,nr_er,balanced_accuracy,0.52229912106865,0.018744668292540647
56.0,Morgan,nr_er,balanced_accuracy,0.5198714833468946,0.019050927914464125
57.0,Morgan,nr_er,balanced_accuracy,0.5189243248224679,0.01913098959872464
58.0,Morgan,nr_er,balanced_accuracy,0.5174360331361564,0.019097818142738195
59.0,Morgan,nr_er,balanced_accuracy,0.5173822263026885,0.0192408194252709
60.0,Morgan,nr_er,balanced_accuracy,0.5150012739217361,0.01981964947390965
61.0,Morgan,nr_er,balanced_accuracy,0.5158938366837351,0.01968430669572982
62.0,Morgan,nr_er,balanced_accuracy,0.5151001858900843,0.02003755118580828
63.0,Morgan,nr_er,balanced_accuracy,0.516786399445734,0.019701002479594908
64.0,Morgan,nr_er,balanced_accuracy,0.5151990978584324,0.02025552382817958
65.0,Morgan,nr_er,balanced_accuracy,0.5152980098267806,0.020473565135531255
66.0,Morgan,nr_er,balanced_accuracy,0.5144055449974236,0.020469831532590747
67.0,Morgan,nr_er,balanced_accuracy,0.5128094437788926,0.01931277992835063
68.0,Morgan,nr_er,balanced_accuracy,0.5118630741834258,0.01720938262750465
69.0,Morgan,nr_er,balanced_accuracy,0.5119619861517739,0.017429079532361322
70.0,Morgan,nr_er,balanced_accuracy,0.5119619861517739,0.017429079532361322
71.0,Morgan,nr_er,balanced_accuracy,0.5128094437788926,0.01931277992835063
72.0,Morgan,nr_er,balanced_accuracy,0.512060996052764,0.017364715645134327
73.0,Morgan,nr_er,balanced_accuracy,0.5130074635808728,0.019215636453017566
74.0,Morgan,nr_er,balanced_accuracy,0.5113203608156184,0.017931108249102753
75.0,Morgan,nr_er,balanced_accuracy,0.5123658382447172,0.019691420544115552
76.0,Morgan,nr_er,balanced_accuracy,0.512167818442737,0.017804176286835116
77.0,Morgan,nr_er,balanced_accuracy,0.5121600059537541,0.017302945273343168
78.0,Morgan,nr_er,balanced_accuracy,0.5114192727839665,0.018149135042853617
79.0,Morgan,nr_er,balanced_accuracy,0.5114193707166084,0.0179059817300309
80.0,Morgan,nr_er,balanced_accuracy,0.5115182826849566,0.018123635350514374
81.0,Morgan,nr_er,balanced_accuracy,0.5117162045542949,0.018257446925968483
82.0,Morgan,nr_er,balanced_accuracy,0.5115182826849566,0.018123635350514374
83.0,Morgan,nr_er,balanced_accuracy,0.511815116522643,0.01847559290647902
84.0,Morgan,nr_er,balanced_accuracy,0.5119140284909912,0.018693810045363815
85.0,Morgan,nr_er,balanced_accuracy,0.5118143275936832,0.018754659266544328
86.0,Morgan,nr_er,balanced_accuracy,0.5118143275936832,0.018754659266544328
87.0,Morgan,nr_er,balanced_accuracy,0.5118143275936832,0.018754659266544328
88.0,Morgan,nr_er,balanced_accuracy,0.5118143275936832,0.018754659266544328
89.0,Morgan,nr_er,balanced_accuracy,0.5109668699665645,0.016887996099555717
90.0,Morgan,nr_er,balanced_accuracy,0.5109668699665645,0.016887996099555717
91.0,Morgan,nr_er,balanced_accuracy,0.5110665708638725,0.01682667325353448
92.0,Morgan,nr_er,balanced_accuracy,0.5111662717611807,0.016768090409854552
93.0,Morgan,nr_er,balanced_accuracy,0.5103726209675299,0.01730864354717013
94.0,Morgan,nr_er,balanced_accuracy,0.5111662717611807,0.016768090409854552
95.0,Morgan,nr_er,balanced_accuracy,0.5103726209675299,0.01730864354717013
96.0,Morgan,nr_er,balanced_accuracy,0.5111662717611807,0.016768090409854552
97.0,Morgan,nr_er,balanced_accuracy,0.5103726209675299,0.01730864354717013
98.0,Morgan,nr_er,balanced_accuracy,0.510471532935878,0.017525163075976846
99.0,Morgan,nr_er,balanced_accuracy,0.51037183203857,0.017604412759887746
100.0,Morgan,nr_er,balanced_accuracy,0.5105696559752663,0.01803725485760357
101.0,Morgan,nr_er,balanced_accuracy,0.510470744006918,0.017820775455122836
102.0,Morgan,nr_er,balanced_accuracy,0.5108671808092706,0.018392348848751884
103.0,Morgan,nr_er,balanced_accuracy,0.5108671808092706,0.018392348848751884
104.0,Morgan,nr_er,balanced_accuracy,0.5108671808092706,0.018392348848751884
105.0,Morgan,nr_er,balanced_accuracy,0.5108671808092706,0.018392348848751884
106.0,Morgan,nr_er,balanced_accuracy,0.5107682688409225,0.01817539418219854
107.0,Morgan,nr_er,balanced_accuracy,0.5108671808092706,0.018392348848751884
108.0,Morgan,nr_er,balanced_accuracy,0.5107682688409225,0.01817539418219854
109.0,Morgan,nr_er,balanced_accuracy,0.510019723182152,0.01653714973355853
110.0,Morgan,nr_er,balanced_accuracy,0.510019723182152,0.01653714973355853
111.0,Morgan,nr_er,balanced_accuracy,0.5102175471188484,0.01696942661337111
112.0,Morgan,nr_er,balanced_accuracy,0.508529753357276,0.015590204001110901
113.0,Morgan,nr_er,balanced_accuracy,0.5069337500713869,0.01214617380650382
114.0,Morgan,nr_er,balanced_accuracy,0.5060862924442682,0.010351843132423207
115.0,Morgan,nr_er,balanced_accuracy,0.5061852044126164,0.010559458082061775
116.0,Morgan,nr_er,balanced_accuracy,0.5053377467854977,0.008802095225855797
117.0,Morgan,nr_er,balanced_accuracy,0.5053377467854977,0.008802095225855797
118.0,Morgan,nr_er,balanced_accuracy,0.504490289158379,0.007115718518945375
119.0,Morgan,nr_er,balanced_accuracy,0.504490289158379,0.007115718518945375
120.0,Morgan,nr_er,balanced_accuracy,0.5045892011267272,0.007307277914819574
121.0,Morgan,nr_er,balanced_accuracy,0.5045892011267272,0.007307277914819574
122.0,Morgan,nr_er,balanced_accuracy,0.5038406554679568,0.00590922555978604
123.0,Morgan,nr_er,balanced_accuracy,0.5029932957734801,0.00526953122652844
124.0,Morgan,nr_er,balanced_accuracy,0.5022447501147096,0.0037727423151558246
125.0,Morgan,nr_er,balanced_accuracy,0.5030922077418282,0.005474988098646811
126.0,Morgan,nr_er,balanced_accuracy,0.5022447501147096,0.0037727423151558246
127.0,Morgan,nr_er,balanced_accuracy,0.5022447501147096,0.0037727423151558246
128.0,Morgan,nr_er,balanced_accuracy,0.5022447501147096,0.0037727423151558246
129.0,Morgan,nr_er,balanced_accuracy,0.5023436620830577,0.003962413237467613
130.0,Morgan,nr_er,balanced_accuracy,0.5023436620830577,0.003962413237467613
131.0,Morgan,nr_er,balanced_accuracy,0.5023436620830577,0.003962413237467613
132.0,Morgan,nr_er,balanced_accuracy,0.5023436620830577,0.003962413237467613
133.0,Morgan,nr_er,balanced_accuracy,0.5014962044559391,0.0025104612800076267
134.0,Morgan,nr_er,balanced_accuracy,0.5014962044559391,0.0025104612800076267
135.0,Morgan,nr_er,balanced_accuracy,0.5014962044559391,0.0025104612800076267
136.0,Morgan,nr_er,balanced_accuracy,0.5014962044559391,0.0025104612800076267
137.0,Morgan,nr_er,balanced_accuracy,0.5014962044559391,0.0025104612800076267
138.0,Morgan,nr_er,balanced_accuracy,0.5014962044559391,0.0025104612800076267
139.0,Morgan,nr_er,balanced_accuracy,0.5014962044559391,0.0025104612800076267
140.0,Morgan,nr_er,balanced_accuracy,0.5006487468288204,0.002021375103733129
141.0,Morgan,nr_er,balanced_accuracy,0.5006487468288204,0.002021375103733129
142.0,Morgan,nr_er,balanced_accuracy,0.5006487468288204,0.002021375103733129
143.0,Morgan,nr_er,balanced_accuracy,0.5006487468288204,0.002021375103733129
144.0,Morgan,nr_er,balanced_accuracy,0.5006487468288204,0.002021375103733129
145.0,Morgan,nr_er,balanced_accuracy,0.5006487468288204,0.002021375103733129
146.0,Morgan,nr_er,balanced_accuracy,0.49980128920170186,0.0002720987084915646
147.0,Morgan,nr_er,balanced_accuracy,0.49990099009900996,0.00022139286905938145
148.0,Morgan,nr_er,balanced_accuracy,0.49990099009900996,0.00022139286905938145
149.0,Morgan,nr_er,balanced_accuracy,0.49990099009900996,0.00022139286905938145
150.0,Morgan,nr_er,balanced_accuracy,0.49990099009900996,0.00022139286905938145
151.0,Morgan,nr_er,balanced_accuracy,0.49990099009900996,0.00022139286905938145
152.0,Morgan,nr_er,balanced_accuracy,0.49990099009900996,0.00022139286905938145
153.0,Morgan,nr_er,balanced_accuracy,0.49990099009900996,0.00022139286905938145
154.0,Morgan,nr_er,balanced_accuracy,0.49990099009900996,0.00022139286905938145
155.0,Morgan,nr_er,balanced_accuracy,0.49990099009900996,0.00022139286905938145
156.0,Morgan,nr_er,balanced_accuracy,0.5,0.0
157.0,Morgan,nr_er,balanced_accuracy,0.5,0.0
158.0,Morgan,nr_er,balanced_accuracy,0.5,0.0
159.0,Morgan,nr_er,balanced_accuracy,0.5,0.0
160.0,Morgan,nr_er,balanced_accuracy,0.5,0.0
161.0,Morgan,nr_er,balanced_accuracy,0.5,0.0
162.0,Morgan,nr_er,balanced_accuracy,0.5,0.0
163.0,Morgan,nr_er,balanced_accuracy,0.5,0.0
164.0,Morgan,nr_er,balanced_accuracy,0.5,0.0
165.0,Morgan,nr_er,balanced_accuracy,0.5,0.0
166.0,Morgan,nr_er,balanced_accuracy,0.5,0.0
167.0,Morgan,nr_er,balanced_accuracy,0.5,0.0
168.0,Morgan,nr_er,balanced_accuracy,0.5,0.0
169.0,Morgan,nr_er,balanced_accuracy,0.5,0.0
170.0,Morgan,nr_er,balanced_accuracy,0.5,0.0
171.0,Morgan,nr_er,balanced_accuracy,0.5,0.0
172.0,Morgan,nr_er,balanced_accuracy,0.5,0.0
173.0,Morgan,nr_er,balanced_accuracy,0.5,0.0
174.0,Morgan,nr_er,balanced_accuracy,0.5,0.0
175.0,Morgan,nr_er,balanced_accuracy,0.5,0.0
176.0,Morgan,nr_er,balanced_accuracy,0.5,0.0
177.0,Morgan,nr_er,balanced_accuracy,0.5,0.0
178.0,Morgan,nr_er,balanced_accuracy,0.5,0.0
179.0,Morgan,nr_er,balanced_accuracy,0.5,0.0
180.0,Morgan,nr_er,balanced_accuracy,0.5,0.0
181.0,Morgan,nr_er,balanced_accuracy,0.5,0.0
182.0,Morgan,nr_er,balanced_accuracy,0.5,0.0
183.0,Morgan,nr_er,balanced_accuracy,0.5,0.0
184.0,Morgan,nr_er,balanced_accuracy,0.5,0.0
185.0,Morgan,nr_er,balanced_accuracy,0.5,0.0
186.0,Morgan,nr_er,balanced_accuracy,0.5,0.0
187.0,Morgan,nr_er,balanced_accuracy,0.5,0.0
188.0,Morgan,nr_er,balanced_accuracy,0.5,0.0
189.0,Morgan,nr_er,balanced_accuracy,0.5,0.0
190.0,Morgan,nr_er,balanced_accuracy,0.5,0.0
191.0,Morgan,nr_er,balanced_accuracy,0.5,0.0
192.0,Morgan,nr_er,balanced_accuracy,0.5,0.0
193.0,Morgan,nr_er,balanced_accuracy,0.5,0.0
194.0,Morgan,nr_er,balanced_accuracy,0.5,0.0
195.0,Morgan,nr_er,balanced_accuracy,0.5,0.0
196.0,Morgan,nr_er,balanced_accuracy,0.5,0.0
197.0,Morgan,nr_er,balanced_accuracy,0.5,0.0
198.0,Morgan,nr_er,balanced_accuracy,0.5,0.0
199.0,Morgan,nr_er,balanced_accuracy,0.5,0.0
200.0,Morgan,nr_er,balanced_accuracy,0.5,0.0
1.0,Mordred,nr_er,balanced_accuracy,0.6443788689323764,0.05000651217670637
2.0,Mordred,nr_er,balanced_accuracy,0.6443788689323764,0.05000651217670637
3.0,Mordred,nr_er,balanced_accuracy,0.627882662033161,0.04194723025819773
4.0,Mordred,nr_er,balanced_accuracy,0.627425793801358,0.0360991123464826
5.0,Mordred,nr_er,balanced_accuracy,0.6145266366493871,0.039885527927335705
6.0,Mordred,nr_er,balanced_accuracy,0.6163395546195678,0.03044348907561249
7.0,Mordred,nr_er,balanced_accuracy,0.6104026172723955,0.036054212360135784
8.0,Mordred,nr_er,balanced_accuracy,0.6089791143288091,0.03530658114522684
9.0,Mordred,nr_er,balanced_accuracy,0.6052821890206995,0.04257135324314561
10.0,Mordred,nr_er,balanced_accuracy,0.6040992319257901,0.04453294586172549
11.0,Mordred,nr_er,balanced_accuracy,0.6018621942135368,0.04556861891252598
12.0,Mordred,nr_er,balanced_accuracy,0.5992820337493675,0.04243431130254457
13.0,Mordred,nr_er,balanced_accuracy,0.6029517894411511,0.04790900355274807
14.0,Mordred,nr_er,balanced_accuracy,0.6030289489356598,0.05024270236367746
15.0,Mordred,nr_er,balanced_accuracy,0.5967979413478366,0.04953383791343755
16.0,Mordred,nr_er,balanced_accuracy,0.5963015075022473,0.04694499979390509
17.0,Mordred,nr_er,balanced_accuracy,0.5953874887959199,0.04997003840816135
18.0,Mordred,nr_er,balanced_accuracy,0.5962070693743746,0.04813492417081576
19.0,Mordred,nr_er,balanced_accuracy,0.593474796871846,0.049996741356720865
20.0,Mordred,nr_er,balanced_accuracy,0.5963523726914817,0.055621823721955024
21.0,Mordred,nr_er,balanced_accuracy,0.5925750146845402,0.0532211102303594
22.0,Mordred,nr_er,balanced_accuracy,0.5961537662921336,0.0534988101698729
23.0,Mordred,nr_er,balanced_accuracy,0.5903825840504298,0.054204296165935584
24.0,Mordred,nr_er,balanced_accuracy,0.5955496296612774,0.053549367559497636
25.0,Mordred,nr_er,balanced_accuracy,0.5944056441226488,0.052733409829875316
26.0,Mordred,nr_er,balanced_accuracy,0.5951544839675815,0.052501781979688876
27.0,Mordred,nr_er,balanced_accuracy,0.5948495438429865,0.052594385001275015
28.0,Mordred,nr_er,balanced_accuracy,0.5934133808515784,0.05618815652952594
29.0,Mordred,nr_er,balanced_accuracy,0.5908704151006645,0.053354499372620434
30.0,Mordred,nr_er,balanced_accuracy,0.5887391139316769,0.052061743025642364
31.0,Mordred,nr_er,balanced_accuracy,0.5834538740613334,0.04170139494012642
32.0,Mordred,nr_er,balanced_accuracy,0.5836656421058457,0.039808217653479604
33.0,Mordred,nr_er,balanced_accuracy,0.5812374207124258,0.0365810849511181
34.0,Mordred,nr_er,balanced_accuracy,0.5786749717254926,0.028024702139398033
35.0,Mordred,nr_er,balanced_accuracy,0.5721517823771205,0.016163396434156686
36.0,Mordred,nr_er,balanced_accuracy,0.5666596339552364,0.017638557630918907
37.0,Mordred,nr_er,balanced_accuracy,0.563780074459096,0.013115693686526294
38.0,Mordred,nr_er,balanced_accuracy,0.562060036555337,0.017408603748702848
39.0,Mordred,nr_er,balanced_accuracy,0.5595322006513548,0.016313296850343287
40.0,Mordred,nr_er,balanced_accuracy,0.5573009045930151,0.016342197500000846
41.0,Mordred,nr_er,balanced_accuracy,0.553541753194344,0.021323805550285173
42.0,Mordred,nr_er,balanced_accuracy,0.5558690969551152,0.018438118786117275
43.0,Mordred,nr_er,balanced_accuracy,0.5519968885354081,0.019271593445423812
44.0,Mordred,nr_er,balanced_accuracy,0.5526066643856482,0.022479160211911237
45.0,Mordred,nr_er,balanced_accuracy,0.5510644679332269,0.02309399126382314
46.0,Mordred,nr_er,balanced_accuracy,0.5503370906930489,0.02733611484972308
47.0,Mordred,nr_er,balanced_accuracy,0.5505884202376965,0.028607525036005298
48.0,Mordred,nr_er,balanced_accuracy,0.5490905397970774,0.026722013206632405
49.0,Mordred,nr_er,balanced_accuracy,0.5482985649881066,0.027798800789320274
50.0,Mordred,nr_er,balanced_accuracy,0.5496781690949076,0.024855877645114533
51.0,Mordred,nr_er,balanced_accuracy,0.5495320768488405,0.027217921381421914
52.0,Mordred,nr_er,balanced_accuracy,0.5487904566233328,0.0271962250205806
53.0,Mordred,nr_er,balanced_accuracy,0.5466456036594516,0.0270292350898996
54.0,Mordred,nr_er,balanced_accuracy,0.5450104307981131,0.027712430863193863
55.0,Mordred,nr_er,balanced_accuracy,0.546009815950085,0.030216630332962128
56.0,Mordred,nr_er,balanced_accuracy,0.5440231271018865,0.029719561670006854
57.0,Mordred,nr_er,balanced_accuracy,0.5446661342365599,0.027552797302194825
58.0,Mordred,nr_er,balanced_accuracy,0.5448636591016242,0.026058880115036338
59.0,Mordred,nr_er,balanced_accuracy,0.5439773286226853,0.029393561677698316
60.0,Mordred,nr_er,balanced_accuracy,0.5434290739681357,0.027854315502491053
61.0,Mordred,nr_er,balanced_accuracy,0.5407554446956003,0.028975885856959538
62.0,Mordred,nr_er,balanced_accuracy,0.5403432967226544,0.025326907311127394
63.0,Mordred,nr_er,balanced_accuracy,0.5379212002876412,0.028405346288381404
64.0,Mordred,nr_er,balanced_accuracy,0.5377628422664411,0.024534932791192024
65.0,Mordred,nr_er,balanced_accuracy,0.5345400714777542,0.026094361487561144
66.0,Mordred,nr_er,balanced_accuracy,0.5357310482833623,0.0273272274533045
67.0,Mordred,nr_er,balanced_accuracy,0.5345867568185572,0.025296046370171684
68.0,Mordred,nr_er,balanced_accuracy,0.5348907121489084,0.028126592237418056
69.0,Mordred,nr_er,balanced_accuracy,0.5356844608752012,0.027924891349728403
70.0,Mordred,nr_er,balanced_accuracy,0.5340036906736516,0.030001198423852873
71.0,Mordred,nr_er,balanced_accuracy,0.5332030163199779,0.027459927285112755
72.0,Mordred,nr_er,balanced_accuracy,0.5310255270951061,0.029736115137934935
73.0,Mordred,nr_er,balanced_accuracy,0.5316607219349148,0.026176617590133924
74.0,Mordred,nr_er,balanced_accuracy,0.5292316019398787,0.027659878595673232
75.0,Mordred,nr_er,balanced_accuracy,0.5317597318359049,0.02739025966615191
76.0,Mordred,nr_er,balanced_accuracy,0.5301241647018776,0.027841515723178504
77.0,Mordred,nr_er,balanced_accuracy,0.5320566636062333,0.026543209746535623
78.0,Mordred,nr_er,balanced_accuracy,0.5320107671943901,0.02728705296261968
79.0,Mordred,nr_er,balanced_accuracy,0.5312623194682616,0.025917550367454877
80.0,Mordred,nr_er,balanced_accuracy,0.5294677033167162,0.02624886883032391
81.0,Mordred,nr_er,balanced_accuracy,0.5303214935075399,0.028123624692404574
82.0,Mordred,nr_er,balanced_accuracy,0.5286344886749273,0.02738775491321348
83.0,Mordred,nr_er,balanced_accuracy,0.5288870063066934,0.02887754782205482
84.0,Mordred,nr_er,balanced_accuracy,0.5289314204452558,0.028700691719246416
85.0,Mordred,nr_er,balanced_accuracy,0.5273369973652893,0.026333881016214086
86.0,Mordred,nr_er,balanced_accuracy,0.524855552810066,0.02577568672002433
87.0,Mordred,nr_er,balanced_accuracy,0.5255501937027267,0.02477037683341945
88.0,Mordred,nr_er,balanced_accuracy,0.5240080951829473,0.024281138500833986
89.0,Mordred,nr_er,balanced_accuracy,0.5242074969775635,0.024242021128443588
90.0,Mordred,nr_er,balanced_accuracy,0.5234138461839127,0.024445622362192915
91.0,Mordred,nr_er,balanced_accuracy,0.5224673786558041,0.02377828365587034
92.0,Mordred,nr_er,balanced_accuracy,0.5217189309296755,0.023373081059853664
93.0,Mordred,nr_er,balanced_accuracy,0.519825995873458,0.020249887218568755
94.0,Mordred,nr_er,balanced_accuracy,0.5191836795409844,0.02112659386312487
95.0,Mordred,nr_er,balanced_accuracy,0.5183369129101838,0.02074849291549238
96.0,Mordred,nr_er,balanced_accuracy,0.5191843705373024,0.0223466530646524
97.0,Mordred,nr_er,balanced_accuracy,0.5183369129101838,0.02074849291549238
98.0,Mordred,nr_er,balanced_accuracy,0.517390445382075,0.019149487426331137
99.0,Mordred,nr_er,balanced_accuracy,0.5183376039065017,0.020698475371106057
100.0,Mordred,nr_er,balanced_accuracy,0.5167955053867224,0.019102055014672353
101.0,Mordred,nr_er,balanced_accuracy,0.5184366138074917,0.020583775470269232
102.0,Mordred,nr_er,balanced_accuracy,0.5177418749821892,0.020877974556582687
103.0,Mordred,nr_er,balanced_accuracy,0.5177418749821892,0.020877974556582687
104.0,Mordred,nr_er,balanced_accuracy,0.5169934272560607,0.019173808761598774
105.0,Mordred,nr_er,balanced_accuracy,0.5170923392244088,0.01935742855756492
106.0,Mordred,nr_er,balanced_accuracy,0.517191251192757,0.01954182627266249
107.0,Mordred,nr_er,balanced_accuracy,0.5172902610937471,0.01959689435870548
108.0,Mordred,nr_er,balanced_accuracy,0.5172902610937471,0.01959689435870548
109.0,Mordred,nr_er,balanced_accuracy,0.5173892709947372,0.01982475077760543
110.0,Mordred,nr_er,balanced_accuracy,0.5166960120947124,0.019771220641323535
111.0,Mordred,nr_er,balanced_accuracy,0.5170934336913088,0.019824348238593564
112.0,Mordred,nr_er,balanced_accuracy,0.5164439958661704,0.019460929297080466
113.0,Mordred,nr_er,balanced_accuracy,0.5166964155652944,0.02043041913602563
114.0,Mordred,nr_er,balanced_accuracy,0.5149017014811071,0.01846443663815067
115.0,Mordred,nr_er,balanced_accuracy,0.5152009021056733,0.018204711544752807
116.0,Mordred,nr_er,balanced_accuracy,0.5128112480261334,0.01568690470075772
117.0,Mordred,nr_er,balanced_accuracy,0.5129109489234415,0.01562985520485793
118.0,Mordred,nr_er,balanced_accuracy,0.5128112480261334,0.01568690470075772
119.0,Mordred,nr_er,balanced_accuracy,0.5130099588244316,0.01571849230218493
120.0,Mordred,nr_er,balanced_accuracy,0.5120628003000048,0.015101631790676697
121.0,Mordred,nr_er,balanced_accuracy,0.5122614131656611,0.015233998445843484
122.0,Mordred,nr_er,balanced_accuracy,0.511269149506354,0.015631418991651606
123.0,Mordred,nr_er,balanced_accuracy,0.5105213927765435,0.01506115997480393
124.0,Mordred,nr_er,balanced_accuracy,0.509673146220465,0.01507094450590691
125.0,Mordred,nr_er,balanced_accuracy,0.5104667970141158,0.01462935625839442
126.0,Mordred,nr_er,balanced_accuracy,0.5105657089824639,0.014838300167057656
127.0,Mordred,nr_er,balanced_accuracy,0.510664718883454,0.014849589867332981
128.0,Mordred,nr_er,balanced_accuracy,0.5097720581888131,0.015280271905900677
129.0,Mordred,nr_er,balanced_accuracy,0.5099707689871112,0.015230740953422726
130.0,Mordred,nr_er,balanced_accuracy,0.5098717590861211,0.015214089944313143
131.0,Mordred,nr_er,balanced_accuracy,0.5100704698844194,0.015166806438897184
132.0,Mordred,nr_er,balanced_accuracy,0.5099714599834293,0.015150899604917303
133.0,Mordred,nr_er,balanced_accuracy,0.5099714599834293,0.015150899604917303
134.0,Mordred,nr_er,balanced_accuracy,0.5099714599834293,0.015150899604917303
135.0,Mordred,nr_er,balanced_accuracy,0.5099714599834293,0.015150899604917303
136.0,Mordred,nr_er,balanced_accuracy,0.5100704698844194,0.015166806438897184
137.0,Mordred,nr_er,balanced_accuracy,0.5100704698844194,0.015166806438897184
138.0,Mordred,nr_er,balanced_accuracy,0.5101701707817274,0.015105891824348499
139.0,Mordred,nr_er,balanced_accuracy,0.5102691806827175,0.0151242711457651
140.0,Mordred,nr_er,balanced_accuracy,0.5103680926510658,0.015332052252475012
141.0,Mordred,nr_er,balanced_accuracy,0.5102683917537576,0.015393674301108334
142.0,Mordred,nr_er,balanced_accuracy,0.5103680926510658,0.015332052252475012
143.0,Mordred,nr_er,balanced_accuracy,0.5096195469922952,0.013769979320944075
144.0,Mordred,nr_er,balanced_accuracy,0.5096195469922952,0.013769979320944075
145.0,Mordred,nr_er,balanced_accuracy,0.5096195469922952,0.013769979320944075
146.0,Mordred,nr_er,balanced_accuracy,0.5087720893651766,0.012037798580580265
147.0,Mordred,nr_er,balanced_accuracy,0.5087720893651766,0.012037798580580265
148.0,Mordred,nr_er,balanced_accuracy,0.5088717902624846,0.011979667046256161
149.0,Mordred,nr_er,balanced_accuracy,0.5088717902624846,0.011979667046256161
150.0,Mordred,nr_er,balanced_accuracy,0.5088717902624846,0.011979667046256161
151.0,Mordred,nr_er,balanced_accuracy,0.5081240335326741,0.010252620298987545
152.0,Mordred,nr_er,balanced_accuracy,0.5081240335326741,0.010252620298987545
153.0,Mordred,nr_er,balanced_accuracy,0.5081240335326741,0.010252620298987545
154.0,Mordred,nr_er,balanced_accuracy,0.5081240335326741,0.010252620298987545
155.0,Mordred,nr_er,balanced_accuracy,0.5081240335326741,0.010252620298987545
156.0,Mordred,nr_er,balanced_accuracy,0.5081240335326741,0.010252620298987545
157.0,Mordred,nr_er,balanced_accuracy,0.5072765759055555,0.009949229340935967
158.0,Mordred,nr_er,balanced_accuracy,0.5072765759055555,0.009949229340935967
159.0,Mordred,nr_er,balanced_accuracy,0.5073754878739036,0.010156604981265853
160.0,Mordred,nr_er,balanced_accuracy,0.5072765759055555,0.009949229340935967
161.0,Mordred,nr_er,balanced_accuracy,0.5073754878739036,0.010156604981265853
162.0,Mordred,nr_er,balanced_accuracy,0.5073754878739036,0.010156604981265853
163.0,Mordred,nr_er,balanced_accuracy,0.5073754878739036,0.010156604981265853
164.0,Mordred,nr_er,balanced_accuracy,0.5074743998422517,0.01036455116188022
165.0,Mordred,nr_er,balanced_accuracy,0.5066807490486009,0.010841123896415434
166.0,Mordred,nr_er,balanced_accuracy,0.5074743998422517,0.01036455116188022
167.0,Mordred,nr_er,balanced_accuracy,0.5066807490486009,0.010841123896415434
168.0,Mordred,nr_er,balanced_accuracy,0.5066807490486009,0.010841123896415434
169.0,Mordred,nr_er,balanced_accuracy,0.5066807490486009,0.010841123896415434
170.0,Mordred,nr_er,balanced_accuracy,0.5058332914214823,0.009080692862840994
171.0,Mordred,nr_er,balanced_accuracy,0.5058332914214823,0.009080692862840994
172.0,Mordred,nr_er,balanced_accuracy,0.5066807490486009,0.010841123896415434
173.0,Mordred,nr_er,balanced_accuracy,0.5066807490486009,0.010841123896415434
174.0,Mordred,nr_er,balanced_accuracy,0.5066807490486009,0.010841123896415434
175.0,Mordred,nr_er,balanced_accuracy,0.5067796610169492,0.011049495602038405
176.0,Mordred,nr_er,balanced_accuracy,0.5067796610169492,0.011049495602038405
177.0,Mordred,nr_er,balanced_accuracy,0.5059322033898305,0.009283433178053633
178.0,Mordred,nr_er,balanced_accuracy,0.5059322033898305,0.009283433178053633
179.0,Mordred,nr_er,balanced_accuracy,0.5050847457627119,0.00757989144915181
180.0,Mordred,nr_er,balanced_accuracy,0.5050847457627119,0.00757989144915181
181.0,Mordred,nr_er,balanced_accuracy,0.5042372881355932,0.005992430349038513
182.0,Mordred,nr_er,balanced_accuracy,0.5042372881355932,0.005992430349038513
183.0,Mordred,nr_er,balanced_accuracy,0.5042372881355932,0.005992430349038513
184.0,Mordred,nr_er,balanced_accuracy,0.5033898305084745,0.004641716589026814
185.0,Mordred,nr_er,balanced_accuracy,0.5033898305084745,0.004641716589026814
186.0,Mordred,nr_er,balanced_accuracy,0.5033898305084745,0.004641716589026814
187.0,Mordred,nr_er,balanced_accuracy,0.5033898305084745,0.004641716589026814
188.0,Mordred,nr_er,balanced_accuracy,0.5033898305084745,0.004641716589026814
189.0,Mordred,nr_er,balanced_accuracy,0.5033898305084745,0.004641716589026814
190.0,Mordred,nr_er,balanced_accuracy,0.5033898305084745,0.004641716589026814
191.0,Mordred,nr_er,balanced_accuracy,0.5016949152542373,0.003789945724575911
192.0,Mordred,nr_er,balanced_accuracy,0.5025423728813558,0.0037899457245759126
193.0,Mordred,nr_er,balanced_accuracy,0.5016949152542373,0.003789945724575911
194.0,Mordred,nr_er,balanced_accuracy,0.5016949152542373,0.003789945724575911
195.0,Mordred,nr_er,balanced_accuracy,0.5016949152542373,0.003789945724575911
196.0,Mordred,nr_er,balanced_accuracy,0.5016949152542373,0.003789945724575911
197.0,Mordred,nr_er,balanced_accuracy,0.5016949152542373,0.003789945724575911
198.0,Mordred,nr_er,balanced_accuracy,0.5016949152542373,0.003789945724575911
199.0,Mordred,nr_er,balanced_accuracy,0.5016949152542373,0.003789945724575911
200.0,Mordred,nr_er,balanced_accuracy,0.5016949152542373,0.003789945724575911
1.0,CheMeleon (fine-tuned),nr_er,sensitivity,0.46776179398312995,0.09095572071967535
2.0,CheMeleon (fine-tuned),nr_er,sensitivity,0.46776179398312995,0.09095572071967535
3.0,CheMeleon (fine-tuned),nr_er,sensitivity,0.4609172482552342,0.08672594292666944
4.0,CheMeleon (fine-tuned),nr_er,sensitivity,0.46088876228457487,0.09626389826656552
5.0,CheMeleon (fine-tuned),nr_er,sensitivity,0.46437196347465537,0.09275258939316569
6.0,CheMeleon (fine-tuned),nr_er,sensitivity,0.47090791118707365,0.09701785927854151
7.0,CheMeleon (fine-tuned),nr_er,sensitivity,0.4677333080124705,0.09541052958695129
8.0,CheMeleon (fine-tuned),nr_er,sensitivity,0.4742977416955482,0.09142167296546552
9.0,CheMeleon (fine-tuned),nr_er,sensitivity,0.4810346737565082,0.0929456481617935
10.0,CheMeleon (fine-tuned),nr_er,sensitivity,0.47599265694978554,0.08813522147908147
11.0,CheMeleon (fine-tuned),nr_er,sensitivity,0.4742834987102185,0.09366412222319932
12.0,CheMeleon (fine-tuned),nr_er,sensitivity,0.47589928626817957,0.08797060332511061
13.0,CheMeleon (fine-tuned),nr_er,sensitivity,0.4825001186915444,0.09936012008556601
14.0,CheMeleon (fine-tuned),nr_er,sensitivity,0.4775657155517575,0.09276208553742502
15.0,CheMeleon (fine-tuned),nr_er,sensitivity,0.47924638782066503,0.09400408689144489
16.0,CheMeleon (fine-tuned),nr_er,sensitivity,0.4842377629017709,0.08646362847028158
17.0,CheMeleon (fine-tuned),nr_er,sensitivity,0.4809270600895726,0.09537808335299484
18.0,CheMeleon (fine-tuned),nr_er,sensitivity,0.47935400148760066,0.09056817340526777
19.0,CheMeleon (fine-tuned),nr_er,sensitivity,0.48420927693111143,0.09341439639882024
20.0,CheMeleon (fine-tuned),nr_er,sensitivity,0.4809413030749023,0.09047086505775276
21.0,CheMeleon (fine-tuned),nr_er,sensitivity,0.48590419218534875,0.09073574512205285
22.0,CheMeleon (fine-tuned),nr_er,sensitivity,0.47765908623336345,0.09232808951985672
23.0,CheMeleon (fine-tuned),nr_er,sensitivity,0.4827295890107456,0.09034420906513214
24.0,CheMeleon (fine-tuned),nr_er,sensitivity,0.48282295969235156,0.09144505998257825
25.0,CheMeleon (fine-tuned),nr_er,sensitivity,0.48431689059804717,0.09096538462131719
26.0,CheMeleon (fine-tuned),nr_er,sensitivity,0.4826362183291396,0.08960320168854113
27.0,CheMeleon (fine-tuned),nr_er,sensitivity,0.4891721660415579,0.09400219430947389
28.0,CheMeleon (fine-tuned),nr_er,sensitivity,0.48411590624950546,0.09303892009632028
29.0,CheMeleon (fine-tuned),nr_er,sensitivity,0.4891721660415579,0.09400219430947389
30.0,CheMeleon (fine-tuned),nr_er,sensitivity,0.487599107439586,0.0901527649227887
31.0,CheMeleon (fine-tuned),nr_er,sensitivity,0.48927977970849357,0.09158572069585878
32.0,CheMeleon (fine-tuned),nr_er,sensitivity,0.48927977970849357,0.09158572069585878
33.0,CheMeleon (fine-tuned),nr_er,sensitivity,0.48926553672316386,0.09474100248937364
34.0,CheMeleon (fine-tuned),nr_er,sensitivity,0.48926553672316386,0.09605843067169091
35.0,CheMeleon (fine-tuned),nr_er,sensitivity,0.48926553672316386,0.09474100248937364
36.0,CheMeleon (fine-tuned),nr_er,sensitivity,0.4875848644542563,0.0931668731637788
37.0,CheMeleon (fine-tuned),nr_er,sensitivity,0.48590419218534875,0.09171979911826308
38.0,CheMeleon (fine-tuned),nr_er,sensitivity,0.4875848644542563,0.0931668731637788
39.0,CheMeleon (fine-tuned),nr_er,sensitivity,0.48926553672316386,0.09474100248937364
40.0,CheMeleon (fine-tuned),nr_er,sensitivity,0.48927977970849357,0.09040181915454681
41.0,CheMeleon (fine-tuned),nr_er,sensitivity,0.48927977970849357,0.09040181915454681
42.0,CheMeleon (fine-tuned),nr_er,sensitivity,0.48927977970849357,0.09040181915454681
43.0,CheMeleon (fine-tuned),nr_er,sensitivity,0.49433603950054594,0.09102187732751181
44.0,CheMeleon (fine-tuned),nr_er,sensitivity,0.4926553672316384,0.08930390387448763
45.0,CheMeleon (fine-tuned),nr_er,sensitivity,0.49433603950054594,0.09102187732751181
46.0,CheMeleon (fine-tuned),nr_er,sensitivity,0.49097469496273083,0.08771339085326478
47.0,CheMeleon (fine-tuned),nr_er,sensitivity,0.49088132428112485,0.08712003857552009
48.0,CheMeleon (fine-tuned),nr_er,sensitivity,0.4942569118042697,0.08673708517108795
49.0,CheMeleon (fine-tuned),nr_er,sensitivity,0.49257623953536217,0.08534524621530168
50.0,CheMeleon (fine-tuned),nr_er,sensitivity,0.48929402269382327,0.0872919430584896
51.0,CheMeleon (fine-tuned),nr_er,sensitivity,0.4925619965500324,0.08953256175231142
52.0,CheMeleon (fine-tuned),nr_er,sensitivity,0.49097469496273083,0.0887309700297364
53.0,CheMeleon (fine-tuned),nr_er,sensitivity,0.4925619965500324,0.08852419729368388
54.0,CheMeleon (fine-tuned),nr_er,sensitivity,0.48921489499754706,0.08300318695666162
55.0,CheMeleon (fine-tuned),nr_er,sensitivity,0.4892006520122173,0.08585752925086942
56.0,CheMeleon (fine-tuned),nr_er,sensitivity,0.4876133504249157,0.08494281658121286
57.0,CheMeleon (fine-tuned),nr_er,sensitivity,0.4876133504249157,0.08494281658121286
58.0,CheMeleon (fine-tuned),nr_er,sensitivity,0.48930826567915303,0.08320480374202123
59.0,CheMeleon (fine-tuned),nr_er,sensitivity,0.4876133504249157,0.08494281658121286
60.0,CheMeleon (fine-tuned),nr_er,sensitivity,0.4910031809333903,0.0804983099977698
61.0,CheMeleon (fine-tuned),nr_er,sensitivity,0.49427115478959943,0.0826250703567077
62.0,CheMeleon (fine-tuned),nr_er,sensitivity,0.4909889379480606,0.08365008137394568
63.0,CheMeleon (fine-tuned),nr_er,sensitivity,0.4925619965500324,0.0879136271690961
64.0,CheMeleon (fine-tuned),nr_er,sensitivity,0.4925619965500324,0.0879136271690961
65.0,CheMeleon (fine-tuned),nr_er,sensitivity,0.4925619965500324,0.0879136271690961
66.0,CheMeleon (fine-tuned),nr_er,sensitivity,0.49088132428112485,0.08649955755341104
67.0,CheMeleon (fine-tuned),nr_er,sensitivity,0.49088132428112485,0.08649955755341104
68.0,CheMeleon (fine-tuned),nr_er,sensitivity,0.4892006520122173,0.08522785732728273
69.0,CheMeleon (fine-tuned),nr_er,sensitivity,0.49088132428112485,0.08649955755341104
70.0,CheMeleon (fine-tuned),nr_er,sensitivity,0.49257623953536217,0.08449955127453727
71.0,CheMeleon (fine-tuned),nr_er,sensitivity,0.49088132428112485,0.08712003857552009
72.0,CheMeleon (fine-tuned),nr_er,sensitivity,0.49257623953536217,0.08534524621530168
73.0,CheMeleon (fine-tuned),nr_er,sensitivity,0.4892006520122173,0.08585752925086942
74.0,CheMeleon (fine-tuned),nr_er,sensitivity,0.4876275934102455,0.08205700655295223
75.0,CheMeleon (fine-tuned),nr_er,sensitivity,0.4876133504249157,0.08494281658121286
76.0,CheMeleon (fine-tuned),nr_er,sensitivity,0.4909889379480606,0.08365008137394568
77.0,CheMeleon (fine-tuned),nr_er,sensitivity,0.49268385320229785,0.08113607329320126
78.0,CheMeleon (fine-tuned),nr_er,sensitivity,0.4910031809333903,0.07982637564134311
79.0,CheMeleon (fine-tuned),nr_er,sensitivity,0.4943645254712054,0.08259613261891496
80.0,CheMeleon (fine-tuned),nr_er,sensitivity,0.4910031809333903,0.0804983099977698
81.0,CheMeleon (fine-tuned),nr_er,sensitivity,0.4909889379480606,0.08450427799715257
82.0,CheMeleon (fine-tuned),nr_er,sensitivity,0.49268385320229785,0.08179724967200278
83.0,CheMeleon (fine-tuned),nr_er,sensitivity,0.49108230862966656,0.08530052621529997
84.0,CheMeleon (fine-tuned),nr_er,sensitivity,0.49266961021696815,0.08594854988099898
85.0,CheMeleon (fine-tuned),nr_er,sensitivity,0.49108230862966656,0.08530052621529997
86.0,CheMeleon (fine-tuned),nr_er,sensitivity,0.4927772238839038,0.08261719668573612
87.0,CheMeleon (fine-tuned),nr_er,sensitivity,0.487692478121192,0.08971100124313032
88.0,CheMeleon (fine-tuned),nr_er,sensitivity,0.489401636360759,0.08380531135542736
89.0,CheMeleon (fine-tuned),nr_er,sensitivity,0.49108230862966656,0.08530052621529997
90.0,CheMeleon (fine-tuned),nr_er,sensitivity,0.49108230862966656,0.08530052621529997
91.0,CheMeleon (fine-tuned),nr_er,sensitivity,0.4927772238839038,0.08261719668573612
92.0,CheMeleon (fine-tuned),nr_er,sensitivity,0.4909889379480606,0.08450427799715257
93.0,CheMeleon (fine-tuned),nr_er,sensitivity,0.48772096409185145,0.08159346958632276
94.0,CheMeleon (fine-tuned),nr_er,sensitivity,0.4894158793460887,0.0788743220577295
95.0,CheMeleon (fine-tuned),nr_er,sensitivity,0.4894158793460887,0.0788743220577295
96.0,CheMeleon (fine-tuned),nr_er,sensitivity,0.4895092500276947,0.08058629814479369
97.0,CheMeleon (fine-tuned),nr_er,sensitivity,0.48782857775878713,0.07828644630266511
98.0,CheMeleon (fine-tuned),nr_er,sensitivity,0.4894158793460887,0.0788743220577295
99.0,CheMeleon (fine-tuned),nr_er,sensitivity,0.4894158793460887,0.0788743220577295
100.0,CheMeleon (fine-tuned),nr_er,sensitivity,0.49427115478959943,0.08198156822494061
101.0,CheMeleon (fine-tuned),nr_er,sensitivity,0.4894158793460887,0.0788743220577295
102.0,CheMeleon (fine-tuned),nr_er,sensitivity,0.49427115478959943,0.08198156822494061
103.0,CheMeleon (fine-tuned),nr_er,sensitivity,0.48930826567915303,0.08147496251010007
104.0,CheMeleon (fine-tuned),nr_er,sensitivity,0.49268385320229785,0.08114718313702363
105.0,CheMeleon (fine-tuned),nr_er,sensitivity,0.48930826567915303,0.08147496251010007
106.0,CheMeleon (fine-tuned),nr_er,sensitivity,0.4909889379480606,0.08301452518106348
107.0,CheMeleon (fine-tuned),nr_er,sensitivity,0.48930826567915303,0.08147496251010007
108.0,CheMeleon (fine-tuned),nr_er,sensitivity,0.4909889379480606,0.08301452518106348
109.0,CheMeleon (fine-tuned),nr_er,sensitivity,0.48930826567915303,0.08147496251010007
110.0,CheMeleon (fine-tuned),nr_er,sensitivity,0.4876133504249157,0.08410736665105989
111.0,CheMeleon (fine-tuned),nr_er,sensitivity,0.4876133504249157,0.08410736665105989
112.0,CheMeleon (fine-tuned),nr_er,sensitivity,0.4908955672664546,0.08325451211859554
113.0,CheMeleon (fine-tuned),nr_er,sensitivity,0.4876133504249157,0.08410736665105989
114.0,CheMeleon (fine-tuned),nr_er,sensitivity,0.4876133504249157,0.08410736665105989
115.0,CheMeleon (fine-tuned),nr_er,sensitivity,0.4876133504249157,0.08410736665105989
116.0,CheMeleon (fine-tuned),nr_er,sensitivity,0.4892006520122173,0.08503106705957623
117.0,CheMeleon (fine-tuned),nr_er,sensitivity,0.4877067211065217,0.08491197707056698
118.0,CheMeleon (fine-tuned),nr_er,sensitivity,0.48591843517067845,0.08682543470158896
119.0,CheMeleon (fine-tuned),nr_er,sensitivity,0.48591843517067845,0.08682543470158896
120.0,CheMeleon (fine-tuned),nr_er,sensitivity,0.48591843517067845,0.08682543470158896
121.0,CheMeleon (fine-tuned),nr_er,sensitivity,0.48591843517067845,0.08682543470158896
122.0,CheMeleon (fine-tuned),nr_er,sensitivity,0.48591843517067845,0.08682543470158896
123.0,CheMeleon (fine-tuned),nr_er,sensitivity,0.48433113358337687,0.08602843878574444
124.0,CheMeleon (fine-tuned),nr_er,sensitivity,0.48591843517067845,0.08682543470158896
125.0,CheMeleon (fine-tuned),nr_er,sensitivity,0.48433113358337687,0.08602843878574444
126.0,CheMeleon (fine-tuned),nr_er,sensitivity,0.48433113358337687,0.08602843878574444
127.0,CheMeleon (fine-tuned),nr_er,sensitivity,0.487692478121192,0.08931655648399156
128.0,CheMeleon (fine-tuned),nr_er,sensitivity,0.48601180585228443,0.08760734258415755
129.0,CheMeleon (fine-tuned),nr_er,sensitivity,0.487692478121192,0.08931655648399156
130.0,CheMeleon (fine-tuned),nr_er,sensitivity,0.487692478121192,0.08931655648399156
131.0,CheMeleon (fine-tuned),nr_er,sensitivity,0.4859975628669547,0.09207767784125982
132.0,CheMeleon (fine-tuned),nr_er,sensitivity,0.487599107439586,0.088352368227823
133.0,CheMeleon (fine-tuned),nr_er,sensitivity,0.48601180585228443,0.08760734258415755
134.0,CheMeleon (fine-tuned),nr_er,sensitivity,0.4891864090268876,0.08923245335393515
135.0,CheMeleon (fine-tuned),nr_er,sensitivity,0.48601180585228443,0.08760734258415755
136.0,CheMeleon (fine-tuned),nr_er,sensitivity,0.48591843517067845,0.08682543470158896
137.0,CheMeleon (fine-tuned),nr_er,sensitivity,0.48433113358337687,0.08602843878574444
138.0,CheMeleon (fine-tuned),nr_er,sensitivity,0.48591843517067845,0.08682543470158896
139.0,CheMeleon (fine-tuned),nr_er,sensitivity,0.4826504613144693,0.08395868004614924
140.0,CheMeleon (fine-tuned),nr_er,sensitivity,0.48591843517067845,0.08682543470158896
141.0,CheMeleon (fine-tuned),nr_er,sensitivity,0.48433113358337687,0.08561702983650922
142.0,CheMeleon (fine-tuned),nr_er,sensitivity,0.4876133504249157,0.08368651410525445
143.0,CheMeleon (fine-tuned),nr_er,sensitivity,0.48433113358337687,0.08561702983650922
144.0,CheMeleon (fine-tuned),nr_er,sensitivity,0.4842377629017709,0.08481446292171751
145.0,CheMeleon (fine-tuned),nr_er,sensitivity,0.4826504613144693,0.08395868004614924
146.0,CheMeleon (fine-tuned),nr_er,sensitivity,0.4860402918229439,0.0785892362457523
147.0,CheMeleon (fine-tuned),nr_er,sensitivity,0.4843453765687066,0.08122992253964012
148.0,CheMeleon (fine-tuned),nr_er,sensitivity,0.4843453765687066,0.08122992253964012
149.0,CheMeleon (fine-tuned),nr_er,sensitivity,0.4843453765687066,0.08122992253964012
150.0,CheMeleon (fine-tuned),nr_er,sensitivity,0.4877067211065217,0.08491197707056698
151.0,CheMeleon (fine-tuned),nr_er,sensitivity,0.48601180585228443,0.08760734258415755
152.0,CheMeleon (fine-tuned),nr_er,sensitivity,0.4876133504249157,0.08368651410525445
153.0,CheMeleon (fine-tuned),nr_er,sensitivity,0.48433113358337687,0.08561702983650922
154.0,CheMeleon (fine-tuned),nr_er,sensitivity,0.48591843517067845,0.08641782009072561
155.0,CheMeleon (fine-tuned),nr_er,sensitivity,0.48601180585228443,0.08760734258415755
156.0,CheMeleon (fine-tuned),nr_er,sensitivity,0.487599107439586,0.088352368227823
157.0,CheMeleon (fine-tuned),nr_er,sensitivity,0.487599107439586,0.088352368227823
158.0,CheMeleon (fine-tuned),nr_er,sensitivity,0.487599107439586,0.088352368227823
159.0,CheMeleon (fine-tuned),nr_er,sensitivity,0.487599107439586,0.088352368227823
160.0,CheMeleon (fine-tuned),nr_er,sensitivity,0.487599107439586,0.088352368227823
161.0,CheMeleon (fine-tuned),nr_er,sensitivity,0.487599107439586,0.088352368227823
162.0,CheMeleon (fine-tuned),nr_er,sensitivity,0.48749149377265033,0.09203049734596183
163.0,CheMeleon (fine-tuned),nr_er,sensitivity,0.4891864090268876,0.08923245335393515
164.0,CheMeleon (fine-tuned),nr_er,sensitivity,0.48739812309104436,0.09124658433728158
165.0,CheMeleon (fine-tuned),nr_er,sensitivity,0.48591843517067845,0.08641782009072561
166.0,CheMeleon (fine-tuned),nr_er,sensitivity,0.4890930383452816,0.0884259751516439
167.0,CheMeleon (fine-tuned),nr_er,sensitivity,0.48255709063286334,0.08292512721144087
168.0,CheMeleon (fine-tuned),nr_er,sensitivity,0.4842377629017709,0.08481446292171751
169.0,CheMeleon (fine-tuned),nr_er,sensitivity,0.48255709063286334,0.08292512721144087
170.0,CheMeleon (fine-tuned),nr_er,sensitivity,0.4841301492348352,0.08863441924247478
171.0,CheMeleon (fine-tuned),nr_er,sensitivity,0.4791672601243887,0.0886763038034047
172.0,CheMeleon (fine-tuned),nr_er,sensitivity,0.4808621753786261,0.08576519166327595
173.0,CheMeleon (fine-tuned),nr_er,sensitivity,0.4808621753786261,0.08576519166327595
174.0,CheMeleon (fine-tuned),nr_er,sensitivity,0.4791672601243887,0.0886763038034047
175.0,CheMeleon (fine-tuned),nr_er,sensitivity,0.47579167260124394,0.0901404845042299
176.0,CheMeleon (fine-tuned),nr_er,sensitivity,0.4842377629017708,0.08607524876309021
177.0,CheMeleon (fine-tuned),nr_er,sensitivity,0.4775799585370871,0.08774356185988007
178.0,CheMeleon (fine-tuned),nr_er,sensitivity,0.48095554606023205,0.08820380673187747
179.0,CheMeleon (fine-tuned),nr_er,sensitivity,0.47926063080599474,0.08945084194299718
180.0,CheMeleon (fine-tuned),nr_er,sensitivity,0.4792748737913245,0.086308773002884
181.0,CheMeleon (fine-tuned),nr_er,sensitivity,0.4776875722040229,0.08553695813133767
182.0,CheMeleon (fine-tuned),nr_er,sensitivity,0.4759135292535094,0.08290072150509628
183.0,CheMeleon (fine-tuned),nr_er,sensitivity,0.47759420152241694,0.08453841532278134
184.0,CheMeleon (fine-tuned),nr_er,sensitivity,0.47759420152241694,0.08453841532278134
185.0,CheMeleon (fine-tuned),nr_er,sensitivity,0.4777018151893525,0.0807032455451727
186.0,CheMeleon (fine-tuned),nr_er,sensitivity,0.47600689993511525,0.08371046075602198
187.0,CheMeleon (fine-tuned),nr_er,sensitivity,0.47938248745826006,0.08255314842715747
188.0,CheMeleon (fine-tuned),nr_er,sensitivity,0.47600689993511525,0.08371046075602198
189.0,CheMeleon (fine-tuned),nr_er,sensitivity,0.47263131241197043,0.08510341444002227
190.0,CheMeleon (fine-tuned),nr_er,sensitivity,0.47600689993511525,0.08371046075602198
191.0,CheMeleon (fine-tuned),nr_er,sensitivity,0.47600689993511525,0.08371046075602198
192.0,CheMeleon (fine-tuned),nr_er,sensitivity,0.4776875722040229,0.08553695813133767
193.0,CheMeleon (fine-tuned),nr_er,sensitivity,0.47599265694978554,0.08858243321719378
194.0,CheMeleon (fine-tuned),nr_er,sensitivity,0.47599265694978554,0.08858243321719378
195.0,CheMeleon (fine-tuned),nr_er,sensitivity,0.47599265694978554,0.08858243321719378
196.0,CheMeleon (fine-tuned),nr_er,sensitivity,0.47599265694978554,0.08858243321719378
197.0,CheMeleon (fine-tuned),nr_er,sensitivity,0.4776733292186931,0.09050605243007188
198.0,CheMeleon (fine-tuned),nr_er,sensitivity,0.4776733292186931,0.09050605243007188
199.0,CheMeleon (fine-tuned),nr_er,sensitivity,0.4776733292186931,0.09050605243007188
200.0,CheMeleon (fine-tuned),nr_er,sensitivity,0.47936824447293047,0.08748684338512662
1.0,Chemprop (default),nr_er,sensitivity,0.2949643134089794,0.06721001136835185
2.0,Chemprop (default),nr_er,sensitivity,0.2949643134089794,0.06721001136835185
3.0,Chemprop (default),nr_er,sensitivity,0.2611293104812546,0.04133645470257683
4.0,Chemprop (default),nr_er,sensitivity,0.27304435898653245,0.046646905601473734
5.0,Chemprop (default),nr_er,sensitivity,0.2530203041668645,0.04284045215414526
6.0,Chemprop (default),nr_er,sensitivity,0.26154552216366767,0.04667579005191809
7.0,Chemprop (default),nr_er,sensitivity,0.24458845685166725,0.03938415276130905
8.0,Chemprop (default),nr_er,sensitivity,0.25628827802307363,0.04641523740123215
9.0,Chemprop (default),nr_er,sensitivity,0.24122711231385213,0.045152970826569265
10.0,Chemprop (default),nr_er,sensitivity,0.2448321701561981,0.03981268052194796
11.0,Chemprop (default),nr_er,sensitivity,0.23775815410910126,0.04078469585122678
12.0,Chemprop (default),nr_er,sensitivity,0.24631185807656397,0.03750224780033141
13.0,Chemprop (default),nr_er,sensitivity,0.2411337416322461,0.039153316431508316
14.0,Chemprop (default),nr_er,sensitivity,0.24133472598078778,0.03565094452465985
15.0,Chemprop (default),nr_er,sensitivity,0.2378657677760369,0.03598247313136095
16.0,Chemprop (default),nr_er,sensitivity,0.23467692161610404,0.030256795795794936
17.0,Chemprop (default),nr_er,sensitivity,0.23797338144297267,0.029131097326181864
18.0,Chemprop (default),nr_er,sensitivity,0.2361850955071294,0.03378346896513361
19.0,Chemprop (default),nr_er,sensitivity,0.23132982006361863,0.02557912108199726
20.0,Chemprop (default),nr_er,sensitivity,0.22798271851113325,0.031699474090499336
21.0,Chemprop (default),nr_er,sensitivity,0.22468625868426467,0.02712930518656488
22.0,Chemprop (default),nr_er,sensitivity,0.22470050166959435,0.02726395867258237
23.0,Chemprop (default),nr_er,sensitivity,0.22280460206681538,0.03283768773856514
24.0,Chemprop (default),nr_er,sensitivity,0.21804269730491063,0.024409483171227167
25.0,Chemprop (default),nr_er,sensitivity,0.2180284543195809,0.021128833717193103
26.0,Chemprop (default),nr_er,sensitivity,0.21307980819446418,0.022987646875991374
27.0,Chemprop (default),nr_er,sensitivity,0.2113848929402269,0.021820338230863413
28.0,Chemprop (default),nr_er,sensitivity,0.21646963870293873,0.025444156387322007
29.0,Chemprop (default),nr_er,sensitivity,0.20802354840241177,0.027484566262918383
30.0,Chemprop (default),nr_er,sensitivity,0.2047698175315323,0.031206929457656393
31.0,Chemprop (default),nr_er,sensitivity,0.1947506686290335,0.04007562553094365
32.0,Chemprop (default),nr_er,sensitivity,0.2014084729937172,0.04026483193392493
33.0,Chemprop (default),nr_er,sensitivity,0.1978319011220307,0.04940731727060093
34.0,Chemprop (default),nr_er,sensitivity,0.1979537577742961,0.05301740711607284
35.0,Chemprop (default),nr_er,sensitivity,0.1896944088369811,0.049545338782086994
36.0,Chemprop (default),nr_er,sensitivity,0.1863045783285065,0.042321206427700264
37.0,Chemprop (default),nr_er,sensitivity,0.18630457832850653,0.04592231137461337
38.0,Chemprop (default),nr_er,sensitivity,0.18798525059741408,0.0424169395962379
39.0,Chemprop (default),nr_er,sensitivity,0.18630457832850653,0.04592231137461337
40.0,Chemprop (default),nr_er,sensitivity,0.18460966307426924,0.04448605164824389
41.0,Chemprop (default),nr_er,sensitivity,0.18630457832850653,0.04592231137461337
42.0,Chemprop (default),nr_er,sensitivity,0.18291474782003195,0.0445602282553422
43.0,Chemprop (default),nr_er,sensitivity,0.18292899080536165,0.04953213799714761
44.0,Chemprop (default),nr_er,sensitivity,0.1812483185364541,0.0477539398202813
45.0,Chemprop (default),nr_er,sensitivity,0.18294323379069138,0.05303698987313753
46.0,Chemprop (default),nr_er,sensitivity,0.18127680450711356,0.05794849769373317
47.0,Chemprop (default),nr_er,sensitivity,0.17958188925287627,0.06172129604989694
48.0,Chemprop (default),nr_er,sensitivity,0.18295747677602112,0.058200221101516104
49.0,Chemprop (default),nr_er,sensitivity,0.179596132238206,0.0653838809718414
50.0,Chemprop (default),nr_er,sensitivity,0.17632815838199684,0.06780923243868735
51.0,Chemprop (default),nr_er,sensitivity,0.17466172909841898,0.06770237565488979
52.0,Chemprop (default),nr_er,sensitivity,0.17137951225688014,0.06603627092091456
53.0,Chemprop (default),nr_er,sensitivity,0.17298105682951143,0.07130533002817556
54.0,Chemprop (default),nr_er,sensitivity,0.17308867049644713,0.0749139724185533
55.0,Chemprop (default),nr_er,sensitivity,0.1697130829733023,0.07386173590351014
56.0,Chemprop (default),nr_er,sensitivity,0.16969883998797256,0.07357151980407457
57.0,Chemprop (default),nr_er,sensitivity,0.16156134770292294,0.07319157249906183
58.0,Chemprop (default),nr_er,sensitivity,0.16496542119672725,0.07623579384843536
59.0,Chemprop (default),nr_er,sensitivity,0.15998828910095106,0.07300335838649501
60.0,Chemprop (default),nr_er,sensitivity,0.16485780752979154,0.07513174836432554
61.0,Chemprop (default),nr_er,sensitivity,0.16168320435518838,0.07483032342407038
62.0,Chemprop (default),nr_er,sensitivity,0.16496542119672725,0.07623579384843536
63.0,Chemprop (default),nr_er,sensitivity,0.1615898336735824,0.07498070034574138
64.0,Chemprop (default),nr_er,sensitivity,0.15978730475240938,0.07224300138689634
65.0,Chemprop (default),nr_er,sensitivity,0.1583076168320435,0.07262479104532474
66.0,Chemprop (default),nr_er,sensitivity,0.1566127015778062,0.07089343545673842
67.0,Chemprop (default),nr_er,sensitivity,0.1566127015778062,0.07089343545673842
68.0,Chemprop (default),nr_er,sensitivity,0.15493202930889866,0.07065319688180198
69.0,Chemprop (default),nr_er,sensitivity,0.1566127015778062,0.07089343545673842
70.0,Chemprop (default),nr_er,sensitivity,0.15493202930889866,0.07065319688180198
71.0,Chemprop (default),nr_er,sensitivity,0.15343809840320305,0.07023879402077153
72.0,Chemprop (default),nr_er,sensitivity,0.1517574261342955,0.06990096247872024
73.0,Chemprop (default),nr_er,sensitivity,0.1484752092927566,0.06800014596866986
74.0,Chemprop (default),nr_er,sensitivity,0.14679453702384904,0.06775789243629816
75.0,Chemprop (default),nr_er,sensitivity,0.14679453702384904,0.06775789243629816
76.0,Chemprop (default),nr_er,sensitivity,0.14509962176961175,0.06634451244737158
77.0,Chemprop (default),nr_er,sensitivity,0.1434189495007042,0.06625580402966877
78.0,Chemprop (default),nr_er,sensitivity,0.14173827723179663,0.06638008282693726
79.0,Chemprop (default),nr_er,sensitivity,0.14173827723179663,0.06638008282693726
80.0,Chemprop (default),nr_er,sensitivity,0.14005760496288908,0.06671615859264514
81.0,Chemprop (default),nr_er,sensitivity,0.14343319248603392,0.06789768800902049
82.0,Chemprop (default),nr_er,sensitivity,0.14005760496288908,0.06671615859264514
83.0,Chemprop (default),nr_er,sensitivity,0.14005760496288908,0.06671615859264514
84.0,Chemprop (default),nr_er,sensitivity,0.13668201743974423,0.06529094990415592
85.0,Chemprop (default),nr_er,sensitivity,0.1334140435835351,0.06562728095593479
86.0,Chemprop (default),nr_er,sensitivity,0.13509471585244265,0.0649577341505772
87.0,Chemprop (default),nr_er,sensitivity,0.13171912832929777,0.06400480111307855
88.0,Chemprop (default),nr_er,sensitivity,0.13002421307506049,0.0619935324013287
89.0,Chemprop (default),nr_er,sensitivity,0.13171912832929777,0.06400480111307855
90.0,Chemprop (default),nr_er,sensitivity,0.12515469464622003,0.05991250555178674
91.0,Chemprop (default),nr_er,sensitivity,0.13002421307506049,0.06257009271665455
92.0,Chemprop (default),nr_er,sensitivity,0.12684960990045732,0.06215752874823455
93.0,Chemprop (default),nr_er,sensitivity,0.1284369114877589,0.06226306938855428
94.0,Chemprop (default),nr_er,sensitivity,0.12515469464622003,0.05991250555178674
95.0,Chemprop (default),nr_er,sensitivity,0.12674199623352164,0.06007799601578501
96.0,Chemprop (default),nr_er,sensitivity,0.12674199623352164,0.06007799601578501
97.0,Chemprop (default),nr_er,sensitivity,0.12674199623352164,0.06007799601578501
98.0,Chemprop (default),nr_er,sensitivity,0.12515469464622003,0.05991250555178674
99.0,Chemprop (default),nr_er,sensitivity,0.12515469464622003,0.05991250555178674
100.0,Chemprop (default),nr_er,sensitivity,0.12515469464622003,0.05961207176407137
101.0,Chemprop (default),nr_er,sensitivity,0.12345977939198274,0.05782893428110713
102.0,Chemprop (default),nr_er,sensitivity,0.12356739305891844,0.05965682760183863
103.0,Chemprop (default),nr_er,sensitivity,0.12188672079001087,0.06027639646467357
104.0,Chemprop (default),nr_er,sensitivity,0.12347402237731245,0.06028743920300679
105.0,Chemprop (default),nr_er,sensitivity,0.12188672079001087,0.06027639646467357
106.0,Chemprop (default),nr_er,sensitivity,0.11693807466489417,0.06226654616351154
107.0,Chemprop (default),nr_er,sensitivity,0.11863298991913145,0.06442111295686312
108.0,Chemprop (default),nr_er,sensitivity,0.11693807466489417,0.06226654616351154
109.0,Chemprop (default),nr_er,sensitivity,0.11704568833182986,0.06474971931734393
110.0,Chemprop (default),nr_er,sensitivity,0.11693807466489417,0.06226654616351154
111.0,Chemprop (default),nr_er,sensitivity,0.11535077307759256,0.06255272395366276
112.0,Chemprop (default),nr_er,sensitivity,0.11535077307759256,0.06255272395366276
113.0,Chemprop (default),nr_er,sensitivity,0.11535077307759256,0.06255272395366276
114.0,Chemprop (default),nr_er,sensitivity,0.11535077307759256,0.06255272395366276
115.0,Chemprop (default),nr_er,sensitivity,0.11535077307759256,0.06255272395366276
116.0,Chemprop (default),nr_er,sensitivity,0.11197518555444771,0.06164798684151384
117.0,Chemprop (default),nr_er,sensitivity,0.113670100808685,0.0637067600395558
118.0,Chemprop (default),nr_er,sensitivity,0.11197518555444771,0.06164798684151384
119.0,Chemprop (default),nr_er,sensitivity,0.11365585782335527,0.060513533804942475
120.0,Chemprop (default),nr_er,sensitivity,0.11028027030021041,0.05975888775467496
121.0,Chemprop (default),nr_er,sensitivity,0.11197518555444771,0.06164798684151384
122.0,Chemprop (default),nr_er,sensitivity,0.10858535504597314,0.058056028342719786
123.0,Chemprop (default),nr_er,sensitivity,0.11196094256911797,0.05864861166550455
124.0,Chemprop (default),nr_er,sensitivity,0.10858535504597314,0.058056028342719786
125.0,Chemprop (default),nr_er,sensitivity,0.11028027030021041,0.05975888775467496
126.0,Chemprop (default),nr_er,sensitivity,0.11028027030021041,0.05975888775467496
127.0,Chemprop (default),nr_er,sensitivity,0.11028027030021041,0.05975888775467496
128.0,Chemprop (default),nr_er,sensitivity,0.11028027030021041,0.05975888775467496
129.0,Chemprop (default),nr_er,sensitivity,0.10859959803130285,0.06250901917749514
130.0,Chemprop (default),nr_er,sensitivity,0.10859959803130285,0.06250901917749514
131.0,Chemprop (default),nr_er,sensitivity,0.11028027030021041,0.06150588680229282
132.0,Chemprop (default),nr_er,sensitivity,0.10869296871290883,0.06183663020208969
133.0,Chemprop (default),nr_er,sensitivity,0.11038788396714613,0.06371690752750869
134.0,Chemprop (default),nr_er,sensitivity,0.10701229644400127,0.062781389499959
135.0,Chemprop (default),nr_er,sensitivity,0.10859959803130285,0.06250901917749514
136.0,Chemprop (default),nr_er,sensitivity,0.10859959803130285,0.06250901917749514
137.0,Chemprop (default),nr_er,sensitivity,0.10859959803130285,0.06250901917749514
138.0,Chemprop (default),nr_er,sensitivity,0.10701229644400127,0.062781389499959
139.0,Chemprop (default),nr_er,sensitivity,0.10533162417509372,0.06556929875144692
140.0,Chemprop (default),nr_er,sensitivity,0.10710566712560725,0.06064576964466202
141.0,Chemprop (default),nr_er,sensitivity,0.107119910110937,0.06519774794282865
142.0,Chemprop (default),nr_er,sensitivity,0.10373007960246242,0.061478679882315194
143.0,Chemprop (default),nr_er,sensitivity,0.10542499485669969,0.06325206336436125
144.0,Chemprop (default),nr_er,sensitivity,0.10710566712560725,0.06064576964466202
145.0,Chemprop (default),nr_er,sensitivity,0.10710566712560725,0.06064576964466202
146.0,Chemprop (default),nr_er,sensitivity,0.10371583661713271,0.05630951246721461
147.0,Chemprop (default),nr_er,sensitivity,0.096964661570843,0.05765246758058537
148.0,Chemprop (default),nr_er,sensitivity,0.096964661570843,0.05765246758058537
149.0,Chemprop (default),nr_er,sensitivity,0.0952697463166057,0.05602304125513264
150.0,Chemprop (default),nr_er,sensitivity,0.09864533383975056,0.055757151258324006
151.0,Chemprop (default),nr_er,sensitivity,0.0936824447293041,0.05641629606550372
152.0,Chemprop (default),nr_er,sensitivity,0.0936824447293041,0.05641629606550372
153.0,Chemprop (default),nr_er,sensitivity,0.09200177246039654,0.05720814021611816
154.0,Chemprop (default),nr_er,sensitivity,0.09200177246039654,0.05720814021611816
155.0,Chemprop (default),nr_er,sensitivity,0.09032110019148898,0.05823221397970586
156.0,Chemprop (default),nr_er,sensitivity,0.09030685720615926,0.05569942073911544
157.0,Chemprop (default),nr_er,sensitivity,0.08525059741410682,0.05654207733738797
158.0,Chemprop (default),nr_er,sensitivity,0.08694551266834412,0.05790395456340144
159.0,Chemprop (default),nr_er,sensitivity,0.0869312696830144,0.05536048648820674
160.0,Chemprop (default),nr_er,sensitivity,0.0869312696830144,0.05536048648820674
161.0,Chemprop (default),nr_er,sensitivity,0.08525059741410682,0.05654207733738797
162.0,Chemprop (default),nr_er,sensitivity,0.08355568215986954,0.05376175531847838
163.0,Chemprop (default),nr_er,sensitivity,0.08525059741410682,0.05654207733738797
164.0,Chemprop (default),nr_er,sensitivity,0.08355568215986954,0.05376175531847838
165.0,Chemprop (default),nr_er,sensitivity,0.08187500989096198,0.055169506798865474
166.0,Chemprop (default),nr_er,sensitivity,0.07859279304942313,0.052672877360968096
167.0,Chemprop (default),nr_er,sensitivity,0.08187500989096198,0.055169506798865474
168.0,Chemprop (default),nr_er,sensitivity,0.08018009463672471,0.052522377995026466
169.0,Chemprop (default),nr_er,sensitivity,0.08018009463672471,0.052522377995026466
170.0,Chemprop (default),nr_er,sensitivity,0.07859279304942313,0.052672877360968096
171.0,Chemprop (default),nr_er,sensitivity,0.07859279304942313,0.052672877360968096
172.0,Chemprop (default),nr_er,sensitivity,0.07859279304942313,0.052672877360968096
173.0,Chemprop (default),nr_er,sensitivity,0.07859279304942313,0.052672877360968096
174.0,Chemprop (default),nr_er,sensitivity,0.07689787779518584,0.05117701541490259
175.0,Chemprop (default),nr_er,sensitivity,0.07859279304942313,0.052672877360968096
176.0,Chemprop (default),nr_er,sensitivity,0.07362990393897668,0.05397523452543719
177.0,Chemprop (default),nr_er,sensitivity,0.07531057620788424,0.051511048670312885
178.0,Chemprop (default),nr_er,sensitivity,0.07362990393897668,0.05397523452543719
179.0,Chemprop (default),nr_er,sensitivity,0.07532481919321396,0.055520432199602864
180.0,Chemprop (default),nr_er,sensitivity,0.07362990393897668,0.05397523452543719
181.0,Chemprop (default),nr_er,sensitivity,0.07193498868473938,0.050570797312116667
182.0,Chemprop (default),nr_er,sensitivity,0.07193498868473938,0.05127595912081355
183.0,Chemprop (default),nr_er,sensitivity,0.07024007343050209,0.04872216541404131
184.0,Chemprop (default),nr_er,sensitivity,0.07024007343050209,0.04872216541404131
185.0,Chemprop (default),nr_er,sensitivity,0.07024007343050209,0.04872216541404131
186.0,Chemprop (default),nr_er,sensitivity,0.07193498868473938,0.05127595912081355
187.0,Chemprop (default),nr_er,sensitivity,0.07024007343050209,0.04872216541404131
188.0,Chemprop (default),nr_er,sensitivity,0.07024007343050209,0.04872216541404131
189.0,Chemprop (default),nr_er,sensitivity,0.06865277184320051,0.04912458500073543
190.0,Chemprop (default),nr_er,sensitivity,0.07024007343050209,0.04872216541404131
191.0,Chemprop (default),nr_er,sensitivity,0.06695785658896324,0.047451767473419566
192.0,Chemprop (default),nr_er,sensitivity,0.06695785658896324,0.047451767473419566
193.0,Chemprop (default),nr_er,sensitivity,0.06695785658896324,0.047451767473419566
194.0,Chemprop (default),nr_er,sensitivity,0.06695785658896324,0.047451767473419566
195.0,Chemprop (default),nr_er,sensitivity,0.06537055500166165,0.04805741456133253
196.0,Chemprop (default),nr_er,sensitivity,0.06865277184320051,0.05020908798174603
197.0,Chemprop (default),nr_er,sensitivity,0.06537055500166165,0.04805741456133253
198.0,Chemprop (default),nr_er,sensitivity,0.06695785658896324,0.047451767473419566
199.0,Chemprop (default),nr_er,sensitivity,0.06526294133472595,0.046030891783659135
200.0,Chemprop (default),nr_er,sensitivity,0.06526294133472595,0.046030891783659135
1.0,Chemprop (large),nr_er,sensitivity,0.30413046574562025,0.06981243609639799
2.0,Chemprop (large),nr_er,sensitivity,0.30413046574562025,0.06981243609639799
3.0,Chemprop (large),nr_er,sensitivity,0.295791989112029,0.07017885358184629
4.0,Chemprop (large),nr_er,sensitivity,0.3024497934767127,0.06894511579600901
5.0,Chemprop (large),nr_er,sensitivity,0.3008482489040814,0.06996038776501534
6.0,Chemprop (large),nr_er,sensitivity,0.30254316415831867,0.06863902296633907
7.0,Chemprop (large),nr_er,sensitivity,0.29588535979363495,0.06986199194990982
8.0,Chemprop (large),nr_er,sensitivity,0.29936856098371545,0.06544948890109045
9.0,Chemprop (large),nr_er,sensitivity,0.2944056718732691,0.06459157898741938
10.0,Chemprop (large),nr_er,sensitivity,0.2911376980170599,0.06183199336469389
11.0,Chemprop (large),nr_er,sensitivity,0.287855481175521,0.06326975078109214
12.0,Chemprop (large),nr_er,sensitivity,0.2912310686986659,0.0630595041747697
13.0,Chemprop (large),nr_er,sensitivity,0.2878412381901913,0.06754937279515248
14.0,Chemprop (large),nr_er,sensitivity,0.2912310686986659,0.0630595041747697
15.0,Chemprop (large),nr_er,sensitivity,0.28617480890661345,0.061473763454500244
16.0,Chemprop (large),nr_er,sensitivity,0.2911519410023896,0.05774460222560803
17.0,Chemprop (large),nr_er,sensitivity,0.2944199148585988,0.060689368052163406
18.0,Chemprop (large),nr_er,sensitivity,0.2944199148585988,0.060689368052163406
19.0,Chemprop (large),nr_er,sensitivity,0.29283261327129717,0.059773512344922786
20.0,Chemprop (large),nr_er,sensitivity,0.28956463941508803,0.057560879774794335
21.0,Chemprop (large),nr_er,sensitivity,0.2877621104939151,0.06317279234475867
22.0,Chemprop (large),nr_er,sensitivity,0.2911519410023896,0.05835285398402179
23.0,Chemprop (large),nr_er,sensitivity,0.2894570257481523,0.060692379602072404
24.0,Chemprop (large),nr_er,sensitivity,0.28797733782778645,0.05697937746331201
25.0,Chemprop (large),nr_er,sensitivity,0.28628242257354913,0.05925965846527562
26.0,Chemprop (large),nr_er,sensitivity,0.28956463941508803,0.057560879774794335
27.0,Chemprop (large),nr_er,sensitivity,0.2894570257481523,0.060692379602072404
28.0,Chemprop (large),nr_er,sensitivity,0.2878697241608507,0.05987519018714123
29.0,Chemprop (large),nr_er,sensitivity,0.29104432733545393,0.061703215044827925
30.0,Chemprop (large),nr_er,sensitivity,0.2894570257481523,0.060692379602072404
31.0,Chemprop (large),nr_er,sensitivity,0.2876687398123091,0.06219469720925394
32.0,Chemprop (large),nr_er,sensitivity,0.2877621104939151,0.06317279234475867
33.0,Chemprop (large),nr_er,sensitivity,0.2893494120812167,0.06419695749740563
34.0,Chemprop (large),nr_er,sensitivity,0.2894570257481523,0.060692379602072404
35.0,Chemprop (large),nr_er,sensitivity,0.2877621104939151,0.06317279234475867
36.0,Chemprop (large),nr_er,sensitivity,0.2894570257481523,0.060692379602072404
37.0,Chemprop (large),nr_er,sensitivity,0.29104432733545393,0.061703215044827925
38.0,Chemprop (large),nr_er,sensitivity,0.2894570257481523,0.060692379602072404
39.0,Chemprop (large),nr_er,sensitivity,0.2894570257481523,0.060692379602072404
40.0,Chemprop (large),nr_er,sensitivity,0.2878697241608507,0.05987519018714123
41.0,Chemprop (large),nr_er,sensitivity,0.2878697241608507,0.05987519018714123
42.0,Chemprop (large),nr_er,sensitivity,0.2878697241608507,0.05987519018714123
43.0,Chemprop (large),nr_er,sensitivity,0.2878697241608507,0.05987519018714123
44.0,Chemprop (large),nr_er,sensitivity,0.28956463941508803,0.057560879774794335
45.0,Chemprop (large),nr_er,sensitivity,0.2877621104939151,0.06317279234475867
46.0,Chemprop (large),nr_er,sensitivity,0.28956463941508803,0.057560879774794335
47.0,Chemprop (large),nr_er,sensitivity,0.2860671952396777,0.06522995767069187
48.0,Chemprop (large),nr_er,sensitivity,0.2861748089066135,0.06233417438800964
49.0,Chemprop (large),nr_er,sensitivity,0.28597382455807174,0.06509881051437084
50.0,Chemprop (large),nr_er,sensitivity,0.2827058507018626,0.06293904813435923
51.0,Chemprop (large),nr_er,sensitivity,0.28597382455807174,0.06509881051437084
52.0,Chemprop (large),nr_er,sensitivity,0.2826916077165329,0.06617978431609003
53.0,Chemprop (large),nr_er,sensitivity,0.2811043061292313,0.06522568829347533
54.0,Chemprop (large),nr_er,sensitivity,0.2811043061292313,0.06522568829347533
55.0,Chemprop (large),nr_er,sensitivity,0.2827992213834686,0.06305049324096708
56.0,Chemprop (large),nr_er,sensitivity,0.2811043061292313,0.06522568829347533
57.0,Chemprop (large),nr_er,sensitivity,0.2811043061292313,0.06522568829347533
58.0,Chemprop (large),nr_er,sensitivity,0.27951700454192974,0.06445317864839184
59.0,Chemprop (large),nr_er,sensitivity,0.27951700454192974,0.06445317864839184
60.0,Chemprop (large),nr_er,sensitivity,0.27951700454192974,0.06445317864839184
61.0,Chemprop (large),nr_er,sensitivity,0.27951700454192974,0.06445317864839184
62.0,Chemprop (large),nr_er,sensitivity,0.27951700454192974,0.06445317864839184
63.0,Chemprop (large),nr_er,sensitivity,0.27951700454192974,0.06445317864839184
64.0,Chemprop (large),nr_er,sensitivity,0.27951700454192974,0.06445317864839184
65.0,Chemprop (large),nr_er,sensitivity,0.27792970295462815,0.06386884471865703
66.0,Chemprop (large),nr_er,sensitivity,0.2763424013673266,0.06347788336736532
67.0,Chemprop (large),nr_er,sensitivity,0.2763424013673266,0.06347788336736532
68.0,Chemprop (large),nr_er,sensitivity,0.2763424013673266,0.06347788336736532
69.0,Chemprop (large),nr_er,sensitivity,0.27792970295462815,0.06386884471865703
70.0,Chemprop (large),nr_er,sensitivity,0.27792970295462815,0.06386884471865703
71.0,Chemprop (large),nr_er,sensitivity,0.27792970295462815,0.06386884471865703
72.0,Chemprop (large),nr_er,sensitivity,0.2762490306857206,0.06260520207919326
73.0,Chemprop (large),nr_er,sensitivity,0.274661729098419,0.06215266964564843
74.0,Chemprop (large),nr_er,sensitivity,0.2762490306857206,0.06260520207919326
75.0,Chemprop (large),nr_er,sensitivity,0.2762490306857206,0.06260520207919326
76.0,Chemprop (large),nr_er,sensitivity,0.27456835841681304,0.061545429739437774
77.0,Chemprop (large),nr_er,sensitivity,0.274661729098419,0.06215266964564843
78.0,Chemprop (large),nr_er,sensitivity,0.27298105682951146,0.06103043178706939
79.0,Chemprop (large),nr_er,sensitivity,0.27298105682951146,0.06103043178706939
80.0,Chemprop (large),nr_er,sensitivity,0.27298105682951146,0.06103043178706939
81.0,Chemprop (large),nr_er,sensitivity,0.274661729098419,0.06215266964564843
82.0,Chemprop (large),nr_er,sensitivity,0.274661729098419,0.06215266964564843
83.0,Chemprop (large),nr_er,sensitivity,0.274661729098419,0.06215266964564843
84.0,Chemprop (large),nr_er,sensitivity,0.274661729098419,0.06215266964564843
85.0,Chemprop (large),nr_er,sensitivity,0.27298105682951146,0.06103043178706939
86.0,Chemprop (large),nr_er,sensitivity,0.27307442751111743,0.06190066739604747
87.0,Chemprop (large),nr_er,sensitivity,0.27298105682951146,0.06103043178706939
88.0,Chemprop (large),nr_er,sensitivity,0.2681257813860007,0.059587867410947556
89.0,Chemprop (large),nr_er,sensitivity,0.2697130829733023,0.059750473371346875
90.0,Chemprop (large),nr_er,sensitivity,0.2681257813860007,0.059587867410947556
91.0,Chemprop (large),nr_er,sensitivity,0.2681257813860007,0.059587867410947556
92.0,Chemprop (large),nr_er,sensitivity,0.2664451091170931,0.056643358240170395
93.0,Chemprop (large),nr_er,sensitivity,0.26803241070439476,0.056873055946028366
94.0,Chemprop (large),nr_er,sensitivity,0.2664451091170931,0.056643358240170395
95.0,Chemprop (large),nr_er,sensitivity,0.26653847979869916,0.05783298915583721
96.0,Chemprop (large),nr_er,sensitivity,0.26653847979869916,0.05783298915583721
97.0,Chemprop (large),nr_er,sensitivity,0.2682191520676067,0.06071660588975072
98.0,Chemprop (large),nr_er,sensitivity,0.26653847979869916,0.05783298915583721
99.0,Chemprop (large),nr_er,sensitivity,0.26653847979869916,0.05783298915583721
100.0,Chemprop (large),nr_er,sensitivity,0.26653847979869916,0.05783298915583721
101.0,Chemprop (large),nr_er,sensitivity,0.26653847979869916,0.05783298915583721
102.0,Chemprop (large),nr_er,sensitivity,0.26653847979869916,0.05783298915583721
103.0,Chemprop (large),nr_er,sensitivity,0.26653847979869916,0.05783298915583721
104.0,Chemprop (large),nr_er,sensitivity,0.26653847979869916,0.05783298915583721
105.0,Chemprop (large),nr_er,sensitivity,0.26653847979869916,0.05783298915583721
106.0,Chemprop (large),nr_er,sensitivity,0.26653847979869916,0.05783298915583721
107.0,Chemprop (large),nr_er,sensitivity,0.2648435645444619,0.059922350790189656
108.0,Chemprop (large),nr_er,sensitivity,0.26485780752979154,0.05663559689893793
109.0,Chemprop (large),nr_er,sensitivity,0.2648435645444619,0.059922350790189656
110.0,Chemprop (large),nr_er,sensitivity,0.2648435645444619,0.059922350790189656
111.0,Chemprop (large),nr_er,sensitivity,0.2648435645444619,0.059922350790189656
112.0,Chemprop (large),nr_er,sensitivity,0.2631628922755543,0.058706923211470405
113.0,Chemprop (large),nr_er,sensitivity,0.2614822200066467,0.05771103997024461
114.0,Chemprop (large),nr_er,sensitivity,0.2614822200066467,0.05771103997024461
115.0,Chemprop (large),nr_er,sensitivity,0.2614822200066467,0.05771103997024461
116.0,Chemprop (large),nr_er,sensitivity,0.2631628922755543,0.058706923211470405
117.0,Chemprop (large),nr_er,sensitivity,0.2614822200066467,0.05771103997024461
118.0,Chemprop (large),nr_er,sensitivity,0.2614822200066467,0.05771103997024461
119.0,Chemprop (large),nr_er,sensitivity,0.2614822200066467,0.05771103997024461
120.0,Chemprop (large),nr_er,sensitivity,0.25980154773773917,0.05694622049523225
121.0,Chemprop (large),nr_er,sensitivity,0.25980154773773917,0.05694622049523225
122.0,Chemprop (large),nr_er,sensitivity,0.25980154773773917,0.05694622049523225
123.0,Chemprop (large),nr_er,sensitivity,0.2614822200066467,0.05771103997024461
124.0,Chemprop (large),nr_er,sensitivity,0.2614822200066467,0.05771103997024461
125.0,Chemprop (large),nr_er,sensitivity,0.2614822200066467,0.05771103997024461
126.0,Chemprop (large),nr_er,sensitivity,0.2581208754688316,0.05642186203672116
127.0,Chemprop (large),nr_er,sensitivity,0.2581208754688316,0.05642186203672116
128.0,Chemprop (large),nr_er,sensitivity,0.2581208754688316,0.05642186203672116
129.0,Chemprop (large),nr_er,sensitivity,0.2614822200066467,0.05771103997024461
130.0,Chemprop (large),nr_er,sensitivity,0.25980154773773917,0.05694622049523225
131.0,Chemprop (large),nr_er,sensitivity,0.25980154773773917,0.05694622049523225
132.0,Chemprop (large),nr_er,sensitivity,0.25644020319992405,0.05323958515009114
133.0,Chemprop (large),nr_er,sensitivity,0.25980154773773917,0.05694622049523225
134.0,Chemprop (large),nr_er,sensitivity,0.25644020319992405,0.056144702291887984
135.0,Chemprop (large),nr_er,sensitivity,0.25644020319992405,0.056144702291887984
136.0,Chemprop (large),nr_er,sensitivity,0.2547595309310165,0.05287903987894498
137.0,Chemprop (large),nr_er,sensitivity,0.2530788586621089,0.05278426737995945
138.0,Chemprop (large),nr_er,sensitivity,0.2547595309310165,0.05287903987894498
139.0,Chemprop (large),nr_er,sensitivity,0.25644020319992405,0.05323958515009114
140.0,Chemprop (large),nr_er,sensitivity,0.25644020319992405,0.05323958515009114
141.0,Chemprop (large),nr_er,sensitivity,0.2547595309310165,0.05287903987894498
142.0,Chemprop (large),nr_er,sensitivity,0.25307885866210894,0.04968304252305937
143.0,Chemprop (large),nr_er,sensitivity,0.25644020319992405,0.056144702291887984
144.0,Chemprop (large),nr_er,sensitivity,0.25139818639320133,0.04951089870401704
145.0,Chemprop (large),nr_er,sensitivity,0.25307885866210894,0.04968304252305937
146.0,Chemprop (large),nr_er,sensitivity,0.24971751412429377,0.049623583701356104
147.0,Chemprop (large),nr_er,sensitivity,0.24971751412429377,0.049623583701356104
148.0,Chemprop (large),nr_er,sensitivity,0.24802259887005648,0.05170268360632313
149.0,Chemprop (large),nr_er,sensitivity,0.24971751412429377,0.049623583701356104
150.0,Chemprop (large),nr_er,sensitivity,0.2463419266011489,0.04850135205988731
151.0,Chemprop (large),nr_er,sensitivity,0.24803684185538621,0.04635553053921331
152.0,Chemprop (large),nr_er,sensitivity,0.2463419266011489,0.04850135205988731
153.0,Chemprop (large),nr_er,sensitivity,0.24803684185538621,0.04635553053921331
154.0,Chemprop (large),nr_er,sensitivity,0.2463419266011489,0.04850135205988731
155.0,Chemprop (large),nr_er,sensitivity,0.2463419266011489,0.04850135205988731
156.0,Chemprop (large),nr_er,sensitivity,0.2463419266011489,0.04850135205988731
157.0,Chemprop (large),nr_er,sensitivity,0.24802259887005645,0.048532394579338715
158.0,Chemprop (large),nr_er,sensitivity,0.2463419266011489,0.04850135205988731
159.0,Chemprop (large),nr_er,sensitivity,0.2463419266011489,0.04850135205988731
160.0,Chemprop (large),nr_er,sensitivity,0.24466125433224134,0.048760799546607045
161.0,Chemprop (large),nr_er,sensitivity,0.24466125433224134,0.048760799546607045
162.0,Chemprop (large),nr_er,sensitivity,0.24466125433224134,0.048760799546607045
163.0,Chemprop (large),nr_er,sensitivity,0.2463419266011489,0.04850135205988731
164.0,Chemprop (large),nr_er,sensitivity,0.24466125433224134,0.048760799546607045
165.0,Chemprop (large),nr_er,sensitivity,0.24466125433224134,0.048760799546607045
166.0,Chemprop (large),nr_er,sensitivity,0.24466125433224134,0.048760799546607045
167.0,Chemprop (large),nr_er,sensitivity,0.24466125433224134,0.048760799546607045
168.0,Chemprop (large),nr_er,sensitivity,0.24298058206333378,0.049306151603693435
169.0,Chemprop (large),nr_er,sensitivity,0.24298058206333378,0.049306151603693435
170.0,Chemprop (large),nr_er,sensitivity,0.24298058206333378,0.049306151603693435
171.0,Chemprop (large),nr_er,sensitivity,0.24298058206333378,0.049306151603693435
172.0,Chemprop (large),nr_er,sensitivity,0.24298058206333378,0.049306151603693435
173.0,Chemprop (large),nr_er,sensitivity,0.24298058206333378,0.049306151603693435
174.0,Chemprop (large),nr_er,sensitivity,0.24298058206333378,0.049306151603693435
175.0,Chemprop (large),nr_er,sensitivity,0.24298058206333378,0.049306151603693435
176.0,Chemprop (large),nr_er,sensitivity,0.24298058206333378,0.049306151603693435
177.0,Chemprop (large),nr_er,sensitivity,0.24298058206333378,0.049306151603693435
178.0,Chemprop (large),nr_er,sensitivity,0.24298058206333378,0.049306151603693435
179.0,Chemprop (large),nr_er,sensitivity,0.24129990979442623,0.04609157777604667
180.0,Chemprop (large),nr_er,sensitivity,0.24129990979442623,0.04609157777604667
181.0,Chemprop (large),nr_er,sensitivity,0.24129990979442623,0.04609157777604667
182.0,Chemprop (large),nr_er,sensitivity,0.24129990979442623,0.04609157777604667
183.0,Chemprop (large),nr_er,sensitivity,0.24129990979442623,0.04609157777604667
184.0,Chemprop (large),nr_er,sensitivity,0.24129990979442623,0.04609157777604667
185.0,Chemprop (large),nr_er,sensitivity,0.24129990979442623,0.04609157777604667
186.0,Chemprop (large),nr_er,sensitivity,0.24129990979442623,0.04609157777604667
187.0,Chemprop (large),nr_er,sensitivity,0.24129990979442623,0.04609157777604667
188.0,Chemprop (large),nr_er,sensitivity,0.24129990979442623,0.04609157777604667
189.0,Chemprop (large),nr_er,sensitivity,0.23960499454018894,0.048325380300070366
190.0,Chemprop (large),nr_er,sensitivity,0.23960499454018894,0.048325380300070366
191.0,Chemprop (large),nr_er,sensitivity,0.23960499454018894,0.048325380300070366
192.0,Chemprop (large),nr_er,sensitivity,0.23960499454018894,0.048325380300070366
193.0,Chemprop (large),nr_er,sensitivity,0.23960499454018894,0.048325380300070366
194.0,Chemprop (large),nr_er,sensitivity,0.23960499454018894,0.048325380300070366
195.0,Chemprop (large),nr_er,sensitivity,0.23960499454018894,0.048325380300070366
196.0,Chemprop (large),nr_er,sensitivity,0.23960499454018894,0.048325380300070366
197.0,Chemprop (large),nr_er,sensitivity,0.23960499454018894,0.048325380300070366
198.0,Chemprop (large),nr_er,sensitivity,0.23960499454018894,0.048325380300070366
199.0,Chemprop (large),nr_er,sensitivity,0.23960499454018894,0.048325380300070366
200.0,Chemprop (large),nr_er,sensitivity,0.23960499454018894,0.048325380300070366
1.0,Morgan,nr_er,sensitivity,0.3204117805314216,0.11718654203202934
2.0,Morgan,nr_er,sensitivity,0.3351928341958252,0.11020426289657248
3.0,Morgan,nr_er,sensitivity,0.2718020541549953,0.0935004517778689
4.0,Morgan,nr_er,sensitivity,0.28176423111617527,0.10890402236543963
5.0,Morgan,nr_er,sensitivity,0.2584579594549684,0.1203141362247148
6.0,Morgan,nr_er,sensitivity,0.2585370871512446,0.11784142313035581
7.0,Morgan,nr_er,sensitivity,0.23653800503252143,0.1068719778134925
8.0,Morgan,nr_er,sensitivity,0.2417810061877858,0.10443796898410229
9.0,Morgan,nr_er,sensitivity,0.2334061308139075,0.09677709902446395
10.0,Morgan,nr_er,sensitivity,0.2317903432559464,0.09806879013555919
11.0,Morgan,nr_er,sensitivity,0.1918213613128867,0.07527606913060685
12.0,Morgan,nr_er,sensitivity,0.200253208628084,0.08459488045572128
13.0,Morgan,nr_er,sensitivity,0.1902198167402554,0.08273350559217757
14.0,Morgan,nr_er,sensitivity,0.19031318742186137,0.0743699335842785
15.0,Morgan,nr_er,sensitivity,0.1852711706151387,0.07976281619430449
16.0,Morgan,nr_er,sensitivity,0.18536454129674465,0.07862172359447427
17.0,Morgan,nr_er,sensitivity,0.1819889537735998,0.07672075362406294
18.0,Morgan,nr_er,sensitivity,0.18022915380841598,0.07537993075602914
19.0,Morgan,nr_er,sensitivity,0.17685356628527116,0.06325963994349898
20.0,Morgan,nr_er,sensitivity,0.17011663422431117,0.06335357606393689
21.0,Morgan,nr_er,sensitivity,0.15841681305290475,0.04429868817184254
22.0,Morgan,nr_er,sensitivity,0.15673614078399717,0.04997274341727447
23.0,Morgan,nr_er,sensitivity,0.1549905838041431,0.04565428820727129
24.0,Morgan,nr_er,sensitivity,0.15161499628099825,0.05891549147856264
25.0,Morgan,nr_er,sensitivity,0.14498567788697397,0.04867743582583287
26.0,Morgan,nr_er,sensitivity,0.1482536517431831,0.05079556716837406
27.0,Morgan,nr_er,sensitivity,0.13488740128819882,0.05176796636782888
28.0,Morgan,nr_er,sensitivity,0.1316194274319897,0.04630723978369829
29.0,Morgan,nr_er,sensitivity,0.12496162306730596,0.04697139107572554
30.0,Morgan,nr_er,sensitivity,0.11990536327525358,0.043091139733922194
31.0,Morgan,nr_er,sensitivity,0.10652486983493961,0.04369383441484954
32.0,Morgan,nr_er,sensitivity,0.10138948234661091,0.05234038056248353
33.0,Morgan,nr_er,sensitivity,0.0947459209672569,0.05287104965699249
34.0,Morgan,nr_er,sensitivity,0.09476016395258664,0.05742828980717198
35.0,Morgan,nr_er,sensitivity,0.08970390416053423,0.059596996726738495
36.0,Morgan,nr_er,sensitivity,0.08643593030432509,0.061075419759208126
37.0,Morgan,nr_er,sensitivity,0.08483438573169377,0.05609178893258805
38.0,Morgan,nr_er,sensitivity,0.07987149662124735,0.05403964566728195
39.0,Morgan,nr_er,sensitivity,0.07977812593964136,0.0584863647284682
40.0,Morgan,nr_er,sensitivity,0.07481523682919491,0.05876985849896435
41.0,Morgan,nr_er,sensitivity,0.06993147541502473,0.05230395532371396
42.0,Morgan,nr_er,sensitivity,0.06826504613144689,0.05865265625594341
43.0,Morgan,nr_er,sensitivity,0.0681574324645112,0.05650005109382788
44.0,Morgan,nr_er,sensitivity,0.06476760195603662,0.056399910470402506
45.0,Morgan,nr_er,sensitivity,0.06476760195603662,0.056399910470402506
46.0,Morgan,nr_er,sensitivity,0.05672348035259296,0.05050045427292514
47.0,Morgan,nr_er,sensitivity,0.05513617876529138,0.050359051386164866
48.0,Morgan,nr_er,sensitivity,0.05672348035259296,0.05050045427292514
49.0,Morgan,nr_er,sensitivity,0.05672348035259296,0.05050045427292514
50.0,Morgan,nr_er,sensitivity,0.05502856509835567,0.04722780703002611
51.0,Morgan,nr_er,sensitivity,0.05492095143141999,0.04774458689703917
52.0,Morgan,nr_er,sensitivity,0.053333649844118404,0.047187252315154464
53.0,Morgan,nr_er,sensitivity,0.05163873458988111,0.0439130070598732
54.0,Morgan,nr_er,sensitivity,0.05163873458988111,0.0439130070598732
55.0,Morgan,nr_er,sensitivity,0.049943819335643826,0.04411426918948093
56.0,Morgan,nr_er,sensitivity,0.045088543892133105,0.0450438636389168
57.0,Morgan,nr_er,sensitivity,0.043393628637895795,0.04533012667930105
58.0,Morgan,nr_er,sensitivity,0.040219025463292625,0.0455156658752072
59.0,Morgan,nr_er,sensitivity,0.040111411796356924,0.04580963585332645
60.0,Morgan,nr_er,sensitivity,0.03534950703445216,0.04708510424990281
61.0,Morgan,nr_er,sensitivity,0.03693680862175376,0.04639307071676149
62.0,Morgan,nr_er,sensitivity,0.03534950703445216,0.04708510424990281
63.0,Morgan,nr_er,sensitivity,0.03852411020905534,0.045965446175656254
64.0,Morgan,nr_er,sensitivity,0.03534950703445216,0.04708510424990281
65.0,Morgan,nr_er,sensitivity,0.03534950703445216,0.04708510424990281
66.0,Morgan,nr_er,sensitivity,0.03376220544715058,0.04803011906302647
67.0,Morgan,nr_er,sensitivity,0.030372374938676,0.044767192115983366
68.0,Morgan,nr_er,sensitivity,0.028677459684438723,0.040991972423598026
69.0,Morgan,nr_er,sensitivity,0.028677459684438723,0.040991972423598026
70.0,Morgan,nr_er,sensitivity,0.028677459684438723,0.040991972423598026
71.0,Morgan,nr_er,sensitivity,0.030372374938676,0.044767192115983366
72.0,Morgan,nr_er,sensitivity,0.028677459684438723,0.040991972423598026
73.0,Morgan,nr_er,sensitivity,0.030372374938676,0.044767192115983366
74.0,Morgan,nr_er,sensitivity,0.02699678741553116,0.04218590270098337
75.0,Morgan,nr_er,sensitivity,0.028691702669768438,0.04594052204899332
76.0,Morgan,nr_er,sensitivity,0.02869170266976846,0.04185020132870643
77.0,Morgan,nr_er,sensitivity,0.028677459684438723,0.040991972423598026
78.0,Morgan,nr_er,sensitivity,0.02699678741553116,0.04218590270098337
79.0,Morgan,nr_er,sensitivity,0.02699678741553116,0.04218590270098337
80.0,Morgan,nr_er,sensitivity,0.02699678741553116,0.04218590270098337
81.0,Morgan,nr_er,sensitivity,0.02699678741553116,0.04218590270098337
82.0,Morgan,nr_er,sensitivity,0.02699678741553116,0.04218590270098337
83.0,Morgan,nr_er,sensitivity,0.02699678741553116,0.04218590270098337
84.0,Morgan,nr_er,sensitivity,0.02699678741553116,0.04218590270098337
85.0,Morgan,nr_er,sensitivity,0.02699678741553116,0.04218590270098337
86.0,Morgan,nr_er,sensitivity,0.02699678741553116,0.04218590270098337
87.0,Morgan,nr_er,sensitivity,0.02699678741553116,0.04218590270098337
88.0,Morgan,nr_er,sensitivity,0.02699678741553116,0.04218590270098337
89.0,Morgan,nr_er,sensitivity,0.02530187216129386,0.03843821775850293
90.0,Morgan,nr_er,sensitivity,0.02530187216129386,0.03843821775850293
91.0,Morgan,nr_er,sensitivity,0.02530187216129386,0.03843821775850293
92.0,Morgan,nr_er,sensitivity,0.02530187216129386,0.03843821775850293
93.0,Morgan,nr_er,sensitivity,0.023714570573992278,0.03948422965679491
94.0,Morgan,nr_er,sensitivity,0.02530187216129386,0.03843821775850293
95.0,Morgan,nr_er,sensitivity,0.023714570573992278,0.03948422965679491
96.0,Morgan,nr_er,sensitivity,0.02530187216129386,0.03843821775850293
97.0,Morgan,nr_er,sensitivity,0.023714570573992278,0.03948422965679491
98.0,Morgan,nr_er,sensitivity,0.023714570573992278,0.03948422965679491
99.0,Morgan,nr_er,sensitivity,0.023714570573992278,0.03948422965679491
100.0,Morgan,nr_er,sensitivity,0.023714570573992278,0.03948422965679491
101.0,Morgan,nr_er,sensitivity,0.023714570573992278,0.03948422965679491
102.0,Morgan,nr_er,sensitivity,0.023714570573992278,0.03948422965679491
103.0,Morgan,nr_er,sensitivity,0.023714570573992278,0.03948422965679491
104.0,Morgan,nr_er,sensitivity,0.023714570573992278,0.03948422965679491
105.0,Morgan,nr_er,sensitivity,0.023714570573992278,0.03948422965679491
106.0,Morgan,nr_er,sensitivity,0.023714570573992278,0.03948422965679491
107.0,Morgan,nr_er,sensitivity,0.023714570573992278,0.03948422965679491
108.0,Morgan,nr_er,sensitivity,0.023714570573992278,0.03948422965679491
109.0,Morgan,nr_er,sensitivity,0.022019655319755,0.03576104182418015
110.0,Morgan,nr_er,sensitivity,0.022019655319755,0.03576104182418015
111.0,Morgan,nr_er,sensitivity,0.022019655319755,0.03576104182418015
112.0,Morgan,nr_er,sensitivity,0.018644067796610143,0.03303998082986087
113.0,Morgan,nr_er,sensitivity,0.015254237288135561,0.02570466252220861
114.0,Morgan,nr_er,sensitivity,0.01355932203389828,0.02209899120407675
115.0,Morgan,nr_er,sensitivity,0.01355932203389828,0.02209899120407675
116.0,Morgan,nr_er,sensitivity,0.011864406779661,0.01856686635610732
117.0,Morgan,nr_er,sensitivity,0.011864406779661,0.01856686635610732
118.0,Morgan,nr_er,sensitivity,0.0101694915254237,0.015159782898303624
119.0,Morgan,nr_er,sensitivity,0.0101694915254237,0.015159782898303624
120.0,Morgan,nr_er,sensitivity,0.0101694915254237,0.015159782898303624
121.0,Morgan,nr_er,sensitivity,0.0101694915254237,0.015159782898303624
122.0,Morgan,nr_er,sensitivity,0.008474576271186422,0.011984860698077056
123.0,Morgan,nr_er,sensitivity,0.00677966101694914,0.011049495602038375
124.0,Morgan,nr_er,sensitivity,0.005084745762711841,0.007579891449151794
125.0,Morgan,nr_er,sensitivity,0.00677966101694914,0.011049495602038375
126.0,Morgan,nr_er,sensitivity,0.005084745762711841,0.007579891449151794
127.0,Morgan,nr_er,sensitivity,0.005084745762711841,0.007579891449151794
128.0,Morgan,nr_er,sensitivity,0.005084745762711841,0.007579891449151794
129.0,Morgan,nr_er,sensitivity,0.005084745762711841,0.007579891449151794
130.0,Morgan,nr_er,sensitivity,0.005084745762711841,0.007579891449151794
131.0,Morgan,nr_er,sensitivity,0.005084745762711841,0.007579891449151794
132.0,Morgan,nr_er,sensitivity,0.005084745762711841,0.007579891449151794
133.0,Morgan,nr_er,sensitivity,0.00338983050847456,0.00464171658902681
134.0,Morgan,nr_er,sensitivity,0.00338983050847456,0.00464171658902681
135.0,Morgan,nr_er,sensitivity,0.00338983050847456,0.00464171658902681
136.0,Morgan,nr_er,sensitivity,0.00338983050847456,0.00464171658902681
137.0,Morgan,nr_er,sensitivity,0.00338983050847456,0.00464171658902681
138.0,Morgan,nr_er,sensitivity,0.00338983050847456,0.00464171658902681
139.0,Morgan,nr_er,sensitivity,0.00338983050847456,0.00464171658902681
140.0,Morgan,nr_er,sensitivity,0.00169491525423728,0.003789945724575897
141.0,Morgan,nr_er,sensitivity,0.00169491525423728,0.003789945724575897
142.0,Morgan,nr_er,sensitivity,0.00169491525423728,0.003789945724575897
143.0,Morgan,nr_er,sensitivity,0.00169491525423728,0.003789945724575897
144.0,Morgan,nr_er,sensitivity,0.00169491525423728,0.003789945724575897
145.0,Morgan,nr_er,sensitivity,0.00169491525423728,0.003789945724575897
146.0,Morgan,nr_er,sensitivity,0.0,0.0
147.0,Morgan,nr_er,sensitivity,0.0,0.0
148.0,Morgan,nr_er,sensitivity,0.0,0.0
149.0,Morgan,nr_er,sensitivity,0.0,0.0
150.0,Morgan,nr_er,sensitivity,0.0,0.0
151.0,Morgan,nr_er,sensitivity,0.0,0.0
152.0,Morgan,nr_er,sensitivity,0.0,0.0
153.0,Morgan,nr_er,sensitivity,0.0,0.0
154.0,Morgan,nr_er,sensitivity,0.0,0.0
155.0,Morgan,nr_er,sensitivity,0.0,0.0
156.0,Morgan,nr_er,sensitivity,0.0,0.0
157.0,Morgan,nr_er,sensitivity,0.0,0.0
158.0,Morgan,nr_er,sensitivity,0.0,0.0
159.0,Morgan,nr_er,sensitivity,0.0,0.0
160.0,Morgan,nr_er,sensitivity,0.0,0.0
161.0,Morgan,nr_er,sensitivity,0.0,0.0
162.0,Morgan,nr_er,sensitivity,0.0,0.0
163.0,Morgan,nr_er,sensitivity,0.0,0.0
164.0,Morgan,nr_er,sensitivity,0.0,0.0
165.0,Morgan,nr_er,sensitivity,0.0,0.0
166.0,Morgan,nr_er,sensitivity,0.0,0.0
167.0,Morgan,nr_er,sensitivity,0.0,0.0
168.0,Morgan,nr_er,sensitivity,0.0,0.0
169.0,Morgan,nr_er,sensitivity,0.0,0.0
170.0,Morgan,nr_er,sensitivity,0.0,0.0
171.0,Morgan,nr_er,sensitivity,0.0,0.0
172.0,Morgan,nr_er,sensitivity,0.0,0.0
173.0,Morgan,nr_er,sensitivity,0.0,0.0
174.0,Morgan,nr_er,sensitivity,0.0,0.0
175.0,Morgan,nr_er,sensitivity,0.0,0.0
176.0,Morgan,nr_er,sensitivity,0.0,0.0
177.0,Morgan,nr_er,sensitivity,0.0,0.0
178.0,Morgan,nr_er,sensitivity,0.0,0.0
179.0,Morgan,nr_er,sensitivity,0.0,0.0
180.0,Morgan,nr_er,sensitivity,0.0,0.0
181.0,Morgan,nr_er,sensitivity,0.0,0.0
182.0,Morgan,nr_er,sensitivity,0.0,0.0
183.0,Morgan,nr_er,sensitivity,0.0,0.0
184.0,Morgan,nr_er,sensitivity,0.0,0.0
185.0,Morgan,nr_er,sensitivity,0.0,0.0
186.0,Morgan,nr_er,sensitivity,0.0,0.0
187.0,Morgan,nr_er,sensitivity,0.0,0.0
188.0,Morgan,nr_er,sensitivity,0.0,0.0
189.0,Morgan,nr_er,sensitivity,0.0,0.0
190.0,Morgan,nr_er,sensitivity,0.0,0.0
191.0,Morgan,nr_er,sensitivity,0.0,0.0
192.0,Morgan,nr_er,sensitivity,0.0,0.0
193.0,Morgan,nr_er,sensitivity,0.0,0.0
194.0,Morgan,nr_er,sensitivity,0.0,0.0
195.0,Morgan,nr_er,sensitivity,0.0,0.0
196.0,Morgan,nr_er,sensitivity,0.0,0.0
197.0,Morgan,nr_er,sensitivity,0.0,0.0
198.0,Morgan,nr_er,sensitivity,0.0,0.0
199.0,Morgan,nr_er,sensitivity,0.0,0.0
200.0,Morgan,nr_er,sensitivity,0.0,0.0
1.0,Mordred,nr_er,sensitivity,0.3674611087372802,0.09824557512062813
2.0,Mordred,nr_er,sensitivity,0.3674611087372802,0.09824557512062813
3.0,Mordred,nr_er,sensitivity,0.2968032410704395,0.08183027458432436
4.0,Mordred,nr_er,sensitivity,0.2968823687667157,0.06958651697151588
5.0,Mordred,nr_er,sensitivity,0.26533099115352354,0.08394622820755691
6.0,Mordred,nr_er,sensitivity,0.26697526468214405,0.06144222673767497
7.0,Mordred,nr_er,sensitivity,0.2521229960910918,0.07105697820566614
8.0,Mordred,nr_er,sensitivity,0.24888350820554206,0.07009371707641529
9.0,Mordred,nr_er,sensitivity,0.23871401668011835,0.08339903584528548
10.0,Mordred,nr_er,sensitivity,0.23575464083938655,0.08743270583835956
11.0,Mordred,nr_er,sensitivity,0.23048315371346276,0.08933169536453563
12.0,Mordred,nr_er,sensitivity,0.22552026460301633,0.08204142320805717
13.0,Mordred,nr_er,sensitivity,0.23186947095222266,0.09479409216087543
14.0,Mordred,nr_er,sensitivity,0.23044042475747356,0.09773368390901768
15.0,Mordred,nr_er,sensitivity,0.2173827723179667,0.09799648677500979
16.0,Mordred,nr_er,sensitivity,0.21718178796942503,0.09211921373522622
17.0,Mordred,nr_er,sensitivity,0.21396445583883267,0.09738828405916451
18.0,Mordred,nr_er,sensitivity,0.21402142778015154,0.09549710198388178
19.0,Mordred,nr_er,sensitivity,0.2075646077640095,0.1003041937878641
20.0,Mordred,nr_er,sensitivity,0.21411479846175757,0.11115098359457776
21.0,Mordred,nr_er,sensitivity,0.2059630631913782,0.10667117885529928
22.0,Mordred,nr_er,sensitivity,0.212527496874456,0.10699637894406858
23.0,Mordred,nr_er,sensitivity,0.20078494674706038,0.10804037210578214
24.0,Mordred,nr_er,sensitivity,0.210724967953283,0.10664437048976937
25.0,Mordred,nr_er,sensitivity,0.2074427511117441,0.10450684965082475
26.0,Mordred,nr_er,sensitivity,0.2091376663659814,0.10293536285823196
27.0,Mordred,nr_er,sensitivity,0.20912342338065168,0.102395755336669
28.0,Mordred,nr_er,sensitivity,0.2058554495244425,0.11000802948789501
29.0,Mordred,nr_er,sensitivity,0.20077070376173065,0.1031766206410835
30.0,Mordred,nr_er,sensitivity,0.19571444396967824,0.10059002083569993
31.0,Mordred,nr_er,sensitivity,0.18573802402316855,0.08090207668081874
32.0,Mordred,nr_er,sensitivity,0.185766509993828,0.07692856842437996
33.0,Mordred,nr_er,sensitivity,0.179122948614474,0.07145269297560666
34.0,Mordred,nr_er,sensitivity,0.17400180411147506,0.054119614190580645
35.0,Mordred,nr_er,sensitivity,0.16055642596021455,0.03475120026798242
36.0,Mordred,nr_er,sensitivity,0.14897846144107357,0.03968422341792744
37.0,Mordred,nr_er,sensitivity,0.14381458798208546,0.03224965145667299
38.0,Mordred,nr_er,sensitivity,0.14057510009653576,0.041698260864716265
39.0,Mordred,nr_er,sensitivity,0.13551884030448333,0.040635586249672985
40.0,Mordred,nr_er,sensitivity,0.13046258051243093,0.04006452439679213
41.0,Mordred,nr_er,sensitivity,0.12215258984949909,0.049619670963027614
42.0,Mordred,nr_er,sensitivity,0.12700786529300984,0.044675263269397324
43.0,Mordred,nr_er,sensitivity,0.11866938865941853,0.046179322641006895
44.0,Mordred,nr_er,sensitivity,0.12028517621737958,0.05294218790367328
45.0,Mordred,nr_er,sensitivity,0.11700295937584068,0.053539420949318905
46.0,Mordred,nr_er,sensitivity,0.11535077307759256,0.06143300605072129
47.0,Mordred,nr_er,sensitivity,0.11525740239598661,0.06489568657365842
48.0,Mordred,nr_er,sensitivity,0.11186757188751204,0.060257360810085404
49.0,Mordred,nr_er,sensitivity,0.11028027030021044,0.06299626992309364
50.0,Mordred,nr_er,sensitivity,0.11185332890218232,0.056548312486810935
51.0,Mordred,nr_er,sensitivity,0.11175995822057634,0.062314392409408496
52.0,Mordred,nr_er,sensitivity,0.11007928595166876,0.06162018139106683
53.0,Mordred,nr_er,sensitivity,0.10499454018895689,0.06089265144859729
54.0,Mordred,nr_er,sensitivity,0.10172656633274775,0.0630247647718533
55.0,Mordred,nr_er,sensitivity,0.10332811090537908,0.06780364859506169
56.0,Mordred,nr_er,sensitivity,0.09836522179493261,0.0657155034995178
57.0,Mordred,nr_er,sensitivity,0.1000458940638402,0.06170913949814251
58.0,Mordred,nr_er,sensitivity,0.1000458940638402,0.05963768395221819
59.0,Mordred,nr_er,sensitivity,0.09827185111332663,0.06623207775309665
60.0,Mordred,nr_er,sensitivity,0.09677792020763101,0.06290757595544304
61.0,Mordred,nr_er,sensitivity,0.09162828973397263,0.06619599577774786
62.0,Mordred,nr_er,sensitivity,0.0900125021760116,0.05787788964252869
63.0,Mordred,nr_er,sensitivity,0.08497048536928892,0.06389012079096493
64.0,Mordred,nr_er,sensitivity,0.08504961306556516,0.05641874288767726
65.0,Mordred,nr_er,sensitivity,0.07840605168621118,0.059309253931744944
66.0,Mordred,nr_er,sensitivity,0.08019433762205444,0.060466353259874026
67.0,Mordred,nr_er,sensitivity,0.07849942236781714,0.057377396688323465
68.0,Mordred,nr_er,sensitivity,0.07851366535314688,0.06217733676801782
69.0,Mordred,nr_er,sensitivity,0.08010096694044848,0.062305677640486584
70.0,Mordred,nr_er,sensitivity,0.07673962240263336,0.06633067597527237
71.0,Mordred,nr_er,sensitivity,0.07513807783000201,0.06132829820832254
72.0,Mordred,nr_er,sensitivity,0.07018943170488531,0.06495922926687432
73.0,Mordred,nr_er,sensitivity,0.07185586098846315,0.05801224050210421
74.0,Mordred,nr_er,sensitivity,0.06679960119641074,0.06101546382781212
75.0,Mordred,nr_er,sensitivity,0.07185586098846314,0.06013970899905092
76.0,Mordred,nr_er,sensitivity,0.06838690278371232,0.06126869826641498
77.0,Mordred,nr_er,sensitivity,0.07185586098846315,0.05801224050210421
78.0,Mordred,nr_er,sensitivity,0.07176249030685718,0.06023631477292574
79.0,Mordred,nr_er,sensitivity,0.0700675750526199,0.05744988832008892
80.0,Mordred,nr_er,sensitivity,0.0666777445441453,0.05811359468732655
81.0,Mordred,nr_er,sensitivity,0.06838690278371232,0.06155616645149726
82.0,Mordred,nr_er,sensitivity,0.06501131526056748,0.06058596860080683
83.0,Mordred,nr_er,sensitivity,0.06511892892750318,0.06310604150807764
84.0,Mordred,nr_er,sensitivity,0.06501131526056747,0.06262606599263996
85.0,Mordred,nr_er,sensitivity,0.06182246910063458,0.057317087206298925
86.0,Mordred,nr_er,sensitivity,0.05685957999018813,0.056034236746791435
87.0,Mordred,nr_er,sensitivity,0.058446881577489715,0.05447671531822474
88.0,Mordred,nr_er,sensitivity,0.05516466473595085,0.05310915416638353
89.0,Mordred,nr_er,sensitivity,0.05516466473595085,0.05310915416638353
90.0,Mordred,nr_er,sensitivity,0.05357736314864928,0.053213050409348775
91.0,Mordred,nr_er,sensitivity,0.05188244789441199,0.05209532544085394
92.0,Mordred,nr_er,sensitivity,0.050187532640174705,0.051234212289246114
93.0,Mordred,nr_er,sensitivity,0.04679770213170012,0.04506041158112004
94.0,Mordred,nr_er,sensitivity,0.045117029862792556,0.04696684732710124
95.0,Mordred,nr_er,sensitivity,0.04342211460855526,0.04608848576259214
96.0,Mordred,nr_er,sensitivity,0.04511702986279255,0.04920711408704745
97.0,Mordred,nr_er,sensitivity,0.04342211460855526,0.04608848576259214
98.0,Mordred,nr_er,sensitivity,0.04172719935431798,0.04307765476661973
99.0,Mordred,nr_er,sensitivity,0.04342211460855526,0.04608848576259214
100.0,Mordred,nr_er,sensitivity,0.04013989776701638,0.04295231800008543
101.0,Mordred,nr_er,sensitivity,0.04342211460855526,0.04608848576259214
102.0,Mordred,nr_er,sensitivity,0.04183481302125366,0.04604445303682657
103.0,Mordred,nr_er,sensitivity,0.04183481302125366,0.04604445303682657
104.0,Mordred,nr_er,sensitivity,0.04013989776701638,0.04295231800008543
105.0,Mordred,nr_er,sensitivity,0.04013989776701638,0.04295231800008543
106.0,Mordred,nr_er,sensitivity,0.04013989776701638,0.04295231800008543
107.0,Mordred,nr_er,sensitivity,0.04013989776701638,0.04295231800008543
108.0,Mordred,nr_er,sensitivity,0.04013989776701638,0.04295231800008543
109.0,Mordred,nr_er,sensitivity,0.04013989776701638,0.04295231800008543
110.0,Mordred,nr_er,sensitivity,0.03855259617971481,0.04311976537806475
111.0,Mordred,nr_er,sensitivity,0.03855259617971481,0.04311976537806475
112.0,Mordred,nr_er,sensitivity,0.03685768092547752,0.04225720959583889
113.0,Mordred,nr_er,sensitivity,0.036965294592413225,0.04357662187720316
114.0,Mordred,nr_er,sensitivity,0.03357546408393864,0.03938854538134638
115.0,Mordred,nr_er,sensitivity,0.03357546408393864,0.03938854538134638
116.0,Mordred,nr_er,sensitivity,0.028598331988162456,0.03378382563664712
117.0,Mordred,nr_er,sensitivity,0.028598331988162456,0.03378382563664712
118.0,Mordred,nr_er,sensitivity,0.028598331988162456,0.03378382563664712
119.0,Mordred,nr_er,sensitivity,0.028598331988162456,0.03378382563664712
120.0,Mordred,nr_er,sensitivity,0.026903416733925177,0.0325796655468612
121.0,Mordred,nr_er,sensitivity,0.026903416733925177,0.0325796655468612
122.0,Mordred,nr_er,sensitivity,0.025316115146623602,0.03343357101445075
123.0,Mordred,nr_er,sensitivity,0.0236211998923863,0.032555996779138265
124.0,Mordred,nr_er,sensitivity,0.021926284638149017,0.032104665688629505
125.0,Mordred,nr_er,sensitivity,0.0235135862254506,0.031429161676898756
126.0,Mordred,nr_er,sensitivity,0.0235135862254506,0.031429161676898756
127.0,Mordred,nr_er,sensitivity,0.0235135862254506,0.031429161676898756
128.0,Mordred,nr_er,sensitivity,0.021926284638149017,0.032104665688629505
129.0,Mordred,nr_er,sensitivity,0.021926284638149017,0.032104665688629505
130.0,Mordred,nr_er,sensitivity,0.021926284638149017,0.032104665688629505
131.0,Mordred,nr_er,sensitivity,0.021926284638149017,0.032104665688629505
132.0,Mordred,nr_er,sensitivity,0.021926284638149017,0.032104665688629505
133.0,Mordred,nr_er,sensitivity,0.021926284638149017,0.032104665688629505
134.0,Mordred,nr_er,sensitivity,0.021926284638149017,0.032104665688629505
135.0,Mordred,nr_er,sensitivity,0.021926284638149017,0.032104665688629505
136.0,Mordred,nr_er,sensitivity,0.021926284638149017,0.032104665688629505
137.0,Mordred,nr_er,sensitivity,0.021926284638149017,0.032104665688629505
138.0,Mordred,nr_er,sensitivity,0.021926284638149017,0.032104665688629505
139.0,Mordred,nr_er,sensitivity,0.021926284638149017,0.032104665688629505
140.0,Mordred,nr_er,sensitivity,0.021926284638149017,0.032104665688629505
141.0,Mordred,nr_er,sensitivity,0.021926284638149017,0.032104665688629505
142.0,Mordred,nr_er,sensitivity,0.021926284638149017,0.032104665688629505
143.0,Mordred,nr_er,sensitivity,0.020231369383911738,0.028544670955119845
144.0,Mordred,nr_er,sensitivity,0.020231369383911738,0.028544670955119845
145.0,Mordred,nr_er,sensitivity,0.020231369383911738,0.028544670955119845
146.0,Mordred,nr_er,sensitivity,0.01853645412967444,0.025052231399296965
147.0,Mordred,nr_er,sensitivity,0.01853645412967444,0.025052231399296965
148.0,Mordred,nr_er,sensitivity,0.01853645412967444,0.025052231399296965
149.0,Mordred,nr_er,sensitivity,0.01853645412967444,0.025052231399296965
150.0,Mordred,nr_er,sensitivity,0.01853645412967444,0.025052231399296965
151.0,Mordred,nr_er,sensitivity,0.01684153887543716,0.02166004924791824
152.0,Mordred,nr_er,sensitivity,0.01684153887543716,0.02166004924791824
153.0,Mordred,nr_er,sensitivity,0.01684153887543716,0.02166004924791824
154.0,Mordred,nr_er,sensitivity,0.01684153887543716,0.02166004924791824
155.0,Mordred,nr_er,sensitivity,0.01684153887543716,0.02166004924791824
156.0,Mordred,nr_er,sensitivity,0.01684153887543716,0.02166004924791824
157.0,Mordred,nr_er,sensitivity,0.015146623621199859,0.021146068438725487
158.0,Mordred,nr_er,sensitivity,0.015146623621199859,0.021146068438725487
159.0,Mordred,nr_er,sensitivity,0.015146623621199859,0.021146068438725487
160.0,Mordred,nr_er,sensitivity,0.015146623621199859,0.021146068438725487
161.0,Mordred,nr_er,sensitivity,0.015146623621199859,0.021146068438725487
162.0,Mordred,nr_er,sensitivity,0.015146623621199859,0.021146068438725487
163.0,Mordred,nr_er,sensitivity,0.015146623621199859,0.021146068438725487
164.0,Mordred,nr_er,sensitivity,0.015146623621199859,0.021146068438725487
165.0,Mordred,nr_er,sensitivity,0.01355932203389828,0.02209899120407675
166.0,Mordred,nr_er,sensitivity,0.015146623621199859,0.021146068438725487
167.0,Mordred,nr_er,sensitivity,0.01355932203389828,0.02209899120407675
168.0,Mordred,nr_er,sensitivity,0.01355932203389828,0.02209899120407675
169.0,Mordred,nr_er,sensitivity,0.01355932203389828,0.02209899120407675
170.0,Mordred,nr_er,sensitivity,0.011864406779661,0.01856686635610732
171.0,Mordred,nr_er,sensitivity,0.011864406779661,0.01856686635610732
172.0,Mordred,nr_er,sensitivity,0.01355932203389828,0.02209899120407675
173.0,Mordred,nr_er,sensitivity,0.01355932203389828,0.02209899120407675
174.0,Mordred,nr_er,sensitivity,0.01355932203389828,0.02209899120407675
175.0,Mordred,nr_er,sensitivity,0.01355932203389828,0.02209899120407675
176.0,Mordred,nr_er,sensitivity,0.01355932203389828,0.02209899120407675
177.0,Mordred,nr_er,sensitivity,0.011864406779661,0.01856686635610732
178.0,Mordred,nr_er,sensitivity,0.011864406779661,0.01856686635610732
179.0,Mordred,nr_er,sensitivity,0.0101694915254237,0.015159782898303624
180.0,Mordred,nr_er,sensitivity,0.0101694915254237,0.015159782898303624
181.0,Mordred,nr_er,sensitivity,0.008474576271186422,0.011984860698077056
182.0,Mordred,nr_er,sensitivity,0.008474576271186422,0.011984860698077056
183.0,Mordred,nr_er,sensitivity,0.008474576271186422,0.011984860698077056
184.0,Mordred,nr_er,sensitivity,0.00677966101694912,0.00928343317805362
185.0,Mordred,nr_er,sensitivity,0.00677966101694912,0.00928343317805362
186.0,Mordred,nr_er,sensitivity,0.00677966101694912,0.00928343317805362
187.0,Mordred,nr_er,sensitivity,0.00677966101694912,0.00928343317805362
188.0,Mordred,nr_er,sensitivity,0.00677966101694912,0.00928343317805362
189.0,Mordred,nr_er,sensitivity,0.00677966101694912,0.00928343317805362
190.0,Mordred,nr_er,sensitivity,0.00677966101694912,0.00928343317805362
191.0,Mordred,nr_er,sensitivity,0.00338983050847456,0.007579891449151794
192.0,Mordred,nr_er,sensitivity,0.005084745762711841,0.007579891449151794
193.0,Mordred,nr_er,sensitivity,0.00338983050847456,0.007579891449151794
194.0,Mordred,nr_er,sensitivity,0.00338983050847456,0.007579891449151794
195.0,Mordred,nr_er,sensitivity,0.00338983050847456,0.007579891449151794
196.0,Mordred,nr_er,sensitivity,0.00338983050847456,0.007579891449151794
197.0,Mordred,nr_er,sensitivity,0.00338983050847456,0.007579891449151794
198.0,Mordred,nr_er,sensitivity,0.00338983050847456,0.007579891449151794
199.0,Mordred,nr_er,sensitivity,0.00338983050847456,0.007579891449151794
200.0,Mordred,nr_er,sensitivity,0.00338983050847456,0.007579891449151794
1.0,CheMeleon (fine-tuned),nr_er,specificity,0.8893842338444473,0.01636746974556276
2.0,CheMeleon (fine-tuned),nr_er,specificity,0.8893842338444473,0.01636746974556276
3.0,CheMeleon (fine-tuned),nr_er,specificity,0.8979120971408383,0.022553578447560976
4.0,CheMeleon (fine-tuned),nr_er,specificity,0.8977193996731785,0.024783737326050517
5.0,CheMeleon (fine-tuned),nr_er,specificity,0.8985120954015333,0.020946648334861182
6.0,CheMeleon (fine-tuned),nr_er,specificity,0.8969306908117876,0.02351948691643496
7.0,CheMeleon (fine-tuned),nr_er,specificity,0.8993112616725114,0.025704842853308745
8.0,CheMeleon (fine-tuned),nr_er,specificity,0.8987148300118666,0.025125720982937434
9.0,CheMeleon (fine-tuned),nr_er,specificity,0.8979223590733781,0.025680506180688015
10.0,CheMeleon (fine-tuned),nr_er,specificity,0.9004987932767774,0.024664718546665867
11.0,CheMeleon (fine-tuned),nr_er,specificity,0.8983183990655748,0.025061336709947056
12.0,CheMeleon (fine-tuned),nr_er,specificity,0.8991134385122879,0.02571216532451087
13.0,CheMeleon (fine-tuned),nr_er,specificity,0.897532435035813,0.02706135784845313
14.0,CheMeleon (fine-tuned),nr_er,specificity,0.8995065182656925,0.02467398156586833
15.0,CheMeleon (fine-tuned),nr_er,specificity,0.8979272892888941,0.027142555403926325
16.0,CheMeleon (fine-tuned),nr_er,specificity,0.8977286803381167,0.025765193281505207
17.0,CheMeleon (fine-tuned),nr_er,specificity,0.8969389733849,0.02701792259995995
18.0,CheMeleon (fine-tuned),nr_er,specificity,0.8969336416678765,0.025861611209427666
19.0,CheMeleon (fine-tuned),nr_er,specificity,0.8953552074760991,0.029288058378199193
20.0,CheMeleon (fine-tuned),nr_er,specificity,0.8957528249379794,0.029401254401627913
21.0,CheMeleon (fine-tuned),nr_er,specificity,0.8943664896823611,0.029852131333606566
22.0,CheMeleon (fine-tuned),nr_er,specificity,0.8951615291290741,0.030602944367298993
23.0,CheMeleon (fine-tuned),nr_er,specificity,0.8915924281840223,0.032004408495250415
24.0,CheMeleon (fine-tuned),nr_er,specificity,0.8925846926476947,0.03171631841467786
25.0,CheMeleon (fine-tuned),nr_er,specificity,0.8913936147617305,0.032618459925065194
26.0,CheMeleon (fine-tuned),nr_er,specificity,0.8927795575103079,0.03137460511575831
27.0,CheMeleon (fine-tuned),nr_er,specificity,0.8913926244996622,0.03225561374674856
28.0,CheMeleon (fine-tuned),nr_er,specificity,0.891593407898678,0.0326587779244937
29.0,CheMeleon (fine-tuned),nr_er,specificity,0.8902015450607526,0.031585805667138894
30.0,CheMeleon (fine-tuned),nr_er,specificity,0.8904001528468207,0.031963226525283814
31.0,CheMeleon (fine-tuned),nr_er,specificity,0.8882223271438425,0.03441869264146056
32.0,CheMeleon (fine-tuned),nr_er,specificity,0.8900019376299128,0.032409718104615036
33.0,CheMeleon (fine-tuned),nr_er,specificity,0.8894063003660524,0.0328066923076216
34.0,CheMeleon (fine-tuned),nr_er,specificity,0.8900019380181492,0.03311390216884867
35.0,CheMeleon (fine-tuned),nr_er,specificity,0.8876215536400061,0.03310797580795509
36.0,CheMeleon (fine-tuned),nr_er,specificity,0.8902025251636445,0.032881649383269755
37.0,CheMeleon (fine-tuned),nr_er,specificity,0.8874223480989102,0.033301679345767166
38.0,CheMeleon (fine-tuned),nr_er,specificity,0.8880173973786827,0.032808834187048046
39.0,CheMeleon (fine-tuned),nr_er,specificity,0.8878193779649388,0.033638190178438845
40.0,CheMeleon (fine-tuned),nr_er,specificity,0.8882183770312185,0.03333948981788919
41.0,CheMeleon (fine-tuned),nr_er,specificity,0.8854421485261625,0.03364150762048208
42.0,CheMeleon (fine-tuned),nr_er,specificity,0.8874256989035608,0.033641892782913484
43.0,CheMeleon (fine-tuned),nr_er,specificity,0.8882156130459468,0.032833746059350515
44.0,CheMeleon (fine-tuned),nr_er,specificity,0.889012229962343,0.03356157510122765
45.0,CheMeleon (fine-tuned),nr_er,specificity,0.8882154167924264,0.032616808776414784
46.0,CheMeleon (fine-tuned),nr_er,specificity,0.8896108274649956,0.0346447165767827
47.0,CheMeleon (fine-tuned),nr_er,specificity,0.8888146026674034,0.03427861212396619
48.0,CheMeleon (fine-tuned),nr_er,specificity,0.8890141999390669,0.03440027367407363
49.0,CheMeleon (fine-tuned),nr_er,specificity,0.8882235023355458,0.034730389168868656
50.0,CheMeleon (fine-tuned),nr_er,specificity,0.8898092393857799,0.03472729758970514
51.0,CheMeleon (fine-tuned),nr_er,specificity,0.8884223067633708,0.03603960935854371
52.0,CheMeleon (fine-tuned),nr_er,specificity,0.8892137983754399,0.03526077262408991
53.0,CheMeleon (fine-tuned),nr_er,specificity,0.8876250909272374,0.035112531947922763
54.0,CheMeleon (fine-tuned),nr_er,specificity,0.8890143958043508,0.03430627112841105
55.0,CheMeleon (fine-tuned),nr_er,specificity,0.8888134161518149,0.03386882167107601
56.0,CheMeleon (fine-tuned),nr_er,specificity,0.8898047009008316,0.03318294644207088
57.0,CheMeleon (fine-tuned),nr_er,specificity,0.8886155918268821,0.03393227268411297
58.0,CheMeleon (fine-tuned),nr_er,specificity,0.8892110332254587,0.03389432023250774
59.0,CheMeleon (fine-tuned),nr_er,specificity,0.8878219339845688,0.03354469263190334
60.0,CheMeleon (fine-tuned),nr_er,specificity,0.890001142844892,0.032498072718177985
61.0,CheMeleon (fine-tuned),nr_er,specificity,0.8896043088441472,0.03294173504919648
62.0,CheMeleon (fine-tuned),nr_er,specificity,0.8898015451849919,0.03224703431385082
63.0,CheMeleon (fine-tuned),nr_er,specificity,0.8899987709784242,0.03235097978173217
64.0,CheMeleon (fine-tuned),nr_er,specificity,0.8894068875736675,0.03281683423051095
65.0,CheMeleon (fine-tuned),nr_er,specificity,0.8894043198419158,0.03261237420202099
66.0,CheMeleon (fine-tuned),nr_er,specificity,0.8898029271776279,0.03238835028063586
67.0,CheMeleon (fine-tuned),nr_er,specificity,0.8898013497079444,0.03276954868305646
68.0,CheMeleon (fine-tuned),nr_er,specificity,0.890396791106521,0.03252281651493195
69.0,CheMeleon (fine-tuned),nr_er,specificity,0.8892037323081841,0.032855402509735974
70.0,CheMeleon (fine-tuned),nr_er,specificity,0.8898003598341127,0.03268852579419114
71.0,CheMeleon (fine-tuned),nr_er,specificity,0.8878164071787342,0.032805831906900236
72.0,CheMeleon (fine-tuned),nr_er,specificity,0.8878197591480941,0.03421597226120116
73.0,CheMeleon (fine-tuned),nr_er,specificity,0.8888078885695074,0.03280777016098516
74.0,CheMeleon (fine-tuned),nr_er,specificity,0.8886120346095352,0.034198647677054494
75.0,CheMeleon (fine-tuned),nr_er,specificity,0.8882128389014987,0.03341284396090198
76.0,CheMeleon (fine-tuned),nr_er,specificity,0.8872255034886332,0.03434266400190982
77.0,CheMeleon (fine-tuned),nr_er,specificity,0.8888084765535955,0.033704045447108616
78.0,CheMeleon (fine-tuned),nr_er,specificity,0.8886106530051358,0.03464401055315622
79.0,CheMeleon (fine-tuned),nr_er,specificity,0.8880152112183227,0.03419074186230629
80.0,CheMeleon (fine-tuned),nr_er,specificity,0.8874195731779894,0.03358016024623423
81.0,CheMeleon (fine-tuned),nr_er,specificity,0.8880134371068825,0.0334049008766646
82.0,CheMeleon (fine-tuned),nr_er,specificity,0.8874211514241456,0.03416300573415487
83.0,CheMeleon (fine-tuned),nr_er,specificity,0.8878167992975383,0.03386302343171723
84.0,CheMeleon (fine-tuned),nr_er,specificity,0.8880150153530388,0.03399794079217868
85.0,CheMeleon (fine-tuned),nr_er,specificity,0.8876201614881941,0.03433514165865232
86.0,CheMeleon (fine-tuned),nr_er,specificity,0.8872221515192733,0.03310117322441414
87.0,CheMeleon (fine-tuned),nr_er,specificity,0.8870245238360972,0.03387175468292909
88.0,CheMeleon (fine-tuned),nr_er,specificity,0.8872227395033614,0.034018518575893324
89.0,CheMeleon (fine-tuned),nr_er,specificity,0.8870249155666649,0.034257692100334323
90.0,CheMeleon (fine-tuned),nr_er,specificity,0.8868263077805967,0.033561553216801515
91.0,CheMeleon (fine-tuned),nr_er,specificity,0.8870231414552248,0.03309790043562985
92.0,CheMeleon (fine-tuned),nr_er,specificity,0.8872237293771932,0.033538238039723285
93.0,CheMeleon (fine-tuned),nr_er,specificity,0.8874233274253296,0.03410980335546287
94.0,CheMeleon (fine-tuned),nr_er,specificity,0.8888106529430159,0.03420021364533349
95.0,CheMeleon (fine-tuned),nr_er,specificity,0.8892058989266648,0.03455927419671232
96.0,CheMeleon (fine-tuned),nr_er,specificity,0.8890078787364482,0.0342483058746245
97.0,CheMeleon (fine-tuned),nr_er,specificity,0.8886124271165757,0.03525686899449036
98.0,CheMeleon (fine-tuned),nr_er,specificity,0.8882148092664591,0.034583230094489444
99.0,CheMeleon (fine-tuned),nr_er,specificity,0.888610849258656,0.03482729324706665
100.0,CheMeleon (fine-tuned),nr_er,specificity,0.8884130253219595,0.035063763935534016
101.0,CheMeleon (fine-tuned),nr_er,specificity,0.8884112512105196,0.03409716887144613
102.0,CheMeleon (fine-tuned),nr_er,specificity,0.8882116535506196,0.033897453763489155
103.0,CheMeleon (fine-tuned),nr_er,specificity,0.888608879281932,0.03403569957680159
104.0,CheMeleon (fine-tuned),nr_er,specificity,0.8894009588780893,0.033852097276155645
105.0,CheMeleon (fine-tuned),nr_er,specificity,0.8884100654714038,0.03440771348387855
106.0,CheMeleon (fine-tuned),nr_er,specificity,0.8895985865612653,0.033070615697117015
107.0,CheMeleon (fine-tuned),nr_er,specificity,0.8884126332031554,0.03468569953519063
108.0,CheMeleon (fine-tuned),nr_er,specificity,0.8884102711076274,0.03317603006649681
109.0,CheMeleon (fine-tuned),nr_er,specificity,0.8894019487519211,0.03373444146266416
110.0,CheMeleon (fine-tuned),nr_er,specificity,0.8894019487519211,0.03373444146266416
111.0,CheMeleon (fine-tuned),nr_er,specificity,0.8896003610609418,0.03442522071709485
112.0,CheMeleon (fine-tuned),nr_er,specificity,0.8892027432108252,0.03391622270062128
113.0,CheMeleon (fine-tuned),nr_er,specificity,0.889004919274129,0.034134635784941816
114.0,CheMeleon (fine-tuned),nr_er,specificity,0.8888080852112642,0.03424147179578527
115.0,CheMeleon (fine-tuned),nr_er,specificity,0.8903934305309308,0.033947365317713175
116.0,CheMeleon (fine-tuned),nr_er,specificity,0.8899969988081663,0.03372560556797668
117.0,CheMeleon (fine-tuned),nr_er,specificity,0.8894017532748736,0.03380203415064477
118.0,CheMeleon (fine-tuned),nr_er,specificity,0.8905912544676271,0.03392764503290834
119.0,CheMeleon (fine-tuned),nr_er,specificity,0.8899940389576105,0.03308732086012968
120.0,CheMeleon (fine-tuned),nr_er,specificity,0.8901950189983829,0.03409883097173505
121.0,CheMeleon (fine-tuned),nr_er,specificity,0.8897975970135501,0.03372345274139976
122.0,CheMeleon (fine-tuned),nr_er,specificity,0.8905890886256194,0.033085949564225184
123.0,CheMeleon (fine-tuned),nr_er,specificity,0.889797792878834,0.03387452049592687
124.0,CheMeleon (fine-tuned),nr_er,specificity,0.8903926466815589,0.03352249114373293
125.0,CheMeleon (fine-tuned),nr_er,specificity,0.8901946268795788,0.033782451321640525
126.0,CheMeleon (fine-tuned),nr_er,specificity,0.8907871088158361,0.033285646859995986
127.0,CheMeleon (fine-tuned),nr_er,specificity,0.8903908729583554,0.0332267820266322
128.0,CheMeleon (fine-tuned),nr_er,specificity,0.8903894909657193,0.03277694781356452
129.0,CheMeleon (fine-tuned),nr_er,specificity,0.8899938430923268,0.03335409304530783
130.0,CheMeleon (fine-tuned),nr_er,specificity,0.8897944412977106,0.03317527576164732
131.0,CheMeleon (fine-tuned),nr_er,specificity,0.8899942348228944,0.03365890648991736
132.0,CheMeleon (fine-tuned),nr_er,specificity,0.8901926467436787,0.03392953283422577
133.0,CheMeleon (fine-tuned),nr_er,specificity,0.8903916568077271,0.03400320818603763
134.0,CheMeleon (fine-tuned),nr_er,specificity,0.8897966071397183,0.03422288587914529
135.0,CheMeleon (fine-tuned),nr_er,specificity,0.8905894807444235,0.0338099843053202
136.0,CheMeleon (fine-tuned),nr_er,specificity,0.8907863144190517,0.03348345133374123
137.0,CheMeleon (fine-tuned),nr_er,specificity,0.8903898826962872,0.033264422630219524
138.0,CheMeleon (fine-tuned),nr_er,specificity,0.890984138355748,0.033284278619134924
139.0,CheMeleon (fine-tuned),nr_er,specificity,0.8913829419449802,0.033875162597711325
140.0,CheMeleon (fine-tuned),nr_er,specificity,0.8909870982063037,0.034106104495368605
141.0,CheMeleon (fine-tuned),nr_er,specificity,0.8909863143569318,0.03353002243153478
142.0,CheMeleon (fine-tuned),nr_er,specificity,0.8901902846481505,0.03273083057599979
143.0,CheMeleon (fine-tuned),nr_er,specificity,0.8911845300241958,0.03389599852747005
144.0,CheMeleon (fine-tuned),nr_er,specificity,0.8905904702300189,0.03380008378961473
145.0,CheMeleon (fine-tuned),nr_er,specificity,0.8901948223566262,0.03444836093818275
146.0,CheMeleon (fine-tuned),nr_er,specificity,0.8911845296359594,0.03322315932441048
147.0,CheMeleon (fine-tuned),nr_er,specificity,0.8907886862855193,0.03436725317363999
148.0,CheMeleon (fine-tuned),nr_er,specificity,0.8905896758332345,0.033900853902916216
149.0,CheMeleon (fine-tuned),nr_er,specificity,0.8905892841026668,0.03404751284732565
150.0,CheMeleon (fine-tuned),nr_er,specificity,0.8909853240948635,0.03362559986408367
151.0,CheMeleon (fine-tuned),nr_er,specificity,0.8915797760078448,0.034238570443220234
152.0,CheMeleon (fine-tuned),nr_er,specificity,0.8913799820944245,0.033555411694960825
153.0,CheMeleon (fine-tuned),nr_er,specificity,0.891779177802461,0.034413374384655825
154.0,CheMeleon (fine-tuned),nr_er,specificity,0.8911809724186124,0.0336499048485334
155.0,CheMeleon (fine-tuned),nr_er,specificity,0.8915809621351969,0.0345218667896907
156.0,CheMeleon (fine-tuned),nr_er,specificity,0.8919771979926775,0.034815842839588065
157.0,CheMeleon (fine-tuned),nr_er,specificity,0.8913831381985006,0.03497140345742192
158.0,CheMeleon (fine-tuned),nr_er,specificity,0.8915827358584005,0.03506612014600243
159.0,CheMeleon (fine-tuned),nr_er,specificity,0.8925724435259703,0.034785260917377464
160.0,CheMeleon (fine-tuned),nr_er,specificity,0.8921764035337734,0.03466143789755641
161.0,CheMeleon (fine-tuned),nr_er,specificity,0.8917809515256646,0.03524552572667313
162.0,CheMeleon (fine-tuned),nr_er,specificity,0.8919789713276447,0.0352434482792974
163.0,CheMeleon (fine-tuned),nr_er,specificity,0.8921762072802532,0.03434194785187966
164.0,CheMeleon (fine-tuned),nr_er,specificity,0.8915805696281562,0.03386277585366784
165.0,CheMeleon (fine-tuned),nr_er,specificity,0.8921760114149693,0.034442850885459744
166.0,CheMeleon (fine-tuned),nr_er,specificity,0.8917787856836569,0.03445026770826383
167.0,CheMeleon (fine-tuned),nr_er,specificity,0.8923760011936734,0.03530414555261752
168.0,CheMeleon (fine-tuned),nr_er,specificity,0.8919781874782731,0.03462974706728485
169.0,CheMeleon (fine-tuned),nr_er,specificity,0.8921765993990572,0.03512386019364986
170.0,CheMeleon (fine-tuned),nr_er,specificity,0.8929692771384786,0.03456998934600869
171.0,CheMeleon (fine-tuned),nr_er,specificity,0.8925748146159652,0.03470148841706797
172.0,CheMeleon (fine-tuned),nr_er,specificity,0.8927710606947418,0.03413616683285959
173.0,CheMeleon (fine-tuned),nr_er,specificity,0.8925714630348416,0.03407619375671336
174.0,CheMeleon (fine-tuned),nr_er,specificity,0.8933633463774786,0.033294575885386576
175.0,CheMeleon (fine-tuned),nr_er,specificity,0.89316789430725,0.03398617293665797
176.0,CheMeleon (fine-tuned),nr_er,specificity,0.8933627583933907,0.03328965925037934
177.0,CheMeleon (fine-tuned),nr_er,specificity,0.8935639342994468,0.034105142298055814
178.0,CheMeleon (fine-tuned),nr_er,specificity,0.8941576019748197,0.03378316203202156
179.0,CheMeleon (fine-tuned),nr_er,specificity,0.8937619541014271,0.03411161200194421
180.0,CheMeleon (fine-tuned),nr_er,specificity,0.8949498774362608,0.03377573687477729
181.0,CheMeleon (fine-tuned),nr_er,specificity,0.8939601697686911,0.033985985377397825
182.0,CheMeleon (fine-tuned),nr_er,specificity,0.8947520534995645,0.033616810001015726
183.0,CheMeleon (fine-tuned),nr_er,specificity,0.8941579937053875,0.03380997343825058
184.0,CheMeleon (fine-tuned),nr_er,specificity,0.8943562097608879,0.03410065498641073
185.0,CheMeleon (fine-tuned),nr_er,specificity,0.8941579937053875,0.03380997343825058
186.0,CheMeleon (fine-tuned),nr_er,specificity,0.8945520637208603,0.0331308571551814
187.0,CheMeleon (fine-tuned),nr_er,specificity,0.8945538378323004,0.0337568571563127
188.0,CheMeleon (fine-tuned),nr_er,specificity,0.8953445354358216,0.033413388078108265
189.0,CheMeleon (fine-tuned),nr_er,specificity,0.8943546319029683,0.033750654704086495
190.0,CheMeleon (fine-tuned),nr_er,specificity,0.8951469073644092,0.033766497696623474
191.0,CheMeleon (fine-tuned),nr_er,specificity,0.8947520534995645,0.033616810001015726
192.0,CheMeleon (fine-tuned),nr_er,specificity,0.8945514655775962,0.03347623354207607
193.0,CheMeleon (fine-tuned),nr_er,specificity,0.8947516613807605,0.033486627495007734
194.0,CheMeleon (fine-tuned),nr_er,specificity,0.8953445350475853,0.03332434181391582
195.0,CheMeleon (fine-tuned),nr_er,specificity,0.8939585919107713,0.033961084973099645
196.0,CheMeleon (fine-tuned),nr_er,specificity,0.8945530438237524,0.03423316733132977
197.0,CheMeleon (fine-tuned),nr_er,specificity,0.8943564060144082,0.035036300802645456
198.0,CheMeleon (fine-tuned),nr_er,specificity,0.8951498668267286,0.0349079290724723
199.0,CheMeleon (fine-tuned),nr_er,specificity,0.8945573856669441,0.03557214198628525
200.0,CheMeleon (fine-tuned),nr_er,specificity,0.8951504548108165,0.0356075992657035
1.0,Chemprop (default),nr_er,specificity,0.9260256272593818,0.015169791329694949
2.0,Chemprop (default),nr_er,specificity,0.9260256272593818,0.015169791329694949
3.0,Chemprop (default),nr_er,specificity,0.9541969844967628,0.01234126889457014
4.0,Chemprop (default),nr_er,specificity,0.9535993768679418,0.011846712046700285
5.0,Chemprop (default),nr_er,specificity,0.9623237000973269,0.014264463430075884
6.0,Chemprop (default),nr_er,specificity,0.9635165532594403,0.0143645571927715
7.0,Chemprop (default),nr_er,specificity,0.9654971441745193,0.015614904841408398
8.0,Chemprop (default),nr_er,specificity,0.9639108187519607,0.015522464834414985
9.0,Chemprop (default),nr_er,specificity,0.965894566935825,0.0164571346652975
10.0,Chemprop (default),nr_er,specificity,0.9658906262059042,0.015421126164540248
11.0,Chemprop (default),nr_er,specificity,0.9676741785866045,0.01711474391563835
12.0,Chemprop (default),nr_er,specificity,0.9672820883187953,0.01614927647668149
13.0,Chemprop (default),nr_er,specificity,0.9688678257572659,0.015094401802308375
14.0,Chemprop (default),nr_er,specificity,0.9676785208180327,0.016160125115021698
15.0,Chemprop (default),nr_er,specificity,0.9684682285477221,0.015753465378614745
16.0,Chemprop (default),nr_er,specificity,0.9688686096066379,0.01603779877381955
17.0,Chemprop (default),nr_er,specificity,0.9692618856135627,0.015142366115796928
18.0,Chemprop (default),nr_er,specificity,0.9694652371325665,0.016014737864189155
19.0,Chemprop (default),nr_er,specificity,0.970055935186444,0.016977986738438963
20.0,Chemprop (default),nr_er,specificity,0.9694612877964154,0.01717773474147185
21.0,Chemprop (default),nr_er,specificity,0.9706497991153371,0.017787244658909306
22.0,Chemprop (default),nr_er,specificity,0.9700555434558764,0.018285370432173962
23.0,Chemprop (default),nr_er,specificity,0.9716456219610657,0.019092308608637133
24.0,Chemprop (default),nr_er,specificity,0.9712507680962211,0.018480559416421738
25.0,Chemprop (default),nr_er,specificity,0.972045219558846,0.018483416366772913
26.0,Chemprop (default),nr_er,specificity,0.971846013629514,0.017507281942583712
27.0,Chemprop (default),nr_er,specificity,0.9736321423481961,0.019429148278062025
28.0,Chemprop (default),nr_er,specificity,0.9728378867508548,0.019061532927312243
29.0,Chemprop (default),nr_er,specificity,0.974227780000293,0.019845235507102103
30.0,Chemprop (default),nr_er,specificity,0.9740283778174403,0.019427062407913292
31.0,Chemprop (default),nr_er,specificity,0.9742232422918173,0.02002445136480782
32.0,Chemprop (default),nr_er,specificity,0.9738273985531407,0.019821566091606225
33.0,Chemprop (default),nr_er,specificity,0.9742238306641416,0.020851774880915403
34.0,Chemprop (default),nr_er,specificity,0.9742240265294256,0.01930115684746826
35.0,Chemprop (default),nr_er,specificity,0.9746228301186578,0.020451502199881975
36.0,Chemprop (default),nr_er,specificity,0.9740260067274453,0.019695399700496743
37.0,Chemprop (default),nr_er,specificity,0.9740260067274453,0.020855766102779814
38.0,Chemprop (default),nr_er,specificity,0.9732325455268885,0.020898748670272603
39.0,Chemprop (default),nr_er,specificity,0.9746242124995301,0.02073563011261647
40.0,Chemprop (default),nr_er,specificity,0.9740305448241575,0.02116443850632945
41.0,Chemprop (default),nr_er,specificity,0.9748236142941463,0.020757812571544347
42.0,Chemprop (default),nr_er,specificity,0.9748220360479902,0.020269657863840128
43.0,Chemprop (default),nr_er,specificity,0.9760129192333796,0.020290321272692282
44.0,Chemprop (default),nr_er,specificity,0.9754188594392026,0.020493208728899797
45.0,Chemprop (default),nr_er,specificity,0.9762129086238474,0.020367567413470282
46.0,Chemprop (default),nr_er,specificity,0.9762123206397593,0.019893358570581
47.0,Chemprop (default),nr_er,specificity,0.9770055859750324,0.02028863662564832
48.0,Chemprop (default),nr_er,specificity,0.976609546371072,0.019912517137559437
49.0,Chemprop (default),nr_er,specificity,0.9777994392943932,0.019949535829096372
50.0,Chemprop (default),nr_er,specificity,0.977401821832513,0.020082950659229885
51.0,Chemprop (default),nr_er,specificity,0.977402409816601,0.020564734477876382
52.0,Chemprop (default),nr_er,specificity,0.9777992434291093,0.019715095988125653
53.0,Chemprop (default),nr_er,specificity,0.9781942931592379,0.019932028401983444
54.0,Chemprop (default),nr_er,specificity,0.9774024098166011,0.01997225703156969
55.0,Chemprop (default),nr_er,specificity,0.9776006254838651,0.02103825378127763
56.0,Chemprop (default),nr_er,specificity,0.978395272811774,0.020658549176933452
57.0,Chemprop (default),nr_er,specificity,0.9781940972939541,0.020892860838887913
58.0,Chemprop (default),nr_er,specificity,0.9791867640356067,0.020404714269676733
59.0,Chemprop (default),nr_er,specificity,0.97859290049495,0.020010645079021592
60.0,Chemprop (default),nr_er,specificity,0.9787921064242824,0.02041025811574549
61.0,Chemprop (default),nr_er,specificity,0.9795843818857234,0.02001118637013818
62.0,Chemprop (default),nr_er,specificity,0.9791879501629588,0.018751483690411463
63.0,Chemprop (default),nr_er,specificity,0.9799804214896838,0.019222112512490015
64.0,Chemprop (default),nr_er,specificity,0.9797825979412238,0.019603263317497267
65.0,Chemprop (default),nr_er,specificity,0.9801784416799004,0.01915390016989222
66.0,Chemprop (default),nr_er,specificity,0.9799802256244,0.01895284786553699
67.0,Chemprop (default),nr_er,specificity,0.9803764614818806,0.018758546167065213
68.0,Chemprop (default),nr_er,specificity,0.9801784416799004,0.01915390016989222
69.0,Chemprop (default),nr_er,specificity,0.9805756674112128,0.01914842848540151
70.0,Chemprop (default),nr_er,specificity,0.9801782458146164,0.019509205660730018
71.0,Chemprop (default),nr_er,specificity,0.980574089553293,0.01907301458738148
72.0,Chemprop (default),nr_er,specificity,0.9801782458146164,0.019509205660730018
73.0,Chemprop (default),nr_er,specificity,0.9805768535385649,0.019974610697522308
74.0,Chemprop (default),nr_er,specificity,0.9799802260126362,0.019311991280668885
75.0,Chemprop (default),nr_er,specificity,0.9801796278072524,0.019955190712084642
76.0,Chemprop (default),nr_er,specificity,0.9807719134899895,0.019047858067655576
77.0,Chemprop (default),nr_er,specificity,0.9815665608178982,0.018696132299629773
78.0,Chemprop (default),nr_er,specificity,0.9817645806198785,0.018891963768173002
79.0,Chemprop (default),nr_er,specificity,0.9815683345411019,0.01840390146409632
80.0,Chemprop (default),nr_er,specificity,0.981568138675818,0.019377216062528933
81.0,Chemprop (default),nr_er,specificity,0.9817661584777981,0.018968386755541133
82.0,Chemprop (default),nr_er,specificity,0.9817645806198785,0.018891963768173002
83.0,Chemprop (default),nr_er,specificity,0.9809728931425253,0.01976288344359015
84.0,Chemprop (default),nr_er,specificity,0.9819639824144947,0.018940441839575745
85.0,Chemprop (default),nr_er,specificity,0.9819639824144947,0.018940441839575745
86.0,Chemprop (default),nr_er,specificity,0.9821620022164748,0.018529914102068647
87.0,Chemprop (default),nr_er,specificity,0.9817661584777981,0.018968386755541133
88.0,Chemprop (default),nr_er,specificity,0.9825594238130713,0.018176948035889477
89.0,Chemprop (default),nr_er,specificity,0.9823627860037268,0.019068331166361033
90.0,Chemprop (default),nr_er,specificity,0.9821633842091106,0.018999262877693514
91.0,Chemprop (default),nr_er,specificity,0.9825606099404232,0.01904562955903277
92.0,Chemprop (default),nr_er,specificity,0.9823612081458071,0.01897907684387147
93.0,Chemprop (default),nr_er,specificity,0.9823612081458071,0.01897907684387147
94.0,Chemprop (default),nr_er,specificity,0.9825590320825034,0.018969187354622077
95.0,Chemprop (default),nr_er,specificity,0.9829566495443836,0.01821461398164525
96.0,Chemprop (default),nr_er,specificity,0.9827570518844837,0.018551357616165894
97.0,Chemprop (default),nr_er,specificity,0.9829550716864638,0.01813471224835845
98.0,Chemprop (default),nr_er,specificity,0.9831528956231601,0.018129753919879338
99.0,Chemprop (default),nr_er,specificity,0.9833522974177763,0.01818856687290965
100.0,Chemprop (default),nr_er,specificity,0.9833509154251404,0.017711495755613052
101.0,Chemprop (default),nr_er,specificity,0.983947542951069,0.017834954656811012
102.0,Chemprop (default),nr_er,specificity,0.9843449645476653,0.017487899706484903
103.0,Chemprop (default),nr_er,specificity,0.9841469447456852,0.017911434530479543
104.0,Chemprop (default),nr_er,specificity,0.9843449645476653,0.017487899706484903
105.0,Chemprop (default),nr_er,specificity,0.9843435825550294,0.01699086377905873
106.0,Chemprop (default),nr_er,specificity,0.9841455627530491,0.017412394165497048
107.0,Chemprop (default),nr_er,specificity,0.9841455627530491,0.017412394165497048
108.0,Chemprop (default),nr_er,specificity,0.9841455627530491,0.017412394165497048
109.0,Chemprop (default),nr_er,specificity,0.9843435825550294,0.01699086377905873
110.0,Chemprop (default),nr_er,specificity,0.9845414064917257,0.01699415478498375
111.0,Chemprop (default),nr_er,specificity,0.9851356617629502,0.015316741222979937
112.0,Chemprop (default),nr_er,specificity,0.9855342694868986,0.015875615048829856
113.0,Chemprop (default),nr_er,specificity,0.9851370437555861,0.01580431640911379
114.0,Chemprop (default),nr_er,specificity,0.9855342694868986,0.015875615048829856
115.0,Chemprop (default),nr_er,specificity,0.9857322892888789,0.015453357178303585
116.0,Chemprop (default),nr_er,specificity,0.9861310928781111,0.015648650522227983
117.0,Chemprop (default),nr_er,specificity,0.9861297112737116,0.016127277743504677
118.0,Chemprop (default),nr_er,specificity,0.9857322896771153,0.016467139463938973
119.0,Chemprop (default),nr_er,specificity,0.9863277314639284,0.016730395738145505
120.0,Chemprop (default),nr_er,specificity,0.9867233793373209,0.01677777359941335
121.0,Chemprop (default),nr_er,specificity,0.9863277314639284,0.016730395738145505
122.0,Chemprop (default),nr_er,specificity,0.9865269373932606,0.01726686516143411
123.0,Chemprop (default),nr_er,specificity,0.9865269373932606,0.01726686516143411
124.0,Chemprop (default),nr_er,specificity,0.9869225852666531,0.0173353251236844
125.0,Chemprop (default),nr_er,specificity,0.9871219870612695,0.017428492714972092
126.0,Chemprop (default),nr_er,specificity,0.9867247613299568,0.01729547320179026
127.0,Chemprop (default),nr_er,specificity,0.986924163124573,0.01739168969841128
128.0,Chemprop (default),nr_er,specificity,0.9873200068632496,0.016992856098043928
129.0,Chemprop (default),nr_er,specificity,0.9873200068632496,0.016992856098043928
130.0,Chemprop (default),nr_er,specificity,0.9871206050686334,0.01690020742347703
131.0,Chemprop (default),nr_er,specificity,0.9875180266652299,0.016557598764361477
132.0,Chemprop (default),nr_er,specificity,0.9879140662691903,0.01568834819368777
133.0,Chemprop (default),nr_er,specificity,0.9881120860711704,0.015254426989514581
134.0,Chemprop (default),nr_er,specificity,0.9881120860711704,0.015254426989514581
135.0,Chemprop (default),nr_er,specificity,0.9879140662691903,0.01568834819368777
136.0,Chemprop (default),nr_er,specificity,0.9879140662691903,0.01568834819368777
137.0,Chemprop (default),nr_er,specificity,0.9883099100078667,0.015293158941765339
138.0,Chemprop (default),nr_er,specificity,0.9881120860711704,0.015254426989514581
139.0,Chemprop (default),nr_er,specificity,0.9885079298098469,0.01485759637114883
140.0,Chemprop (default),nr_er,specificity,0.9885077339445631,0.015344550210321047
141.0,Chemprop (default),nr_er,specificity,0.9885077339445631,0.015344550210321047
142.0,Chemprop (default),nr_er,specificity,0.9887055578812595,0.015408474129365654
143.0,Chemprop (default),nr_er,specificity,0.9885077339445631,0.015344550210321047
144.0,Chemprop (default),nr_er,specificity,0.9885089200719153,0.01637982674183193
145.0,Chemprop (default),nr_er,specificity,0.9891027836125719,0.015573269103927501
146.0,Chemprop (default),nr_er,specificity,0.9889049596758757,0.01550058482012094
147.0,Chemprop (default),nr_er,specificity,0.9889049596758757,0.01550058482012094
148.0,Chemprop (default),nr_er,specificity,0.9887069398738954,0.01594011818397896
149.0,Chemprop (default),nr_er,specificity,0.9887069398738954,0.01594011818397896
150.0,Chemprop (default),nr_er,specificity,0.9887069398738954,0.01594011818397896
151.0,Chemprop (default),nr_er,specificity,0.9889047638105918,0.016013865279148717
152.0,Chemprop (default),nr_er,specificity,0.9889047638105918,0.016013865279148717
153.0,Chemprop (default),nr_er,specificity,0.9891027836125719,0.015573269103927501
154.0,Chemprop (default),nr_er,specificity,0.9893021854071881,0.01567395163928831
155.0,Chemprop (default),nr_er,specificity,0.9894988232165323,0.014692471699883245
156.0,Chemprop (default),nr_er,specificity,0.9896982250111485,0.014792476011129917
157.0,Chemprop (default),nr_er,specificity,0.9894988232165323,0.014692471699883245
158.0,Chemprop (default),nr_er,specificity,0.9894988232165323,0.015265120553617903
159.0,Chemprop (default),nr_er,specificity,0.9896968430185125,0.01482541541258437
160.0,Chemprop (default),nr_er,specificity,0.9896968430185125,0.01482541541258437
161.0,Chemprop (default),nr_er,specificity,0.9896968430185125,0.01482541541258437
162.0,Chemprop (default),nr_er,specificity,0.9896968430185125,0.01482541541258437
163.0,Chemprop (default),nr_er,specificity,0.9898962448131285,0.014921221474261656
164.0,Chemprop (default),nr_er,specificity,0.9898948628204927,0.01438589924942675
165.0,Chemprop (default),nr_er,specificity,0.9898962448131285,0.014921221474261656
166.0,Chemprop (default),nr_er,specificity,0.990293666409725,0.014589520098644186
167.0,Chemprop (default),nr_er,specificity,0.9900956466077447,0.015029649668877905
168.0,Chemprop (default),nr_er,specificity,0.9904916862117051,0.014149556271065629
169.0,Chemprop (default),nr_er,specificity,0.9900942646151089,0.014481204769742715
170.0,Chemprop (default),nr_er,specificity,0.9908877258156655,0.013270191778793329
171.0,Chemprop (default),nr_er,specificity,0.9910853538870781,0.01385927277302383
172.0,Chemprop (default),nr_er,specificity,0.9910857456176458,0.012830829710683035
173.0,Chemprop (default),nr_er,specificity,0.9910855497523618,0.013336609502769253
174.0,Chemprop (default),nr_er,specificity,0.9916796091583026,0.012014337851860162
175.0,Chemprop (default),nr_er,specificity,0.9914813934910385,0.012975361083484006
176.0,Chemprop (default),nr_er,specificity,0.9916794132930186,0.012533493112508346
177.0,Chemprop (default),nr_er,specificity,0.9912833736890583,0.013417289566527832
178.0,Chemprop (default),nr_er,specificity,0.9916794132930186,0.012533493112508346
179.0,Chemprop (default),nr_er,specificity,0.9916794132930186,0.012533493112508346
180.0,Chemprop (default),nr_er,specificity,0.9918774330949989,0.012091692287498656
181.0,Chemprop (default),nr_er,specificity,0.9916805994203706,0.01362086395708603
182.0,Chemprop (default),nr_er,specificity,0.9916807952856546,0.013088709785553942
183.0,Chemprop (default),nr_er,specificity,0.9918786192223509,0.013742714915050467
184.0,Chemprop (default),nr_er,specificity,0.9924726786282916,0.012416261445383058
185.0,Chemprop (default),nr_er,specificity,0.9922746588263113,0.012858368928928198
186.0,Chemprop (default),nr_er,specificity,0.9926706984302717,0.01197420408492999
187.0,Chemprop (default),nr_er,specificity,0.9924726786282916,0.012416261445383058
188.0,Chemprop (default),nr_er,specificity,0.9926706984302717,0.01197420408492999
189.0,Chemprop (default),nr_er,specificity,0.992868522366968,0.012072053537788171
190.0,Chemprop (default),nr_er,specificity,0.992868522366968,0.012072053537788171
191.0,Chemprop (default),nr_er,specificity,0.992868522366968,0.012072053537788171
192.0,Chemprop (default),nr_er,specificity,0.9930665421689483,0.012205360391082257
193.0,Chemprop (default),nr_er,specificity,0.9928685223669682,0.012647085408726461
194.0,Chemprop (default),nr_er,specificity,0.9932645619709284,0.011763715129011556
195.0,Chemprop (default),nr_er,specificity,0.9932643661056446,0.01174278506971585
196.0,Chemprop (default),nr_er,specificity,0.9932643661056446,0.01174278506971585
197.0,Chemprop (default),nr_er,specificity,0.9934623859076248,0.011300415387792428
198.0,Chemprop (default),nr_er,specificity,0.9932643661056446,0.01174278506971585
199.0,Chemprop (default),nr_er,specificity,0.9932643661056446,0.01174278506971585
200.0,Chemprop (default),nr_er,specificity,0.9934623859076248,0.01187153674145212
1.0,Chemprop (large),nr_er,specificity,0.9412997992080605,0.01612956086945921
2.0,Chemprop (large),nr_er,specificity,0.9412997992080605,0.01612956086945921
3.0,Chemprop (large),nr_er,specificity,0.9428879175074657,0.012406857784579535
4.0,Chemprop (large),nr_er,specificity,0.9428885058797902,0.013878159789236228
5.0,Chemprop (large),nr_er,specificity,0.9426912804745944,0.015103282409754814
6.0,Chemprop (large),nr_er,specificity,0.9428851546869031,0.014419084792701658
7.0,Chemprop (large),nr_er,specificity,0.9420940649645779,0.01443925601554123
8.0,Chemprop (large),nr_er,specificity,0.9444744493427208,0.014026951056123284
9.0,Chemprop (large),nr_er,specificity,0.9456613828037227,0.013426977852556796
10.0,Chemprop (large),nr_er,specificity,0.9452639612071266,0.014126538813993091
11.0,Chemprop (large),nr_er,specificity,0.9452649510809582,0.013278360480307718
12.0,Chemprop (large),nr_er,specificity,0.9454629708829385,0.013290949317750086
13.0,Chemprop (large),nr_er,specificity,0.9468512858862201,0.01251947374424423
14.0,Chemprop (large),nr_er,specificity,0.9466505024872045,0.013799141141370597
15.0,Chemprop (large),nr_er,specificity,0.947640013901254,0.013191726931509832
16.0,Chemprop (large),nr_er,specificity,0.9476404064082946,0.014467255649709418
17.0,Chemprop (large),nr_er,specificity,0.947640014677727,0.014968157856074247
18.0,Chemprop (large),nr_er,specificity,0.9478378382261867,0.014303281228944765
19.0,Chemprop (large),nr_er,specificity,0.9478394160841066,0.013787966868323467
20.0,Chemprop (large),nr_er,specificity,0.9476402105430107,0.014586052181615827
21.0,Chemprop (large),nr_er,specificity,0.9482344662024715,0.014438142311450892
22.0,Chemprop (large),nr_er,specificity,0.9482344662024715,0.014438142311450892
23.0,Chemprop (large),nr_er,specificity,0.9488301038545683,0.014605916255451523
24.0,Chemprop (large),nr_er,specificity,0.9488287218619325,0.014530226409914294
25.0,Chemprop (large),nr_er,specificity,0.949626329040397,0.013895520064263573
26.0,Chemprop (large),nr_er,specificity,0.9494269272457808,0.01426083750902494
27.0,Chemprop (large),nr_er,specificity,0.9492285149367602,0.01323286955484698
28.0,Chemprop (large),nr_er,specificity,0.9488324753327998,0.013795789780351888
29.0,Chemprop (large),nr_er,specificity,0.9494261430081726,0.013701645138451922
30.0,Chemprop (large),nr_er,specificity,0.9490289172768602,0.014017735552439453
31.0,Chemprop (large),nr_er,specificity,0.9500229663993853,0.013133947635379749
32.0,Chemprop (large),nr_er,specificity,0.9500231626529054,0.01405322038182352
33.0,Chemprop (large),nr_er,specificity,0.9502192124781615,0.013760978765935346
34.0,Chemprop (large),nr_er,specificity,0.9506184081861981,0.014011744597306202
35.0,Chemprop (large),nr_er,specificity,0.9502207907243179,0.014311578436924098
36.0,Chemprop (large),nr_er,specificity,0.9498267210970814,0.014692259055966383
37.0,Chemprop (large),nr_er,specificity,0.9504203883842178,0.013774035072492682
38.0,Chemprop (large),nr_er,specificity,0.9504207805030221,0.014037559008317145
39.0,Chemprop (large),nr_er,specificity,0.9508180062343345,0.014026349336290492
40.0,Chemprop (large),nr_er,specificity,0.9500247405108253,0.01358360407076681
41.0,Chemprop (large),nr_er,specificity,0.9508166242416987,0.013840446273682014
42.0,Chemprop (large),nr_er,specificity,0.9504209763683059,0.013665289426635197
43.0,Chemprop (large),nr_er,specificity,0.9510179960130388,0.013842879811974691
44.0,Chemprop (large),nr_er,specificity,0.9504209763683059,0.013665289426635197
45.0,Chemprop (large),nr_er,specificity,0.9512158199497351,0.013911983933594683
46.0,Chemprop (large),nr_er,specificity,0.9502241423054414,0.01348307246193935
47.0,Chemprop (large),nr_er,specificity,0.9512158199497351,0.013911983933594683
48.0,Chemprop (large),nr_er,specificity,0.9508182020996184,0.013635841540749408
49.0,Chemprop (large),nr_er,specificity,0.9514152217443513,0.013828322706656517
50.0,Chemprop (large),nr_er,specificity,0.950621760155558,0.013765891447536172
51.0,Chemprop (large),nr_er,specificity,0.951217397807655,0.01376238168049413
52.0,Chemprop (large),nr_er,specificity,0.9510193780056747,0.014064109473919542
53.0,Chemprop (large),nr_er,specificity,0.9514166037369872,0.014067409275472951
54.0,Chemprop (large),nr_er,specificity,0.9510174080289507,0.013932658974159415
55.0,Chemprop (large),nr_er,specificity,0.95220986907226,0.013468111784241867
56.0,Chemprop (large),nr_er,specificity,0.9516142314201632,0.013471464696759246
57.0,Chemprop (large),nr_er,specificity,0.9522084870796241,0.013236561619580032
58.0,Chemprop (large),nr_er,specificity,0.9518126433409476,0.013457294594031917
59.0,Chemprop (large),nr_er,specificity,0.9528051146055528,0.013193607761003324
60.0,Chemprop (large),nr_er,specificity,0.9524076930089563,0.013553483526730739
61.0,Chemprop (large),nr_er,specificity,0.9526057128109366,0.013251184902826067
62.0,Chemprop (large),nr_er,specificity,0.9524092708668762,0.013418820713268944
63.0,Chemprop (large),nr_er,specificity,0.9526072906688565,0.01311338834308652
64.0,Chemprop (large),nr_er,specificity,0.9524092708668762,0.013418820713268944
65.0,Chemprop (large),nr_er,specificity,0.9530047122654528,0.012772007449796743
66.0,Chemprop (large),nr_er,specificity,0.953204114060069,0.012953312737131108
67.0,Chemprop (large),nr_er,specificity,0.9530060942580887,0.013273566343999033
68.0,Chemprop (large),nr_er,specificity,0.9536031139028214,0.013625625477411746
69.0,Chemprop (large),nr_er,specificity,0.9532043103135892,0.013635249042583902
70.0,Chemprop (large),nr_er,specificity,0.9534023301155694,0.013557085283779132
71.0,Chemprop (large),nr_er,specificity,0.9532056923062251,0.0137188310330948
72.0,Chemprop (large),nr_er,specificity,0.953006290511609,0.013957417893572351
73.0,Chemprop (large),nr_er,specificity,0.9534037121082054,0.013405530999444323
74.0,Chemprop (large),nr_er,specificity,0.9536015360449017,0.013685996183220065
75.0,Chemprop (large),nr_er,specificity,0.95420131928667,0.013720285351406247
76.0,Chemprop (large),nr_er,specificity,0.9540003396341341,0.013698252954244474
77.0,Chemprop (large),nr_er,specificity,0.9538009378395179,0.01368486417120426
78.0,Chemprop (large),nr_er,specificity,0.9540003396341341,0.013698252954244474
79.0,Chemprop (large),nr_er,specificity,0.9540003396341341,0.013698252954244474
80.0,Chemprop (large),nr_er,specificity,0.9540003396341341,0.013698252954244474
81.0,Chemprop (large),nr_er,specificity,0.9541997414287501,0.013726120040622772
82.0,Chemprop (large),nr_er,specificity,0.9541997414287501,0.013726120040622772
83.0,Chemprop (large),nr_er,specificity,0.9541997414287501,0.013726120040622772
84.0,Chemprop (large),nr_er,specificity,0.9541997414287501,0.013726120040622772
85.0,Chemprop (large),nr_er,specificity,0.9545969671600627,0.013830457402798377
86.0,Chemprop (large),nr_er,specificity,0.9545985450179824,0.013824893431151937
87.0,Chemprop (large),nr_er,specificity,0.9543991432233663,0.013768377518708087
88.0,Chemprop (large),nr_er,specificity,0.9547979468125986,0.01389549380283806
89.0,Chemprop (large),nr_er,specificity,0.9547979468125986,0.01389549380283806
90.0,Chemprop (large),nr_er,specificity,0.9547979468125986,0.01389549380283806
91.0,Chemprop (large),nr_er,specificity,0.9547963689546787,0.013883169477308627
92.0,Chemprop (large),nr_er,specificity,0.9551937905512752,0.01360943082105502
93.0,Chemprop (large),nr_er,specificity,0.9551939868047954,0.01427720059101685
94.0,Chemprop (large),nr_er,specificity,0.9553920066067757,0.013941165265908592
95.0,Chemprop (large),nr_er,specificity,0.9551926048121595,0.01388146825094679
96.0,Chemprop (large),nr_er,specificity,0.9553920066067757,0.013941165265908592
97.0,Chemprop (large),nr_er,specificity,0.9553918103532553,0.013274957051088526
98.0,Chemprop (large),nr_er,specificity,0.955193986416559,0.01322513704122286
99.0,Chemprop (large),nr_er,specificity,0.9553918103532553,0.013274957051088526
100.0,Chemprop (large),nr_er,specificity,0.955193986416559,0.01322513704122286
101.0,Chemprop (large),nr_er,specificity,0.9553918103532553,0.013274957051088526
102.0,Chemprop (large),nr_er,specificity,0.9553918103532553,0.013274957051088526
103.0,Chemprop (large),nr_er,specificity,0.955787654091932,0.013214755171451181
104.0,Chemprop (large),nr_er,specificity,0.955787654091932,0.013214755171451181
105.0,Chemprop (large),nr_er,specificity,0.9557858803687281,0.01345986888898917
106.0,Chemprop (large),nr_er,specificity,0.9553902324953356,0.013280574267480333
107.0,Chemprop (large),nr_er,specificity,0.9557860762340121,0.013238944925645773
108.0,Chemprop (large),nr_er,specificity,0.9553902324953356,0.013280574267480333
109.0,Chemprop (large),nr_er,specificity,0.9555882522973158,0.013159257506352785
110.0,Chemprop (large),nr_er,specificity,0.9555884481625997,0.01298985191979325
111.0,Chemprop (large),nr_er,specificity,0.9557846942413761,0.013095323527134608
112.0,Chemprop (large),nr_er,specificity,0.9561834978306084,0.013176593642127421
113.0,Chemprop (large),nr_er,specificity,0.9557844983760923,0.013300216439720304
114.0,Chemprop (large),nr_er,specificity,0.9559854780286283,0.013290400398302052
115.0,Chemprop (large),nr_er,specificity,0.9559854780286283,0.013290400398302052
116.0,Chemprop (large),nr_er,specificity,0.9559856738939121,0.012877646828883317
117.0,Chemprop (large),nr_er,specificity,0.9561836940841287,0.013615502617351529
118.0,Chemprop (large),nr_er,specificity,0.9561850756885283,0.012945902091766047
119.0,Chemprop (large),nr_er,specificity,0.9557878503454523,0.013883845443183577
120.0,Chemprop (large),nr_er,specificity,0.9565797336880891,0.013159848275210363
121.0,Chemprop (large),nr_er,specificity,0.956381713886109,0.013500802273402978
122.0,Chemprop (large),nr_er,specificity,0.9571767533328218,0.013610962816594793
123.0,Chemprop (large),nr_er,specificity,0.9567777538783057,0.013907405928100337
124.0,Chemprop (large),nr_er,specificity,0.9571735976169823,0.013657436614034648
125.0,Chemprop (large),nr_er,specificity,0.9567775580130219,0.014341749829504015
126.0,Chemprop (large),nr_er,specificity,0.956975577815002,0.013996771853157649
127.0,Chemprop (large),nr_er,specificity,0.9567763722739062,0.014633908454513027
128.0,Chemprop (large),nr_er,specificity,0.956975577815002,0.013996771853157649
129.0,Chemprop (large),nr_er,specificity,0.9569743920758864,0.01429600286065648
130.0,Chemprop (large),nr_er,specificity,0.9571737938705025,0.014323002374369781
131.0,Chemprop (large),nr_er,specificity,0.9569757740685224,0.014663651988474188
132.0,Chemprop (large),nr_er,specificity,0.9575714117206191,0.014691887766993568
133.0,Chemprop (large),nr_er,specificity,0.9571739901240228,0.014991747301521335
134.0,Chemprop (large),nr_er,specificity,0.957373391918639,0.01503072517547564
135.0,Chemprop (large),nr_er,specificity,0.9571751758631384,0.014706859398935566
136.0,Chemprop (large),nr_er,specificity,0.9575727937132552,0.015082788939902452
137.0,Chemprop (large),nr_er,specificity,0.9569769598076381,0.014389357994922013
138.0,Chemprop (large),nr_er,specificity,0.9575714117206191,0.014691887766993568
139.0,Chemprop (large),nr_er,specificity,0.957373391918639,0.01503072517547564
140.0,Chemprop (large),nr_er,specificity,0.9577694315225994,0.014358709950234194
141.0,Chemprop (large),nr_er,specificity,0.9575714117206191,0.014691887766993568
142.0,Chemprop (large),nr_er,specificity,0.9577708135152353,0.014741800273480536
143.0,Chemprop (large),nr_er,specificity,0.9577708135152353,0.014741800273480536
144.0,Chemprop (large),nr_er,specificity,0.9579702153098515,0.014804978730326098
145.0,Chemprop (large),nr_er,specificity,0.9581680392465479,0.014885580714337364
146.0,Chemprop (large),nr_er,specificity,0.9579702153098515,0.014804978730326098
147.0,Chemprop (large),nr_er,specificity,0.9581696171044676,0.014881254176465995
148.0,Chemprop (large),nr_er,specificity,0.9583676369064479,0.014542234005216424
149.0,Chemprop (large),nr_er,specificity,0.9581692249856635,0.014649499413349526
150.0,Chemprop (large),nr_er,specificity,0.9583674410411639,0.014958149208449642
151.0,Chemprop (large),nr_er,specificity,0.9583674410411639,0.014958149208449642
152.0,Chemprop (large),nr_er,specificity,0.9585656570966645,0.01527342523697095
153.0,Chemprop (large),nr_er,specificity,0.958961500835341,0.015019859709702288
154.0,Chemprop (large),nr_er,specificity,0.9587636768986447,0.014936743388876616
155.0,Chemprop (large),nr_er,specificity,0.958961500835341,0.015019859709702288
156.0,Chemprop (large),nr_er,specificity,0.9587634810333607,0.015357907857037636
157.0,Chemprop (large),nr_er,specificity,0.9585656570966645,0.01527342523697095
158.0,Chemprop (large),nr_er,specificity,0.9587634810333607,0.015357907857037636
159.0,Chemprop (large),nr_er,specificity,0.9587634810333607,0.015357907857037636
160.0,Chemprop (large),nr_er,specificity,0.9589616967006249,0.014805707763466179
161.0,Chemprop (large),nr_er,specificity,0.9587636768986447,0.014936743388876616
162.0,Chemprop (large),nr_er,specificity,0.9593575404393014,0.014764748472597457
163.0,Chemprop (large),nr_er,specificity,0.9591595206373214,0.01488626656919802
164.0,Chemprop (large),nr_er,specificity,0.9595555602412815,0.014419594606743634
165.0,Chemprop (large),nr_er,specificity,0.9591595206373214,0.01488626656919802
166.0,Chemprop (large),nr_er,specificity,0.9593575404393014,0.014547366536178427
167.0,Chemprop (large),nr_er,specificity,0.959952981837878,0.014146238616359896
168.0,Chemprop (large),nr_er,specificity,0.959952981837878,0.014146238616359896
169.0,Chemprop (large),nr_er,specificity,0.9601510016398581,0.014021778686422398
170.0,Chemprop (large),nr_er,specificity,0.9601510016398581,0.014264373448450416
171.0,Chemprop (large),nr_er,specificity,0.9605484232364546,0.013984602908662313
172.0,Chemprop (large),nr_er,specificity,0.9603504034344743,0.014098989442967086
173.0,Chemprop (large),nr_er,specificity,0.9603504034344743,0.014098989442967086
174.0,Chemprop (large),nr_er,specificity,0.9601510016398581,0.014021778686422398
175.0,Chemprop (large),nr_er,specificity,0.9605484232364546,0.013984602908662313
176.0,Chemprop (large),nr_er,specificity,0.9605498052290905,0.014189797033493682
177.0,Chemprop (large),nr_er,specificity,0.9607478250310706,0.014072641588987628
178.0,Chemprop (large),nr_er,specificity,0.9605498052290905,0.014189797033493682
179.0,Chemprop (large),nr_er,specificity,0.9609472268256868,0.014174165754223561
180.0,Chemprop (large),nr_er,specificity,0.9607478250310706,0.014072641588987628
181.0,Chemprop (large),nr_er,specificity,0.9609458448330509,0.013720721147460677
182.0,Chemprop (large),nr_er,specificity,0.9607478250310706,0.014072641588987628
183.0,Chemprop (large),nr_er,specificity,0.9609458448330509,0.013720721147460677
184.0,Chemprop (large),nr_er,specificity,0.9605498052290905,0.014189797033493682
185.0,Chemprop (large),nr_er,specificity,0.9609458448330509,0.013720721147460677
186.0,Chemprop (large),nr_er,specificity,0.9607492070237067,0.014293942323500428
187.0,Chemprop (large),nr_er,specificity,0.9613432664296473,0.01370808101370254
188.0,Chemprop (large),nr_er,specificity,0.9613432664296473,0.01370808101370254
189.0,Chemprop (large),nr_er,specificity,0.9613432664296473,0.01370808101370254
190.0,Chemprop (large),nr_er,specificity,0.9613430705643633,0.013886268085507966
191.0,Chemprop (large),nr_er,specificity,0.9613430705643633,0.013886268085507966
192.0,Chemprop (large),nr_er,specificity,0.9615412866198639,0.014190712042076016
193.0,Chemprop (large),nr_er,specificity,0.9615412866198639,0.014190712042076016
194.0,Chemprop (large),nr_er,specificity,0.9615412866198639,0.014190712042076016
195.0,Chemprop (large),nr_er,specificity,0.961739306421844,0.014073539901336578
196.0,Chemprop (large),nr_er,specificity,0.961739306421844,0.014073539901336578
197.0,Chemprop (large),nr_er,specificity,0.9619375224773445,0.014384267849267466
198.0,Chemprop (large),nr_er,specificity,0.9617395026753643,0.01473699913727615
199.0,Chemprop (large),nr_er,specificity,0.9621353464140409,0.014702311578291062
200.0,Chemprop (large),nr_er,specificity,0.9619373266120606,0.014804582399687403
1.0,Morgan,nr_er,specificity,0.9187275106593613,0.019977835096678543
2.0,Morgan,nr_er,specificity,0.9121916593545407,0.022725916990771505
3.0,Morgan,nr_er,specificity,0.9569917426894576,0.014149509127440564
4.0,Morgan,nr_er,specificity,0.9571927235067029,0.014968779233464525
5.0,Morgan,nr_er,specificity,0.9661126923421817,0.01710551185230691
6.0,Morgan,nr_er,specificity,0.9663136716064813,0.017632342739876128
7.0,Morgan,nr_er,specificity,0.9676948811695357,0.016384876633242704
8.0,Morgan,nr_er,specificity,0.9678966544423833,0.016781242552367095
9.0,Morgan,nr_er,specificity,0.9706701197386403,0.014315766046949889
10.0,Morgan,nr_er,specificity,0.971464570813029,0.014432726990388705
11.0,Morgan,nr_er,specificity,0.9746330854511781,0.013184794536230168
12.0,Morgan,nr_er,specificity,0.9756275266925073,0.014323463881979618
13.0,Morgan,nr_er,specificity,0.9776077352597218,0.013136744183475445
14.0,Morgan,nr_er,specificity,0.9780065384607177,0.013590534964708608
15.0,Morgan,nr_er,specificity,0.9797881302473972,0.012053360421220509
16.0,Morgan,nr_er,specificity,0.9799879237725809,0.012986895005717727
17.0,Morgan,nr_er,specificity,0.9811758471074148,0.011110638477015775
18.0,Morgan,nr_er,specificity,0.9821667307431605,0.011605890599802224
19.0,Morgan,nr_er,specificity,0.9821679164822761,0.011435615345608026
20.0,Morgan,nr_er,specificity,0.9817724644741673,0.012856332936842258
21.0,Morgan,nr_er,specificity,0.9849425675176489,0.010134477651995762
22.0,Morgan,nr_er,specificity,0.9847455274303243,0.011515249103646662
23.0,Morgan,nr_er,specificity,0.9863302843776666,0.009964607277310843
24.0,Morgan,nr_er,specificity,0.9857372144573212,0.010236772021021886
25.0,Morgan,nr_er,specificity,0.9875213638165764,0.009946626942877842
26.0,Morgan,nr_er,specificity,0.9873247260072322,0.010257704691212293
27.0,Morgan,nr_er,specificity,0.9893047293264596,0.008655230869641551
28.0,Morgan,nr_er,specificity,0.9891072975085674,0.009557156033120238
29.0,Morgan,nr_er,specificity,0.9904932410336178,0.008461718571405286
30.0,Morgan,nr_er,specificity,0.989503533366048,0.009623619145915563
31.0,Morgan,nr_er,specificity,0.9904932410336178,0.008461718571405286
32.0,Morgan,nr_er,specificity,0.9904946226380172,0.008912544903723726
33.0,Morgan,nr_er,specificity,0.9916829380916553,0.008747110896786042
34.0,Morgan,nr_er,specificity,0.9914847220361548,0.008634317534397792
35.0,Morgan,nr_er,specificity,0.9914845261708708,0.00816870101435013
36.0,Morgan,nr_er,specificity,0.9914845261708708,0.00816870101435013
37.0,Morgan,nr_er,specificity,0.9916829380916553,0.008747110896786042
38.0,Morgan,nr_er,specificity,0.9920787818303317,0.008446034825997362
39.0,Morgan,nr_er,specificity,0.9928706655612052,0.007733344111391364
40.0,Morgan,nr_er,specificity,0.9926740273636243,0.008200320823983608
41.0,Morgan,nr_er,specificity,0.9930688816167056,0.007877853157479232
42.0,Morgan,nr_er,specificity,0.9928708618147255,0.007859152053784478
43.0,Morgan,nr_er,specificity,0.9934651174741862,0.008080700258573874
44.0,Morgan,nr_er,specificity,0.9936645192688024,0.008201411461871885
45.0,Morgan,nr_er,specificity,0.9944565988649596,0.008051677698459533
46.0,Morgan,nr_er,specificity,0.9942585790629795,0.007984469866949121
47.0,Morgan,nr_er,specificity,0.994654422801656,0.007614666861725717
48.0,Morgan,nr_er,specificity,0.9944564029996759,0.007550054923862514
49.0,Morgan,nr_er,specificity,0.9946528449437363,0.0070820044015734735
50.0,Morgan,nr_er,specificity,0.9944560108808718,0.006942164334511971
51.0,Morgan,nr_er,specificity,0.9946524528249322,0.0064679574893092414
52.0,Morgan,nr_er,specificity,0.9946540306828519,0.007012393444988172
53.0,Morgan,nr_er,specificity,0.9946542269363722,0.007116617367103668
54.0,Morgan,nr_er,specificity,0.9948522467383525,0.007178309840732416
55.0,Morgan,nr_er,specificity,0.994654422801656,0.007614666861725717
56.0,Morgan,nr_er,specificity,0.994654422801656,0.007614666861725717
57.0,Morgan,nr_er,specificity,0.99445502100704,0.007517392464772991
58.0,Morgan,nr_er,specificity,0.9946530408090201,0.00761458099376604
59.0,Morgan,nr_er,specificity,0.9946530408090201,0.00761458099376604
60.0,Morgan,nr_er,specificity,0.9946530408090201,0.00761458099376604
61.0,Morgan,nr_er,specificity,0.9948508647457164,0.007178266360561866
62.0,Morgan,nr_er,specificity,0.9948508647457164,0.007178266360561866
63.0,Morgan,nr_er,specificity,0.9950486886824128,0.006742737965769248
64.0,Morgan,nr_er,specificity,0.9950486886824128,0.006742737965769248
65.0,Morgan,nr_er,specificity,0.9952465126191091,0.006308158662096208
66.0,Morgan,nr_er,specificity,0.9950488845476967,0.007266512226474339
67.0,Morgan,nr_er,specificity,0.9952465126191091,0.006308158662096208
68.0,Morgan,nr_er,specificity,0.9950486886824128,0.006742737965769248
69.0,Morgan,nr_er,specificity,0.9952465126191091,0.006308158662096208
70.0,Morgan,nr_er,specificity,0.9952465126191091,0.006308158662096208
71.0,Morgan,nr_er,specificity,0.9952465126191091,0.006308158662096208
72.0,Morgan,nr_er,specificity,0.9954445324210892,0.0063930972475513504
73.0,Morgan,nr_er,specificity,0.9956425522230695,0.006507122063315009
74.0,Morgan,nr_er,specificity,0.9956439342157054,0.0064691868486619055
75.0,Morgan,nr_er,specificity,0.9960399738196658,0.006670593048522914
76.0,Morgan,nr_er,specificity,0.9956439342157054,0.0064691868486619055
77.0,Morgan,nr_er,specificity,0.9956425522230695,0.006507122063315009
78.0,Morgan,nr_er,specificity,0.9958417581524017,0.006031046613270106
79.0,Morgan,nr_er,specificity,0.9958419540176857,0.0065743904548955364
80.0,Morgan,nr_er,specificity,0.996039777954382,0.0061357821001099214
81.0,Morgan,nr_er,specificity,0.9964356216930585,0.005791607176566735
82.0,Morgan,nr_er,specificity,0.996039777954382,0.0061357821001099214
83.0,Morgan,nr_er,specificity,0.9966334456297549,0.005352819758868965
84.0,Morgan,nr_er,specificity,0.9968312695664512,0.004914670706519202
85.0,Morgan,nr_er,specificity,0.996631867771835,0.004875160929306965
86.0,Morgan,nr_er,specificity,0.996631867771835,0.004875160929306965
87.0,Morgan,nr_er,specificity,0.996631867771835,0.004875160929306965
88.0,Morgan,nr_er,specificity,0.996631867771835,0.004875160929306965
89.0,Morgan,nr_er,specificity,0.996631867771835,0.004875160929306965
90.0,Morgan,nr_er,specificity,0.996631867771835,0.004875160929306965
91.0,Morgan,nr_er,specificity,0.9968312695664512,0.004914670706519202
92.0,Morgan,nr_er,specificity,0.9970306713610674,0.004993835497626676
93.0,Morgan,nr_er,specificity,0.9970306713610674,0.004993835497626676
94.0,Morgan,nr_er,specificity,0.9970306713610674,0.004993835497626676
95.0,Morgan,nr_er,specificity,0.9970306713610674,0.004993835497626676
96.0,Morgan,nr_er,specificity,0.9970306713610674,0.004993835497626676
97.0,Morgan,nr_er,specificity,0.9970306713610674,0.004993835497626676
98.0,Morgan,nr_er,specificity,0.9972284952977637,0.004553287684656914
99.0,Morgan,nr_er,specificity,0.9970290935031475,0.004477347432956057
100.0,Morgan,nr_er,specificity,0.9974247413765402,0.0036063794998666436
101.0,Morgan,nr_er,specificity,0.9972269174398439,0.004041118040416297
102.0,Morgan,nr_er,specificity,0.998019791044549,0.0027967843641973065
103.0,Morgan,nr_er,specificity,0.998019791044549,0.0027967843641973065
104.0,Morgan,nr_er,specificity,0.998019791044549,0.0027967843641973065
105.0,Morgan,nr_er,specificity,0.998019791044549,0.0027967843641973065
106.0,Morgan,nr_er,specificity,0.9978219671078528,0.003234593424330968
107.0,Morgan,nr_er,specificity,0.998019791044549,0.0027967843641973065
108.0,Morgan,nr_er,specificity,0.9978219671078528,0.003234593424330968
109.0,Morgan,nr_er,specificity,0.998019791044549,0.0027967843641973065
110.0,Morgan,nr_er,specificity,0.998019791044549,0.0027967843641973065
111.0,Morgan,nr_er,specificity,0.9984154389179418,0.0019273941983687615
112.0,Morgan,nr_er,specificity,0.9984154389179418,0.0019273941983687615
113.0,Morgan,nr_er,specificity,0.998613262854638,0.0014994285087659234
114.0,Morgan,nr_er,specificity,0.998613262854638,0.0014994285087659234
115.0,Morgan,nr_er,specificity,0.9988110867913343,0.0010830819032717446
116.0,Morgan,nr_er,specificity,0.9988110867913343,0.0010830819032717446
117.0,Morgan,nr_er,specificity,0.9988110867913343,0.0010830819032717446
118.0,Morgan,nr_er,specificity,0.9988110867913343,0.0010830819032717446
119.0,Morgan,nr_er,specificity,0.9988110867913343,0.0010830819032717446
120.0,Morgan,nr_er,specificity,0.9990089107280309,0.0006994212355867391
121.0,Morgan,nr_er,specificity,0.9990089107280309,0.0006994212355867391
122.0,Morgan,nr_er,specificity,0.9992067346647271,0.0004434600542157956
123.0,Morgan,nr_er,specificity,0.999206930530011,0.0008280938977058591
124.0,Morgan,nr_er,specificity,0.9994047544667073,0.0005433908504788827
125.0,Morgan,nr_er,specificity,0.9994047544667073,0.0005433908504788827
126.0,Morgan,nr_er,specificity,0.9994047544667073,0.0005433908504788827
127.0,Morgan,nr_er,specificity,0.9994047544667073,0.0005433908504788827
128.0,Morgan,nr_er,specificity,0.9994047544667073,0.0005433908504788827
129.0,Morgan,nr_er,specificity,0.9996025784034037,0.0005441974169831292
130.0,Morgan,nr_er,specificity,0.9996025784034037,0.0005441974169831292
131.0,Morgan,nr_er,specificity,0.9996025784034037,0.0005441974169831292
132.0,Morgan,nr_er,specificity,0.9996025784034037,0.0005441974169831292
133.0,Morgan,nr_er,specificity,0.9996025784034037,0.0005441974169831292
134.0,Morgan,nr_er,specificity,0.9996025784034037,0.0005441974169831292
135.0,Morgan,nr_er,specificity,0.9996025784034037,0.0005441974169831292
136.0,Morgan,nr_er,specificity,0.9996025784034037,0.0005441974169831292
137.0,Morgan,nr_er,specificity,0.9996025784034037,0.0005441974169831292
138.0,Morgan,nr_er,specificity,0.9996025784034037,0.0005441974169831292
139.0,Morgan,nr_er,specificity,0.9996025784034037,0.0005441974169831292
140.0,Morgan,nr_er,specificity,0.9996025784034037,0.0005441974169831292
141.0,Morgan,nr_er,specificity,0.9996025784034037,0.0005441974169831292
142.0,Morgan,nr_er,specificity,0.9996025784034037,0.0005441974169831292
143.0,Morgan,nr_er,specificity,0.9996025784034037,0.0005441974169831292
144.0,Morgan,nr_er,specificity,0.9996025784034037,0.0005441974169831292
145.0,Morgan,nr_er,specificity,0.9996025784034037,0.0005441974169831292
146.0,Morgan,nr_er,specificity,0.9996025784034037,0.0005441974169831292
147.0,Morgan,nr_er,specificity,0.9998019801980199,0.0004427857381187629
148.0,Morgan,nr_er,specificity,0.9998019801980199,0.0004427857381187629
149.0,Morgan,nr_er,specificity,0.9998019801980199,0.0004427857381187629
150.0,Morgan,nr_er,specificity,0.9998019801980199,0.0004427857381187629
151.0,Morgan,nr_er,specificity,0.9998019801980199,0.0004427857381187629
152.0,Morgan,nr_er,specificity,0.9998019801980199,0.0004427857381187629
153.0,Morgan,nr_er,specificity,0.9998019801980199,0.0004427857381187629
154.0,Morgan,nr_er,specificity,0.9998019801980199,0.0004427857381187629
155.0,Morgan,nr_er,specificity,0.9998019801980199,0.0004427857381187629
156.0,Morgan,nr_er,specificity,1.0,0.0
157.0,Morgan,nr_er,specificity,1.0,0.0
158.0,Morgan,nr_er,specificity,1.0,0.0
159.0,Morgan,nr_er,specificity,1.0,0.0
160.0,Morgan,nr_er,specificity,1.0,0.0
161.0,Morgan,nr_er,specificity,1.0,0.0
162.0,Morgan,nr_er,specificity,1.0,0.0
163.0,Morgan,nr_er,specificity,1.0,0.0
164.0,Morgan,nr_er,specificity,1.0,0.0
165.0,Morgan,nr_er,specificity,1.0,0.0
166.0,Morgan,nr_er,specificity,1.0,0.0
167.0,Morgan,nr_er,specificity,1.0,0.0
168.0,Morgan,nr_er,specificity,1.0,0.0
169.0,Morgan,nr_er,specificity,1.0,0.0
170.0,Morgan,nr_er,specificity,1.0,0.0
171.0,Morgan,nr_er,specificity,1.0,0.0
172.0,Morgan,nr_er,specificity,1.0,0.0
173.0,Morgan,nr_er,specificity,1.0,0.0
174.0,Morgan,nr_er,specificity,1.0,0.0
175.0,Morgan,nr_er,specificity,1.0,0.0
176.0,Morgan,nr_er,specificity,1.0,0.0
177.0,Morgan,nr_er,specificity,1.0,0.0
178.0,Morgan,nr_er,specificity,1.0,0.0
179.0,Morgan,nr_er,specificity,1.0,0.0
180.0,Morgan,nr_er,specificity,1.0,0.0
181.0,Morgan,nr_er,specificity,1.0,0.0
182.0,Morgan,nr_er,specificity,1.0,0.0
183.0,Morgan,nr_er,specificity,1.0,0.0
184.0,Morgan,nr_er,specificity,1.0,0.0
185.0,Morgan,nr_er,specificity,1.0,0.0
186.0,Morgan,nr_er,specificity,1.0,0.0
187.0,Morgan,nr_er,specificity,1.0,0.0
188.0,Morgan,nr_er,specificity,1.0,0.0
189.0,Morgan,nr_er,specificity,1.0,0.0
190.0,Morgan,nr_er,specificity,1.0,0.0
191.0,Morgan,nr_er,specificity,1.0,0.0
192.0,Morgan,nr_er,specificity,1.0,0.0
193.0,Morgan,nr_er,specificity,1.0,0.0
194.0,Morgan,nr_er,specificity,1.0,0.0
195.0,Morgan,nr_er,specificity,1.0,0.0
196.0,Morgan,nr_er,specificity,1.0,0.0
197.0,Morgan,nr_er,specificity,1.0,0.0
198.0,Morgan,nr_er,specificity,1.0,0.0
199.0,Morgan,nr_er,specificity,1.0,0.0
200.0,Morgan,nr_er,specificity,1.0,0.0
1.0,Mordred,nr_er,specificity,0.9212966291274727,0.017018284350268024
2.0,Mordred,nr_er,specificity,0.9212966291274727,0.017018284350268024
3.0,Mordred,nr_er,specificity,0.9589620829958825,0.009410956224999071
4.0,Mordred,nr_er,specificity,0.9579692188360003,0.009335920807928222
5.0,Mordred,nr_er,specificity,0.9637222821452506,0.009395000680029403
6.0,Mordred,nr_er,specificity,0.9657038445569915,0.010550082970793477
7.0,Mordred,nr_er,specificity,0.9686822384536992,0.009772261041651598
8.0,Mordred,nr_er,specificity,0.9690747204520761,0.01040806333387892
9.0,Mordred,nr_er,specificity,0.9718503613612807,0.009688316142584327
10.0,Mordred,nr_er,specificity,0.9724438230121937,0.010299296868457328
11.0,Mordred,nr_er,specificity,0.9732412347136108,0.010702350700669149
12.0,Mordred,nr_er,specificity,0.9730438028957187,0.011287837820891138
13.0,Mordred,nr_er,specificity,0.9740341079300796,0.009680455247117203
14.0,Mordred,nr_er,specificity,0.9756174731138462,0.00873479902500574
15.0,Mordred,nr_er,specificity,0.9762131103777065,0.00941832683185959
16.0,Mordred,nr_er,specificity,0.9754212270350695,0.009906706877589802
17.0,Mordred,nr_er,specificity,0.9768105217530071,0.009983202106745841
18.0,Mordred,nr_er,specificity,0.9783927109685976,0.008418472650592113
19.0,Mordred,nr_er,specificity,0.9793849859796824,0.007494499832030572
20.0,Mordred,nr_er,specificity,0.9785899469212058,0.007068977122180372
21.0,Mordred,nr_er,specificity,0.9791869661777023,0.008169721628943543
22.0,Mordred,nr_er,specificity,0.9797800357098112,0.007854966708348766
23.0,Mordred,nr_er,specificity,0.979980221353799,0.0087568685472174
24.0,Mordred,nr_er,specificity,0.9803742913692719,0.007787705547207889
25.0,Mordred,nr_er,specificity,0.9813685371335537,0.007429321731721532
26.0,Mordred,nr_er,specificity,0.9811713015691819,0.008662428850338215
27.0,Mordred,nr_er,specificity,0.9805756643053213,0.007975183821692476
28.0,Mordred,nr_er,specificity,0.980971312178714,0.007691028673929919
29.0,Mordred,nr_er,specificity,0.9809701264395982,0.008277102524170637
30.0,Mordred,nr_er,specificity,0.9817637838936755,0.008573094895868253
31.0,Mordred,nr_er,specificity,0.9811697240994984,0.008862831115436086
32.0,Mordred,nr_er,specificity,0.9815647742178634,0.009496510826743812
33.0,Mordred,nr_er,specificity,0.9833518928103775,0.0076602328454980365
34.0,Mordred,nr_er,specificity,0.9833481393395103,0.007826669955706168
35.0,Mordred,nr_er,specificity,0.9837471387940264,0.007858156215923331
36.0,Mordred,nr_er,specificity,0.9843408064693993,0.007917860461396661
37.0,Mordred,nr_er,specificity,0.9837455609361065,0.007704671593681287
38.0,Mordred,nr_er,specificity,0.9835449730141382,0.008695741984260891
39.0,Mordred,nr_er,specificity,0.9835455609982263,0.009501685547809313
40.0,Mordred,nr_er,specificity,0.9841392286735993,0.009040133576644797
41.0,Mordred,nr_er,specificity,0.9849309165391886,0.008053561098872182
42.0,Mordred,nr_er,specificity,0.9847303286172204,0.008931799292136017
43.0,Mordred,nr_er,specificity,0.9853243884113974,0.008818824261728486
44.0,Mordred,nr_er,specificity,0.9849281525539167,0.008649036112763702
45.0,Mordred,nr_er,specificity,0.9851259764906132,0.008380092831471555
46.0,Mordred,nr_er,specificity,0.9853234083085052,0.0075972151195841785
47.0,Mordred,nr_er,specificity,0.9859194380794063,0.008153865097075733
48.0,Mordred,nr_er,specificity,0.9863135077066427,0.007602001370585906
49.0,Mordred,nr_er,specificity,0.9863168596760026,0.007906479042380595
50.0,Mordred,nr_er,specificity,0.9875030092876328,0.00783168976376556
51.0,Mordred,nr_er,specificity,0.9873041954771047,0.00896676962432213
52.0,Mordred,nr_er,specificity,0.9875016272949967,0.008263248026001521
53.0,Mordred,nr_er,specificity,0.9882966671299463,0.008514333969025284
54.0,Mordred,nr_er,specificity,0.9882942952634786,0.009398827358182323
55.0,Mordred,nr_er,specificity,0.988691520994791,0.009028880342660051
56.0,Mordred,nr_er,specificity,0.9896810324088404,0.008209266088558664
57.0,Mordred,nr_er,specificity,0.9892863744092797,0.008014595308028354
58.0,Mordred,nr_er,specificity,0.9896814241394083,0.008615869932042622
59.0,Mordred,nr_er,specificity,0.9896828061320442,0.008172912427119016
60.0,Mordred,nr_er,specificity,0.9900802277286406,0.008211191439673011
61.0,Mordred,nr_er,specificity,0.9898825996572279,0.008542661953039897
62.0,Mordred,nr_er,specificity,0.9906740912692971,0.00811150296606176
63.0,Mordred,nr_er,specificity,0.9908719152059934,0.007923225976710345
64.0,Mordred,nr_er,specificity,0.990476071467317,0.0082606189491956
65.0,Mordred,nr_er,specificity,0.9906740912692971,0.00811150296606176
66.0,Mordred,nr_er,specificity,0.9912677589446701,0.007609519733033656
67.0,Mordred,nr_er,specificity,0.9906740912692971,0.00811150296606176
68.0,Mordred,nr_er,specificity,0.9912677589446701,0.007609519733033656
69.0,Mordred,nr_er,specificity,0.991267954809954,0.0076730248105088385
70.0,Mordred,nr_er,specificity,0.9912677589446701,0.007609519733033656
71.0,Mordred,nr_er,specificity,0.991267954809954,0.0076730248105088385
72.0,Mordred,nr_er,specificity,0.9918616224853268,0.007215322568684348
73.0,Mordred,nr_er,specificity,0.9914655828813664,0.007454567300232047
74.0,Mordred,nr_er,specificity,0.9916636026833465,0.007322545151246674
75.0,Mordred,nr_er,specificity,0.9916636026833465,0.007322545151246674
76.0,Mordred,nr_er,specificity,0.9918614266200428,0.007181842452719155
77.0,Mordred,nr_er,specificity,0.9922574662240032,0.006975495588689274
78.0,Mordred,nr_er,specificity,0.9922590440819231,0.006862878743779069
79.0,Mordred,nr_er,specificity,0.9924570638839034,0.006798958744524639
80.0,Mordred,nr_er,specificity,0.9922576620892872,0.0070795239660370905
81.0,Mordred,nr_er,specificity,0.9922560842313674,0.007223233461299361
82.0,Mordred,nr_er,specificity,0.9922576620892872,0.0070795239660370905
83.0,Mordred,nr_er,specificity,0.9926550836858835,0.006763482371341399
84.0,Mordred,nr_er,specificity,0.9928515256299439,0.0068714222250026505
85.0,Mordred,nr_er,specificity,0.9928515256299439,0.0068714222250026505
86.0,Mordred,nr_er,specificity,0.9928515256299439,0.0068714222250026505
87.0,Mordred,nr_er,specificity,0.9926535058279636,0.006877840509856201
88.0,Mordred,nr_er,specificity,0.9928515256299439,0.0068714222250026505
89.0,Mordred,nr_er,specificity,0.9932503292191763,0.00626373113411733
90.0,Mordred,nr_er,specificity,0.9932503292191763,0.00626373113411733
91.0,Mordred,nr_er,specificity,0.993052309417196,0.006286493611282153
92.0,Mordred,nr_er,specificity,0.9932503292191763,0.00626373113411733
93.0,Mordred,nr_er,specificity,0.9928542896152159,0.006063559876484259
94.0,Mordred,nr_er,specificity,0.9932503292191763,0.00626373113411733
95.0,Mordred,nr_er,specificity,0.9932517112118122,0.005769158156503258
96.0,Mordred,nr_er,specificity,0.9932517112118122,0.005769158156503258
97.0,Mordred,nr_er,specificity,0.9932517112118122,0.005769158156503258
98.0,Mordred,nr_er,specificity,0.9930536914098319,0.005793923040022096
99.0,Mordred,nr_er,specificity,0.9932530932044481,0.0055470659603658505
100.0,Mordred,nr_er,specificity,0.9934511130064283,0.00577284650741808
101.0,Mordred,nr_er,specificity,0.9934511130064283,0.00577284650741808
102.0,Mordred,nr_er,specificity,0.9936489369431246,0.005557886142543168
103.0,Mordred,nr_er,specificity,0.9936489369431246,0.005557886142543168
104.0,Mordred,nr_er,specificity,0.9938469567451047,0.005808622916050487
105.0,Mordred,nr_er,specificity,0.9940447806818012,0.005621196688740058
106.0,Mordred,nr_er,specificity,0.9942426046184976,0.005463235977462276
107.0,Mordred,nr_er,specificity,0.9944406244204778,0.005382566125103131
108.0,Mordred,nr_er,specificity,0.9944406244204778,0.005382566125103131
109.0,Mordred,nr_er,specificity,0.994638644222458,0.005102790132175224
110.0,Mordred,nr_er,specificity,0.9948394280097101,0.004835459050979296
111.0,Mordred,nr_er,specificity,0.9956342712029027,0.004244825093814333
112.0,Mordred,nr_er,specificity,0.9960303108068631,0.004268934343494753
113.0,Mordred,nr_er,specificity,0.9964275365381756,0.0037527457324652764
114.0,Mordred,nr_er,specificity,0.9962279388782755,0.003744988719559444
115.0,Mordred,nr_er,specificity,0.9968263401274079,0.0033884970011903806
116.0,Mordred,nr_er,specificity,0.9970241640641042,0.0030551132889061815
117.0,Mordred,nr_er,specificity,0.9972235658587204,0.0029207743700558745
118.0,Mordred,nr_er,specificity,0.9970241640641042,0.0030551132889061815
119.0,Mordred,nr_er,specificity,0.9974215856607007,0.002937858131992496
120.0,Mordred,nr_er,specificity,0.9972221838660845,0.003087477684243442
121.0,Mordred,nr_er,specificity,0.9976194095973969,0.0025841072001897233
122.0,Mordred,nr_er,specificity,0.9972221838660845,0.003087477684243442
123.0,Mordred,nr_er,specificity,0.9974215856607007,0.002937858131992496
124.0,Mordred,nr_er,specificity,0.9974200078027808,0.0027708724599027385
125.0,Mordred,nr_er,specificity,0.9974200078027808,0.0027708724599027385
126.0,Mordred,nr_er,specificity,0.9976178317394773,0.0024928483761942123
127.0,Mordred,nr_er,specificity,0.9978158515414574,0.002570865108333931
128.0,Mordred,nr_er,specificity,0.9976178317394773,0.0024928483761942123
129.0,Mordred,nr_er,specificity,0.9980152533360735,0.0023263476435336603
130.0,Mordred,nr_er,specificity,0.9978172335340932,0.002261758771339421
131.0,Mordred,nr_er,specificity,0.9982146551306897,0.0021475684084242127
132.0,Mordred,nr_er,specificity,0.9980166353287094,0.0021010528812309345
133.0,Mordred,nr_er,specificity,0.9980166353287094,0.0021010528812309345
134.0,Mordred,nr_er,specificity,0.9980166353287094,0.0021010528812309345
135.0,Mordred,nr_er,specificity,0.9980166353287094,0.0021010528812309345
136.0,Mordred,nr_er,specificity,0.9982146551306897,0.0021475684084242127
137.0,Mordred,nr_er,specificity,0.9982146551306897,0.0021475684084242127
138.0,Mordred,nr_er,specificity,0.9984140569253057,0.002051783988657236
139.0,Mordred,nr_er,specificity,0.998612076727286,0.002168144150026777
140.0,Mordred,nr_er,specificity,0.9988099006639823,0.0017711683568820418
141.0,Mordred,nr_er,specificity,0.9986104988693661,0.0019330286497801503
142.0,Mordred,nr_er,specificity,0.9988099006639823,0.0017711683568820418
143.0,Mordred,nr_er,specificity,0.9990077246006785,0.0014016307434004953
144.0,Mordred,nr_er,specificity,0.9990077246006785,0.0014016307434004953
145.0,Mordred,nr_er,specificity,0.9990077246006785,0.0014016307434004953
146.0,Mordred,nr_er,specificity,0.9990077246006785,0.0014016307434004953
147.0,Mordred,nr_er,specificity,0.9990077246006785,0.0014016307434004953
148.0,Mordred,nr_er,specificity,0.9992071263952947,0.00128996161391255
149.0,Mordred,nr_er,specificity,0.9992071263952947,0.00128996161391255
150.0,Mordred,nr_er,specificity,0.9992071263952947,0.00128996161391255
151.0,Mordred,nr_er,specificity,0.9994065281899109,0.0013270433100889371
152.0,Mordred,nr_er,specificity,0.9994065281899109,0.0013270433100889371
153.0,Mordred,nr_er,specificity,0.9994065281899109,0.0013270433100889371
154.0,Mordred,nr_er,specificity,0.9994065281899109,0.0013270433100889371
155.0,Mordred,nr_er,specificity,0.9994065281899109,0.0013270433100889371
156.0,Mordred,nr_er,specificity,0.9994065281899109,0.0013270433100889371
157.0,Mordred,nr_er,specificity,0.9994065281899109,0.0013270433100889371
158.0,Mordred,nr_er,specificity,0.9994065281899109,0.0013270433100889371
159.0,Mordred,nr_er,specificity,0.9996043521266074,0.0008846955400592584
160.0,Mordred,nr_er,specificity,0.9994065281899109,0.0013270433100889371
161.0,Mordred,nr_er,specificity,0.9996043521266074,0.0008846955400592584
162.0,Mordred,nr_er,specificity,0.9996043521266074,0.0008846955400592584
163.0,Mordred,nr_er,specificity,0.9996043521266074,0.0008846955400592584
164.0,Mordred,nr_er,specificity,0.9998021760633037,0.00044234777002958724
165.0,Mordred,nr_er,specificity,0.9998021760633037,0.00044234777002958724
166.0,Mordred,nr_er,specificity,0.9998021760633037,0.00044234777002958724
167.0,Mordred,nr_er,specificity,0.9998021760633037,0.00044234777002958724
168.0,Mordred,nr_er,specificity,0.9998021760633037,0.00044234777002958724
169.0,Mordred,nr_er,specificity,0.9998021760633037,0.00044234777002958724
170.0,Mordred,nr_er,specificity,0.9998021760633037,0.00044234777002958724
171.0,Mordred,nr_er,specificity,0.9998021760633037,0.00044234777002958724
172.0,Mordred,nr_er,specificity,0.9998021760633037,0.00044234777002958724
173.0,Mordred,nr_er,specificity,0.9998021760633037,0.00044234777002958724
174.0,Mordred,nr_er,specificity,0.9998021760633037,0.00044234777002958724
175.0,Mordred,nr_er,specificity,1.0,0.0
176.0,Mordred,nr_er,specificity,1.0,0.0
177.0,Mordred,nr_er,specificity,1.0,0.0
178.0,Mordred,nr_er,specificity,1.0,0.0
179.0,Mordred,nr_er,specificity,1.0,0.0
180.0,Mordred,nr_er,specificity,1.0,0.0
181.0,Mordred,nr_er,specificity,1.0,0.0
182.0,Mordred,nr_er,specificity,1.0,0.0
183.0,Mordred,nr_er,specificity,1.0,0.0
184.0,Mordred,nr_er,specificity,1.0,0.0
185.0,Mordred,nr_er,specificity,1.0,0.0
186.0,Mordred,nr_er,specificity,1.0,0.0
187.0,Mordred,nr_er,specificity,1.0,0.0
188.0,Mordred,nr_er,specificity,1.0,0.0
189.0,Mordred,nr_er,specificity,1.0,0.0
190.0,Mordred,nr_er,specificity,1.0,0.0
191.0,Mordred,nr_er,specificity,1.0,0.0
192.0,Mordred,nr_er,specificity,1.0,0.0
193.0,Mordred,nr_er,specificity,1.0,0.0
194.0,Mordred,nr_er,specificity,1.0,0.0
195.0,Mordred,nr_er,specificity,1.0,0.0
196.0,Mordred,nr_er,specificity,1.0,0.0
197.0,Mordred,nr_er,specificity,1.0,0.0
198.0,Mordred,nr_er,specificity,1.0,0.0
199.0,Mordred,nr_er,specificity,1.0,0.0
200.0,Mordred,nr_er,specificity,1.0,0.0
