k,display_name,context,metric,mean,std
1.0,CheMeleon (fine-tuned),average,balanced_accuracy,0.6795560548886193,0.04063604164147743
2.0,CheMeleon (fine-tuned),average,balanced_accuracy,0.6795560548886193,0.04063604164147743
3.0,CheMeleon (fine-tuned),average,balanced_accuracy,0.6869835932901575,0.04108977768372441
4.0,CheMeleon (fine-tuned),average,balanced_accuracy,0.6866852826752374,0.041538164989948556
5.0,CheMeleon (fine-tuned),average,balanced_accuracy,0.6926778138153522,0.04154150095731212
6.0,CheMeleon (fine-tuned),average,balanced_accuracy,0.690414964636836,0.041212425104403046
7.0,CheMeleon (fine-tuned),average,balanced_accuracy,0.6894589636195745,0.04154548827080027
8.0,CheMeleon (fine-tuned),average,balanced_accuracy,0.688986253248088,0.04341560122549004
9.0,CheMeleon (fine-tuned),average,balanced_accuracy,0.6881963899870395,0.04414984772772912
10.0,CheMeleon (fine-tuned),average,balanced_accuracy,0.6892008638827509,0.04215332925728481
11.0,CheMeleon (fine-tuned),average,balanced_accuracy,0.6901453101312548,0.04210096285567786
12.0,CheMeleon (fine-tuned),average,balanced_accuracy,0.6894535512001722,0.043070676330891004
13.0,CheMeleon (fine-tuned),average,balanced_accuracy,0.6888537672327059,0.042460232524049873
14.0,CheMeleon (fine-tuned),average,balanced_accuracy,0.6889949819603841,0.04279693700966785
15.0,CheMeleon (fine-tuned),average,balanced_accuracy,0.6901362740720403,0.04229843374482272
16.0,CheMeleon (fine-tuned),average,balanced_accuracy,0.6901692044528568,0.04184915556731847
17.0,CheMeleon (fine-tuned),average,balanced_accuracy,0.6908173240446025,0.04004599705692319
18.0,CheMeleon (fine-tuned),average,balanced_accuracy,0.6900958883198984,0.04082856622848233
19.0,CheMeleon (fine-tuned),average,balanced_accuracy,0.6908759969676721,0.04036243513715465
20.0,CheMeleon (fine-tuned),average,balanced_accuracy,0.6913777768132806,0.040793032891887376
21.0,CheMeleon (fine-tuned),average,balanced_accuracy,0.6913009636618344,0.041317212798082224
22.0,CheMeleon (fine-tuned),average,balanced_accuracy,0.6920185634517511,0.04039290335307797
23.0,CheMeleon (fine-tuned),average,balanced_accuracy,0.6936997053519062,0.039763557369537794
24.0,CheMeleon (fine-tuned),average,balanced_accuracy,0.6915642420080037,0.041105680605862
25.0,CheMeleon (fine-tuned),average,balanced_accuracy,0.6909750884879713,0.041526364028167534
26.0,CheMeleon (fine-tuned),average,balanced_accuracy,0.6917157728953299,0.04110292684533771
27.0,CheMeleon (fine-tuned),average,balanced_accuracy,0.691858633138505,0.040135706517377814
28.0,CheMeleon (fine-tuned),average,balanced_accuracy,0.6932228904528732,0.04097657644444238
29.0,CheMeleon (fine-tuned),average,balanced_accuracy,0.6937266559606745,0.040078689045846924
30.0,CheMeleon (fine-tuned),average,balanced_accuracy,0.6931210319041547,0.04178911274152093
31.0,CheMeleon (fine-tuned),average,balanced_accuracy,0.6929499458035749,0.04230218464188027
32.0,CheMeleon (fine-tuned),average,balanced_accuracy,0.6923899870199416,0.04173416004022568
33.0,CheMeleon (fine-tuned),average,balanced_accuracy,0.6933283333657217,0.04130849134486871
34.0,CheMeleon (fine-tuned),average,balanced_accuracy,0.6927347827627979,0.04183186553582332
35.0,CheMeleon (fine-tuned),average,balanced_accuracy,0.6922603273935123,0.041381229201376914
36.0,CheMeleon (fine-tuned),average,balanced_accuracy,0.6921046130441221,0.04202351952824743
37.0,CheMeleon (fine-tuned),average,balanced_accuracy,0.6921326110524834,0.042886391594278955
38.0,CheMeleon (fine-tuned),average,balanced_accuracy,0.6917461457632598,0.042032465368438056
39.0,CheMeleon (fine-tuned),average,balanced_accuracy,0.6905169090101778,0.04240893851442865
40.0,CheMeleon (fine-tuned),average,balanced_accuracy,0.690689157523042,0.04256481546112554
41.0,CheMeleon (fine-tuned),average,balanced_accuracy,0.690816535251122,0.04179628625087945
42.0,CheMeleon (fine-tuned),average,balanced_accuracy,0.6904396620974623,0.042608586793016115
43.0,CheMeleon (fine-tuned),average,balanced_accuracy,0.6907239035017898,0.04259955382869319
44.0,CheMeleon (fine-tuned),average,balanced_accuracy,0.6907025347614656,0.0425663455119707
45.0,CheMeleon (fine-tuned),average,balanced_accuracy,0.6908810933896525,0.04353684864840182
46.0,CheMeleon (fine-tuned),average,balanced_accuracy,0.6908772501723567,0.04279365161074044
47.0,CheMeleon (fine-tuned),average,balanced_accuracy,0.6906666428204495,0.04297769680033241
48.0,CheMeleon (fine-tuned),average,balanced_accuracy,0.6905906896267759,0.042487849622726115
49.0,CheMeleon (fine-tuned),average,balanced_accuracy,0.6902398096649551,0.042656198020361726
50.0,CheMeleon (fine-tuned),average,balanced_accuracy,0.6899537737006436,0.04305153479880124
51.0,CheMeleon (fine-tuned),average,balanced_accuracy,0.6903917610069211,0.043146773609341924
52.0,CheMeleon (fine-tuned),average,balanced_accuracy,0.6902195254751736,0.04328657510515131
53.0,CheMeleon (fine-tuned),average,balanced_accuracy,0.6898752243278174,0.04281566321740698
54.0,CheMeleon (fine-tuned),average,balanced_accuracy,0.6899693628229875,0.042805219937725604
55.0,CheMeleon (fine-tuned),average,balanced_accuracy,0.6897289384064947,0.04272327388031486
56.0,CheMeleon (fine-tuned),average,balanced_accuracy,0.6900467534172466,0.04220275539345488
57.0,CheMeleon (fine-tuned),average,balanced_accuracy,0.6896543467583228,0.04398611741575932
58.0,CheMeleon (fine-tuned),average,balanced_accuracy,0.6897312547601036,0.04356600411526701
59.0,CheMeleon (fine-tuned),average,balanced_accuracy,0.6899950003753546,0.04442768313616498
60.0,CheMeleon (fine-tuned),average,balanced_accuracy,0.6894496822309647,0.04340801560813327
61.0,CheMeleon (fine-tuned),average,balanced_accuracy,0.6905029241827292,0.04346599706688809
62.0,CheMeleon (fine-tuned),average,balanced_accuracy,0.6899548919363268,0.044387334611920244
63.0,CheMeleon (fine-tuned),average,balanced_accuracy,0.6900110154243368,0.04431501221197752
64.0,CheMeleon (fine-tuned),average,balanced_accuracy,0.6898217141134689,0.044737646568106366
65.0,CheMeleon (fine-tuned),average,balanced_accuracy,0.689456848257429,0.04490958765543385
66.0,CheMeleon (fine-tuned),average,balanced_accuracy,0.6893610383515352,0.04602590463988
67.0,CheMeleon (fine-tuned),average,balanced_accuracy,0.6891759122002574,0.04612330488597811
68.0,CheMeleon (fine-tuned),average,balanced_accuracy,0.6900857458959925,0.04558139999596781
69.0,CheMeleon (fine-tuned),average,balanced_accuracy,0.69024424286426,0.04560906577465761
70.0,CheMeleon (fine-tuned),average,balanced_accuracy,0.6894887067719762,0.046171275034505806
71.0,CheMeleon (fine-tuned),average,balanced_accuracy,0.6890413481440342,0.04584250224772967
72.0,CheMeleon (fine-tuned),average,balanced_accuracy,0.6895911194029856,0.04604400078778559
73.0,CheMeleon (fine-tuned),average,balanced_accuracy,0.6895280318830456,0.04588941833329441
74.0,CheMeleon (fine-tuned),average,balanced_accuracy,0.6888983543886037,0.04616379090154133
75.0,CheMeleon (fine-tuned),average,balanced_accuracy,0.689658339796565,0.04498506391673861
76.0,CheMeleon (fine-tuned),average,balanced_accuracy,0.6895757701597093,0.04658898030760358
77.0,CheMeleon (fine-tuned),average,balanced_accuracy,0.6896806179696422,0.04502338603367357
78.0,CheMeleon (fine-tuned),average,balanced_accuracy,0.6891378211710318,0.045535894173930204
79.0,CheMeleon (fine-tuned),average,balanced_accuracy,0.6892005767531145,0.04544654920338454
80.0,CheMeleon (fine-tuned),average,balanced_accuracy,0.6891690725456618,0.04560499346350288
81.0,CheMeleon (fine-tuned),average,balanced_accuracy,0.6890993563374974,0.045326924338368546
82.0,CheMeleon (fine-tuned),average,balanced_accuracy,0.6894701258900967,0.0448364825259738
83.0,CheMeleon (fine-tuned),average,balanced_accuracy,0.688952834936674,0.044738550726211225
84.0,CheMeleon (fine-tuned),average,balanced_accuracy,0.6889255868087801,0.04437409000061662
85.0,CheMeleon (fine-tuned),average,balanced_accuracy,0.6893172907017742,0.044623287486656095
86.0,CheMeleon (fine-tuned),average,balanced_accuracy,0.6885999240191558,0.04506610976259295
87.0,CheMeleon (fine-tuned),average,balanced_accuracy,0.6883586667204628,0.0456258250590431
88.0,CheMeleon (fine-tuned),average,balanced_accuracy,0.6886189162514367,0.04493709173083332
89.0,CheMeleon (fine-tuned),average,balanced_accuracy,0.6880767555556018,0.04519556844358289
90.0,CheMeleon (fine-tuned),average,balanced_accuracy,0.6882688493007306,0.044266400909631666
91.0,CheMeleon (fine-tuned),average,balanced_accuracy,0.6872087981807833,0.04465175847870134
92.0,CheMeleon (fine-tuned),average,balanced_accuracy,0.6877313143293629,0.04406223590484738
93.0,CheMeleon (fine-tuned),average,balanced_accuracy,0.6869777347350633,0.04579204625530709
94.0,CheMeleon (fine-tuned),average,balanced_accuracy,0.6871630062566801,0.04482211479996864
95.0,CheMeleon (fine-tuned),average,balanced_accuracy,0.686555577102198,0.046723978941284675
96.0,CheMeleon (fine-tuned),average,balanced_accuracy,0.6872513982817752,0.045752455874267295
97.0,CheMeleon (fine-tuned),average,balanced_accuracy,0.6872036015706814,0.04729645637255294
98.0,CheMeleon (fine-tuned),average,balanced_accuracy,0.6874867354869416,0.04623898762380673
99.0,CheMeleon (fine-tuned),average,balanced_accuracy,0.6871565894564138,0.04649574011093734
100.0,CheMeleon (fine-tuned),average,balanced_accuracy,0.6868123972816718,0.04596042859944065
101.0,CheMeleon (fine-tuned),average,balanced_accuracy,0.6869693980129468,0.04581422304702177
102.0,CheMeleon (fine-tuned),average,balanced_accuracy,0.6870601674368301,0.045666567300652855
103.0,CheMeleon (fine-tuned),average,balanced_accuracy,0.687210143500887,0.04596652123960368
104.0,CheMeleon (fine-tuned),average,balanced_accuracy,0.6871088617647816,0.045978232169587234
105.0,CheMeleon (fine-tuned),average,balanced_accuracy,0.6867357570211405,0.046225587502160055
106.0,CheMeleon (fine-tuned),average,balanced_accuracy,0.6867979908819548,0.04525487340005035
107.0,CheMeleon (fine-tuned),average,balanced_accuracy,0.686603178986067,0.045274061897535314
108.0,CheMeleon (fine-tuned),average,balanced_accuracy,0.6862634178756853,0.04540464303519971
109.0,CheMeleon (fine-tuned),average,balanced_accuracy,0.6862611699017651,0.045934615786966115
110.0,CheMeleon (fine-tuned),average,balanced_accuracy,0.6861530350770169,0.045807613522091804
111.0,CheMeleon (fine-tuned),average,balanced_accuracy,0.6856373000507188,0.046650663019127944
112.0,CheMeleon (fine-tuned),average,balanced_accuracy,0.6856129052463515,0.04574407964270173
113.0,CheMeleon (fine-tuned),average,balanced_accuracy,0.6855504321916734,0.046233904619868905
114.0,CheMeleon (fine-tuned),average,balanced_accuracy,0.6859462144621302,0.045881688212168856
115.0,CheMeleon (fine-tuned),average,balanced_accuracy,0.6856797690244463,0.045654977525696715
116.0,CheMeleon (fine-tuned),average,balanced_accuracy,0.6860205864567577,0.04603566910965902
117.0,CheMeleon (fine-tuned),average,balanced_accuracy,0.6856865174571922,0.04654866497228759
118.0,CheMeleon (fine-tuned),average,balanced_accuracy,0.6853410260139996,0.0460023847609755
119.0,CheMeleon (fine-tuned),average,balanced_accuracy,0.6849757895518411,0.046100636376183605
120.0,CheMeleon (fine-tuned),average,balanced_accuracy,0.6857863487895445,0.0456014174505796
121.0,CheMeleon (fine-tuned),average,balanced_accuracy,0.6854532838357552,0.04682447449176364
122.0,CheMeleon (fine-tuned),average,balanced_accuracy,0.6860973484518631,0.0446535088655699
123.0,CheMeleon (fine-tuned),average,balanced_accuracy,0.6858216886084166,0.045969064250068664
124.0,CheMeleon (fine-tuned),average,balanced_accuracy,0.6860437875743216,0.045671093514666916
125.0,CheMeleon (fine-tuned),average,balanced_accuracy,0.6856952685111231,0.045979149614937424
126.0,CheMeleon (fine-tuned),average,balanced_accuracy,0.6856466934034704,0.0455195803791501
127.0,CheMeleon (fine-tuned),average,balanced_accuracy,0.685317100389409,0.048084224534783705
128.0,CheMeleon (fine-tuned),average,balanced_accuracy,0.6856522146414383,0.04710283468249086
129.0,CheMeleon (fine-tuned),average,balanced_accuracy,0.684761751684416,0.04779232254478532
130.0,CheMeleon (fine-tuned),average,balanced_accuracy,0.6847673984004626,0.0475061528847802
131.0,CheMeleon (fine-tuned),average,balanced_accuracy,0.6840053035784348,0.04741038153295397
132.0,CheMeleon (fine-tuned),average,balanced_accuracy,0.6837349159950434,0.04769309386662176
133.0,CheMeleon (fine-tuned),average,balanced_accuracy,0.6835149806678593,0.048682801091502026
134.0,CheMeleon (fine-tuned),average,balanced_accuracy,0.6837849421008589,0.04750664156072416
135.0,CheMeleon (fine-tuned),average,balanced_accuracy,0.6836266802944293,0.04853064116502695
136.0,CheMeleon (fine-tuned),average,balanced_accuracy,0.6838968515764998,0.04720783074424246
137.0,CheMeleon (fine-tuned),average,balanced_accuracy,0.6834398845483729,0.0482203375628976
138.0,CheMeleon (fine-tuned),average,balanced_accuracy,0.6837006489419163,0.0476648830146067
139.0,CheMeleon (fine-tuned),average,balanced_accuracy,0.6835558934061201,0.047933670437291194
140.0,CheMeleon (fine-tuned),average,balanced_accuracy,0.6839281787989314,0.04742730847976176
141.0,CheMeleon (fine-tuned),average,balanced_accuracy,0.6827404690311599,0.04850614021866388
142.0,CheMeleon (fine-tuned),average,balanced_accuracy,0.6833394835069777,0.048839579155188426
143.0,CheMeleon (fine-tuned),average,balanced_accuracy,0.6824984146792168,0.049313270350685535
144.0,CheMeleon (fine-tuned),average,balanced_accuracy,0.6833498344414446,0.048931883852641064
145.0,CheMeleon (fine-tuned),average,balanced_accuracy,0.6822744786674092,0.04976021867344134
146.0,CheMeleon (fine-tuned),average,balanced_accuracy,0.6825201791221884,0.04986546127975003
147.0,CheMeleon (fine-tuned),average,balanced_accuracy,0.6816378254324925,0.05014980347228563
148.0,CheMeleon (fine-tuned),average,balanced_accuracy,0.6820680537661125,0.04949792111063698
149.0,CheMeleon (fine-tuned),average,balanced_accuracy,0.6817573126130704,0.05024019240007038
150.0,CheMeleon (fine-tuned),average,balanced_accuracy,0.6819804948047864,0.05003740119385607
151.0,CheMeleon (fine-tuned),average,balanced_accuracy,0.6812464177826965,0.050808760976627884
152.0,CheMeleon (fine-tuned),average,balanced_accuracy,0.6822807767340171,0.049291449413246126
153.0,CheMeleon (fine-tuned),average,balanced_accuracy,0.6805675320475566,0.05045984271580414
154.0,CheMeleon (fine-tuned),average,balanced_accuracy,0.6818664439806302,0.04976526523021813
155.0,CheMeleon (fine-tuned),average,balanced_accuracy,0.6805170819761441,0.050415878419935674
156.0,CheMeleon (fine-tuned),average,balanced_accuracy,0.6811488578826378,0.04935242486918738
157.0,CheMeleon (fine-tuned),average,balanced_accuracy,0.680816709079227,0.048945680480689605
158.0,CheMeleon (fine-tuned),average,balanced_accuracy,0.6816580394328198,0.04907416599527106
159.0,CheMeleon (fine-tuned),average,balanced_accuracy,0.6806421905191301,0.04969019273350209
160.0,CheMeleon (fine-tuned),average,balanced_accuracy,0.6807715217437158,0.0497620529674506
161.0,CheMeleon (fine-tuned),average,balanced_accuracy,0.6807929319833141,0.049291252899064414
162.0,CheMeleon (fine-tuned),average,balanced_accuracy,0.6810782235340254,0.04925622419396265
163.0,CheMeleon (fine-tuned),average,balanced_accuracy,0.6807911246662414,0.048951371641972094
164.0,CheMeleon (fine-tuned),average,balanced_accuracy,0.6810960046432918,0.04954415234036632
165.0,CheMeleon (fine-tuned),average,balanced_accuracy,0.6809448087540035,0.049098331134292156
166.0,CheMeleon (fine-tuned),average,balanced_accuracy,0.6815173113117982,0.04865066133271947
167.0,CheMeleon (fine-tuned),average,balanced_accuracy,0.6812597998729376,0.048672588913543244
168.0,CheMeleon (fine-tuned),average,balanced_accuracy,0.680906578311109,0.048897825789042094
169.0,CheMeleon (fine-tuned),average,balanced_accuracy,0.6806118228626147,0.049369718635701366
170.0,CheMeleon (fine-tuned),average,balanced_accuracy,0.6806283837466396,0.048401942327199396
171.0,CheMeleon (fine-tuned),average,balanced_accuracy,0.680186284879043,0.04899592182745217
172.0,CheMeleon (fine-tuned),average,balanced_accuracy,0.6804937725692816,0.048182741096363106
173.0,CheMeleon (fine-tuned),average,balanced_accuracy,0.6799240083236007,0.04866658238802457
174.0,CheMeleon (fine-tuned),average,balanced_accuracy,0.6799564764677164,0.048312324345471384
175.0,CheMeleon (fine-tuned),average,balanced_accuracy,0.6799165359215784,0.04789161294188087
176.0,CheMeleon (fine-tuned),average,balanced_accuracy,0.6798984765180803,0.04789008083831658
177.0,CheMeleon (fine-tuned),average,balanced_accuracy,0.6796145306341405,0.048067554051399126
178.0,CheMeleon (fine-tuned),average,balanced_accuracy,0.6797329154443146,0.04819786965798488
179.0,CheMeleon (fine-tuned),average,balanced_accuracy,0.6801040267436602,0.04844964287954405
180.0,CheMeleon (fine-tuned),average,balanced_accuracy,0.6797578029720485,0.049365186549993466
181.0,CheMeleon (fine-tuned),average,balanced_accuracy,0.6797318116479434,0.049392160656280375
182.0,CheMeleon (fine-tuned),average,balanced_accuracy,0.6799982536521618,0.048984891048484164
183.0,CheMeleon (fine-tuned),average,balanced_accuracy,0.6797377750673322,0.04883314436976896
184.0,CheMeleon (fine-tuned),average,balanced_accuracy,0.6793146867450498,0.048321519359657464
185.0,CheMeleon (fine-tuned),average,balanced_accuracy,0.6797629857007901,0.048146239388598154
186.0,CheMeleon (fine-tuned),average,balanced_accuracy,0.6793452457887084,0.04851609449944723
187.0,CheMeleon (fine-tuned),average,balanced_accuracy,0.679479318803434,0.04794925334481785
188.0,CheMeleon (fine-tuned),average,balanced_accuracy,0.6795083836963102,0.048073519536686586
189.0,CheMeleon (fine-tuned),average,balanced_accuracy,0.6798191853434977,0.04746917504944008
190.0,CheMeleon (fine-tuned),average,balanced_accuracy,0.6797933933117808,0.048246742941349764
191.0,CheMeleon (fine-tuned),average,balanced_accuracy,0.6794970838349724,0.048040118420443485
192.0,CheMeleon (fine-tuned),average,balanced_accuracy,0.6792486085059914,0.04801710373436466
193.0,CheMeleon (fine-tuned),average,balanced_accuracy,0.6789512440523644,0.048477737923486544
194.0,CheMeleon (fine-tuned),average,balanced_accuracy,0.6788398783302128,0.04755478549164988
195.0,CheMeleon (fine-tuned),average,balanced_accuracy,0.6784679077324793,0.048057391455618215
196.0,CheMeleon (fine-tuned),average,balanced_accuracy,0.678721575743806,0.04795716364157449
197.0,CheMeleon (fine-tuned),average,balanced_accuracy,0.6783234659875848,0.047381103684987304
198.0,CheMeleon (fine-tuned),average,balanced_accuracy,0.6782165994758265,0.04726084036072093
199.0,CheMeleon (fine-tuned),average,balanced_accuracy,0.6782263762437418,0.04809071700866442
200.0,CheMeleon (fine-tuned),average,balanced_accuracy,0.6787883941070604,0.04824085123264305
1.0,Chemprop (default),average,balanced_accuracy,0.664009895432174,0.04308675843225151
2.0,Chemprop (default),average,balanced_accuracy,0.664009895432174,0.04308675843225151
3.0,Chemprop (default),average,balanced_accuracy,0.6710252129648667,0.04357347385284883
4.0,Chemprop (default),average,balanced_accuracy,0.6750794578330402,0.04403913745007739
5.0,Chemprop (default),average,balanced_accuracy,0.6750092561483324,0.04681313841514584
6.0,Chemprop (default),average,balanced_accuracy,0.6771564969858236,0.04617553848557229
7.0,Chemprop (default),average,balanced_accuracy,0.6769036725620035,0.04706218605560973
8.0,Chemprop (default),average,balanced_accuracy,0.67736311938063,0.04767710573112107
9.0,Chemprop (default),average,balanced_accuracy,0.676996242658443,0.0454484082770666
10.0,Chemprop (default),average,balanced_accuracy,0.679907213037321,0.04486596299634597
11.0,Chemprop (default),average,balanced_accuracy,0.6758804388835444,0.04519109516796501
12.0,Chemprop (default),average,balanced_accuracy,0.6771421654504579,0.046530584942120486
13.0,Chemprop (default),average,balanced_accuracy,0.6771708245059231,0.04577521726305629
14.0,Chemprop (default),average,balanced_accuracy,0.6776399700242817,0.04745809045642653
15.0,Chemprop (default),average,balanced_accuracy,0.6777488826912351,0.047202230355835734
16.0,Chemprop (default),average,balanced_accuracy,0.676551833754848,0.047026456510436444
17.0,Chemprop (default),average,balanced_accuracy,0.6782030995158014,0.04687258341590735
18.0,Chemprop (default),average,balanced_accuracy,0.6785286752110984,0.046722426585256806
19.0,Chemprop (default),average,balanced_accuracy,0.6774394333749243,0.047798687958508335
20.0,Chemprop (default),average,balanced_accuracy,0.6772214821235565,0.04870591884767071
21.0,Chemprop (default),average,balanced_accuracy,0.6767594798666429,0.04849858154108785
22.0,Chemprop (default),average,balanced_accuracy,0.6760221183758766,0.04760250370932053
23.0,Chemprop (default),average,balanced_accuracy,0.6754416419011519,0.04819581639997159
24.0,Chemprop (default),average,balanced_accuracy,0.6750643619519782,0.048597456207880134
25.0,Chemprop (default),average,balanced_accuracy,0.6739854559021375,0.05004273329461714
26.0,Chemprop (default),average,balanced_accuracy,0.674431614243089,0.05029833028661787
27.0,Chemprop (default),average,balanced_accuracy,0.6736978246635071,0.05086954826717996
28.0,Chemprop (default),average,balanced_accuracy,0.6735573964233948,0.05147629330135246
29.0,Chemprop (default),average,balanced_accuracy,0.673879863750334,0.05100479341621111
30.0,Chemprop (default),average,balanced_accuracy,0.6745632537812746,0.05001549012331114
31.0,Chemprop (default),average,balanced_accuracy,0.6751208408119409,0.04985891120210875
32.0,Chemprop (default),average,balanced_accuracy,0.6760153947296424,0.049984904656388045
33.0,Chemprop (default),average,balanced_accuracy,0.6751148091796534,0.05107919253111258
34.0,Chemprop (default),average,balanced_accuracy,0.6759829675074137,0.0491989645240957
35.0,Chemprop (default),average,balanced_accuracy,0.6754555055150164,0.04968054623339966
36.0,Chemprop (default),average,balanced_accuracy,0.6749135765889607,0.050677396190189516
37.0,Chemprop (default),average,balanced_accuracy,0.675921014232418,0.051642461424349466
38.0,Chemprop (default),average,balanced_accuracy,0.6753690905964933,0.05107026763724646
39.0,Chemprop (default),average,balanced_accuracy,0.6757777792877758,0.0513218300309561
40.0,Chemprop (default),average,balanced_accuracy,0.6758417281570915,0.051674130167049206
41.0,Chemprop (default),average,balanced_accuracy,0.6763084608772438,0.05135782507172863
42.0,Chemprop (default),average,balanced_accuracy,0.6756846547926036,0.05124745729385531
43.0,Chemprop (default),average,balanced_accuracy,0.6758530627093675,0.05072512646034059
44.0,Chemprop (default),average,balanced_accuracy,0.6754311947984978,0.05106383910706641
45.0,Chemprop (default),average,balanced_accuracy,0.6758707045716839,0.05094674075863147
46.0,Chemprop (default),average,balanced_accuracy,0.6759217051638992,0.052100016955894626
47.0,Chemprop (default),average,balanced_accuracy,0.6760922459337934,0.05149385954231415
48.0,Chemprop (default),average,balanced_accuracy,0.6758116529799852,0.05138449759427526
49.0,Chemprop (default),average,balanced_accuracy,0.675107593053116,0.05148840424271251
50.0,Chemprop (default),average,balanced_accuracy,0.6753033337036871,0.05137883905790564
51.0,Chemprop (default),average,balanced_accuracy,0.6744139816489213,0.051787733378680215
52.0,Chemprop (default),average,balanced_accuracy,0.674135731965166,0.05151647461871832
53.0,Chemprop (default),average,balanced_accuracy,0.6747300703272084,0.05251606500949971
54.0,Chemprop (default),average,balanced_accuracy,0.6739095530467019,0.052285089577099
55.0,Chemprop (default),average,balanced_accuracy,0.6749132130970313,0.05273366634155731
56.0,Chemprop (default),average,balanced_accuracy,0.6735860949690914,0.05313891404568901
57.0,Chemprop (default),average,balanced_accuracy,0.6740083181285915,0.05357641298168114
58.0,Chemprop (default),average,balanced_accuracy,0.6734058330266951,0.05308310285399523
59.0,Chemprop (default),average,balanced_accuracy,0.6733794694348443,0.05334423597096898
60.0,Chemprop (default),average,balanced_accuracy,0.6725317619137462,0.053032664016999895
61.0,Chemprop (default),average,balanced_accuracy,0.6730930036480935,0.05251626302346992
62.0,Chemprop (default),average,balanced_accuracy,0.6725150911725697,0.052371710557670856
63.0,Chemprop (default),average,balanced_accuracy,0.6730678204113958,0.05230570640746621
64.0,Chemprop (default),average,balanced_accuracy,0.6721630582302152,0.0527266861004042
65.0,Chemprop (default),average,balanced_accuracy,0.6726828847134618,0.05240769447138029
66.0,Chemprop (default),average,balanced_accuracy,0.6726011970305954,0.05239436478447866
67.0,Chemprop (default),average,balanced_accuracy,0.6724920498127814,0.05240674066428584
68.0,Chemprop (default),average,balanced_accuracy,0.672243444603265,0.052863701690788675
69.0,Chemprop (default),average,balanced_accuracy,0.6718228938962971,0.0531664620427316
70.0,Chemprop (default),average,balanced_accuracy,0.6715049120792284,0.053744433024451206
71.0,Chemprop (default),average,balanced_accuracy,0.6719643036631578,0.05380038412242133
72.0,Chemprop (default),average,balanced_accuracy,0.6712548836567477,0.054346982891109334
73.0,Chemprop (default),average,balanced_accuracy,0.6718327180448661,0.054062158603488814
74.0,Chemprop (default),average,balanced_accuracy,0.6716035538097056,0.05390331878598253
75.0,Chemprop (default),average,balanced_accuracy,0.6717817400725032,0.05431623147255748
76.0,Chemprop (default),average,balanced_accuracy,0.672081695776167,0.054544638304745374
77.0,Chemprop (default),average,balanced_accuracy,0.6717191376893904,0.055001753809139
78.0,Chemprop (default),average,balanced_accuracy,0.6715480950787345,0.053854137482402295
79.0,Chemprop (default),average,balanced_accuracy,0.6717180527811726,0.05355415898213066
80.0,Chemprop (default),average,balanced_accuracy,0.6715508281909501,0.053760642672144796
81.0,Chemprop (default),average,balanced_accuracy,0.6719303769320643,0.05353064979948253
82.0,Chemprop (default),average,balanced_accuracy,0.6716289174032081,0.053421955236665056
83.0,Chemprop (default),average,balanced_accuracy,0.6723381863052542,0.0535968692426861
84.0,Chemprop (default),average,balanced_accuracy,0.6712182006690947,0.05333944707025674
85.0,Chemprop (default),average,balanced_accuracy,0.6712741515509631,0.05371583633004914
86.0,Chemprop (default),average,balanced_accuracy,0.671400393042497,0.053245073862511906
87.0,Chemprop (default),average,balanced_accuracy,0.6717341606976255,0.05353059396448966
88.0,Chemprop (default),average,balanced_accuracy,0.6714896510366859,0.053116470750715815
89.0,Chemprop (default),average,balanced_accuracy,0.671563673615735,0.052912990340319634
90.0,Chemprop (default),average,balanced_accuracy,0.6710722852909733,0.05346166253410578
91.0,Chemprop (default),average,balanced_accuracy,0.671254504741888,0.05390530068528736
92.0,Chemprop (default),average,balanced_accuracy,0.6711396337436563,0.053294339913846724
93.0,Chemprop (default),average,balanced_accuracy,0.6710565531240816,0.0533809195895351
94.0,Chemprop (default),average,balanced_accuracy,0.6712637006032803,0.0527934076370424
95.0,Chemprop (default),average,balanced_accuracy,0.6708098140420963,0.05328969261851389
96.0,Chemprop (default),average,balanced_accuracy,0.6715962548631111,0.05324022779004246
97.0,Chemprop (default),average,balanced_accuracy,0.6711665195267329,0.05395601024867042
98.0,Chemprop (default),average,balanced_accuracy,0.6709282684465603,0.05364457842547941
99.0,Chemprop (default),average,balanced_accuracy,0.6708152996274205,0.05445300407818561
100.0,Chemprop (default),average,balanced_accuracy,0.6706979834060927,0.05336164305537888
101.0,Chemprop (default),average,balanced_accuracy,0.6711031433507318,0.053672166084715
102.0,Chemprop (default),average,balanced_accuracy,0.6709667408996292,0.05377280901219917
103.0,Chemprop (default),average,balanced_accuracy,0.6716856156863922,0.05411612131962553
104.0,Chemprop (default),average,balanced_accuracy,0.6712896688703742,0.0539401075999539
105.0,Chemprop (default),average,balanced_accuracy,0.671317478517626,0.05475010026880603
106.0,Chemprop (default),average,balanced_accuracy,0.6712806285735272,0.05464335990781154
107.0,Chemprop (default),average,balanced_accuracy,0.6717905103031261,0.05495180618563129
108.0,Chemprop (default),average,balanced_accuracy,0.6708944032992171,0.05558443051205191
109.0,Chemprop (default),average,balanced_accuracy,0.6711519434385128,0.055040377093469636
110.0,Chemprop (default),average,balanced_accuracy,0.6708598115079911,0.05482282312910505
111.0,Chemprop (default),average,balanced_accuracy,0.6712253017797556,0.05502916897070793
112.0,Chemprop (default),average,balanced_accuracy,0.6708358138701151,0.05510479479867513
113.0,Chemprop (default),average,balanced_accuracy,0.6708216150497397,0.05537064505038978
114.0,Chemprop (default),average,balanced_accuracy,0.670016092210378,0.05508689849898417
115.0,Chemprop (default),average,balanced_accuracy,0.6703104373002974,0.055127939213546084
116.0,Chemprop (default),average,balanced_accuracy,0.6700798101487341,0.05524724269009034
117.0,Chemprop (default),average,balanced_accuracy,0.6705126180442699,0.054889983002491316
118.0,Chemprop (default),average,balanced_accuracy,0.6705205628421779,0.05549250521442763
119.0,Chemprop (default),average,balanced_accuracy,0.6706634621583389,0.05495944818495403
120.0,Chemprop (default),average,balanced_accuracy,0.6699686871419855,0.05533984348850971
121.0,Chemprop (default),average,balanced_accuracy,0.6700438173149509,0.05528302749209305
122.0,Chemprop (default),average,balanced_accuracy,0.6694018211387793,0.05521885143231922
123.0,Chemprop (default),average,balanced_accuracy,0.670417485762849,0.05484705456217115
124.0,Chemprop (default),average,balanced_accuracy,0.6699195362203051,0.05479202221545234
125.0,Chemprop (default),average,balanced_accuracy,0.670286722702624,0.05491700540746953
126.0,Chemprop (default),average,balanced_accuracy,0.6698476295424576,0.0552900327122702
127.0,Chemprop (default),average,balanced_accuracy,0.6693976762025255,0.05528379921838668
128.0,Chemprop (default),average,balanced_accuracy,0.6692262875035415,0.05441599324438311
129.0,Chemprop (default),average,balanced_accuracy,0.6693774997546467,0.05463650989405076
130.0,Chemprop (default),average,balanced_accuracy,0.669101920090937,0.054852544292694844
131.0,Chemprop (default),average,balanced_accuracy,0.6692997882529235,0.055840491135037966
132.0,Chemprop (default),average,balanced_accuracy,0.6687897643633463,0.05480128867671121
133.0,Chemprop (default),average,balanced_accuracy,0.6690777835780346,0.05589868992249918
134.0,Chemprop (default),average,balanced_accuracy,0.6679431893180171,0.055438909644051564
135.0,Chemprop (default),average,balanced_accuracy,0.6686964528338162,0.056119066396358504
136.0,Chemprop (default),average,balanced_accuracy,0.6674618734512835,0.055589681444026186
137.0,Chemprop (default),average,balanced_accuracy,0.6683040534818343,0.05541014513710035
138.0,Chemprop (default),average,balanced_accuracy,0.6678533969959427,0.05528999033125216
139.0,Chemprop (default),average,balanced_accuracy,0.6682975493806205,0.05556994969144111
140.0,Chemprop (default),average,balanced_accuracy,0.667884263742283,0.0553855092203224
141.0,Chemprop (default),average,balanced_accuracy,0.6681036157978189,0.05521190619477321
142.0,Chemprop (default),average,balanced_accuracy,0.6679592471069309,0.054796487038160965
143.0,Chemprop (default),average,balanced_accuracy,0.6683476556200989,0.05515346360941453
144.0,Chemprop (default),average,balanced_accuracy,0.6680183060687288,0.055234878892369096
145.0,Chemprop (default),average,balanced_accuracy,0.6678732429486898,0.05492859166406335
146.0,Chemprop (default),average,balanced_accuracy,0.6681752585987284,0.05522665622260549
147.0,Chemprop (default),average,balanced_accuracy,0.6677649095923651,0.055139221278865315
148.0,Chemprop (default),average,balanced_accuracy,0.6680939108705121,0.05492840450095878
149.0,Chemprop (default),average,balanced_accuracy,0.6671666738001326,0.05573373787407858
150.0,Chemprop (default),average,balanced_accuracy,0.6677932063929067,0.05559406812371588
151.0,Chemprop (default),average,balanced_accuracy,0.6676196211192742,0.05522157833419581
152.0,Chemprop (default),average,balanced_accuracy,0.6678486448955578,0.05470698169864811
153.0,Chemprop (default),average,balanced_accuracy,0.667386757002483,0.054959743974076124
154.0,Chemprop (default),average,balanced_accuracy,0.6677449307284385,0.05596598858350463
155.0,Chemprop (default),average,balanced_accuracy,0.6673629245217658,0.05543430110216385
156.0,Chemprop (default),average,balanced_accuracy,0.6675331585354032,0.0554365093226336
157.0,Chemprop (default),average,balanced_accuracy,0.6672852230586058,0.055396983746122994
158.0,Chemprop (default),average,balanced_accuracy,0.6673550804084217,0.055793608699775205
159.0,Chemprop (default),average,balanced_accuracy,0.6677588295098671,0.055525853437341684
160.0,Chemprop (default),average,balanced_accuracy,0.6673680674352573,0.05555827050003277
161.0,Chemprop (default),average,balanced_accuracy,0.6675601765288856,0.05519908707872424
162.0,Chemprop (default),average,balanced_accuracy,0.6673580998286818,0.05547410242706646
163.0,Chemprop (default),average,balanced_accuracy,0.6670780648822152,0.05544200516350603
164.0,Chemprop (default),average,balanced_accuracy,0.6667446482499312,0.055264915191154465
165.0,Chemprop (default),average,balanced_accuracy,0.6672618215282058,0.05519731102246769
166.0,Chemprop (default),average,balanced_accuracy,0.6667365116670654,0.05515297698898796
167.0,Chemprop (default),average,balanced_accuracy,0.667172991187046,0.05544595914931524
168.0,Chemprop (default),average,balanced_accuracy,0.6664658224926261,0.0556117223148808
169.0,Chemprop (default),average,balanced_accuracy,0.6666470805068887,0.05592157058790851
170.0,Chemprop (default),average,balanced_accuracy,0.6664414054284511,0.05582354452818058
171.0,Chemprop (default),average,balanced_accuracy,0.6664912980498763,0.05581296034965159
172.0,Chemprop (default),average,balanced_accuracy,0.6662756713685469,0.05584660314831384
173.0,Chemprop (default),average,balanced_accuracy,0.6661734779489293,0.055758788753047635
174.0,Chemprop (default),average,balanced_accuracy,0.665788434075824,0.05604337621491752
175.0,Chemprop (default),average,balanced_accuracy,0.6656648573490332,0.0562131403708697
176.0,Chemprop (default),average,balanced_accuracy,0.6658835044481488,0.05591679335352222
177.0,Chemprop (default),average,balanced_accuracy,0.6656698186975538,0.05609189752303625
178.0,Chemprop (default),average,balanced_accuracy,0.6656366749396916,0.055720143554922004
179.0,Chemprop (default),average,balanced_accuracy,0.665680666452092,0.055598179452948
180.0,Chemprop (default),average,balanced_accuracy,0.6658316743557502,0.05550782219162604
181.0,Chemprop (default),average,balanced_accuracy,0.6656945463436776,0.05557886918956742
182.0,Chemprop (default),average,balanced_accuracy,0.6655337970326461,0.05571595467641292
183.0,Chemprop (default),average,balanced_accuracy,0.6658137521857269,0.05599162854676591
184.0,Chemprop (default),average,balanced_accuracy,0.6656243220095012,0.05659223769706846
185.0,Chemprop (default),average,balanced_accuracy,0.6660859775811158,0.05621164889117824
186.0,Chemprop (default),average,balanced_accuracy,0.6659167592852233,0.05706910478588443
187.0,Chemprop (default),average,balanced_accuracy,0.6657528752933638,0.056840544418638776
188.0,Chemprop (default),average,balanced_accuracy,0.6653266085555039,0.05691200889121778
189.0,Chemprop (default),average,balanced_accuracy,0.6660670409102789,0.05640407911945904
190.0,Chemprop (default),average,balanced_accuracy,0.6656910332676937,0.056620128197014105
191.0,Chemprop (default),average,balanced_accuracy,0.6661031525816871,0.05644348949445308
192.0,Chemprop (default),average,balanced_accuracy,0.6652886232569506,0.0571015035469033
193.0,Chemprop (default),average,balanced_accuracy,0.6653528631493388,0.05652105573848113
194.0,Chemprop (default),average,balanced_accuracy,0.6658166256204412,0.05588347990732748
195.0,Chemprop (default),average,balanced_accuracy,0.6660852127509667,0.056066763070732314
196.0,Chemprop (default),average,balanced_accuracy,0.6653735021433446,0.05629618898227315
197.0,Chemprop (default),average,balanced_accuracy,0.6653379802044637,0.055742162493896796
198.0,Chemprop (default),average,balanced_accuracy,0.6654797933244062,0.05660714342512594
199.0,Chemprop (default),average,balanced_accuracy,0.6651214111681153,0.05629322634697328
200.0,Chemprop (default),average,balanced_accuracy,0.6651940902718197,0.056545823876555226
1.0,Chemprop (large),average,balanced_accuracy,0.6638108267532324,0.044006229677913324
2.0,Chemprop (large),average,balanced_accuracy,0.6638108267532324,0.044006229677913324
3.0,Chemprop (large),average,balanced_accuracy,0.6666753427880652,0.042192906677779904
4.0,Chemprop (large),average,balanced_accuracy,0.6655673178431399,0.043041563064718125
5.0,Chemprop (large),average,balanced_accuracy,0.6671364854886035,0.04166828369204072
6.0,Chemprop (large),average,balanced_accuracy,0.6667343910958681,0.041738955032025175
7.0,Chemprop (large),average,balanced_accuracy,0.6663814054197376,0.04326564891182662
8.0,Chemprop (large),average,balanced_accuracy,0.6664629750294437,0.04340545356954365
9.0,Chemprop (large),average,balanced_accuracy,0.6660280601693894,0.0445220539979265
10.0,Chemprop (large),average,balanced_accuracy,0.6660764315969719,0.04406359439625002
11.0,Chemprop (large),average,balanced_accuracy,0.6661659660451364,0.045220393134341744
12.0,Chemprop (large),average,balanced_accuracy,0.6669243811113585,0.04459879162978488
13.0,Chemprop (large),average,balanced_accuracy,0.6669747652288476,0.04395406328333975
14.0,Chemprop (large),average,balanced_accuracy,0.6673617745140793,0.04354800752769546
15.0,Chemprop (large),average,balanced_accuracy,0.6676730804037375,0.044300128364312547
16.0,Chemprop (large),average,balanced_accuracy,0.6676695556707655,0.04465793758144413
17.0,Chemprop (large),average,balanced_accuracy,0.6682115789835633,0.04347269220688354
18.0,Chemprop (large),average,balanced_accuracy,0.6676558018788669,0.045219360981913134
19.0,Chemprop (large),average,balanced_accuracy,0.66753135240337,0.04532850506205028
20.0,Chemprop (large),average,balanced_accuracy,0.6669032826115029,0.046351841903413064
21.0,Chemprop (large),average,balanced_accuracy,0.667214375679662,0.04647066083833309
22.0,Chemprop (large),average,balanced_accuracy,0.6670730062352148,0.045749992577113825
23.0,Chemprop (large),average,balanced_accuracy,0.667287605807374,0.046734719963008556
24.0,Chemprop (large),average,balanced_accuracy,0.6672189478986748,0.04654447933444186
25.0,Chemprop (large),average,balanced_accuracy,0.6679456239699185,0.0460092777820696
26.0,Chemprop (large),average,balanced_accuracy,0.667807000620637,0.045589820891736
27.0,Chemprop (large),average,balanced_accuracy,0.6677872877960362,0.04500134200671503
28.0,Chemprop (large),average,balanced_accuracy,0.6676724233625196,0.045937653666118634
29.0,Chemprop (large),average,balanced_accuracy,0.667493526168235,0.04613468286956434
30.0,Chemprop (large),average,balanced_accuracy,0.6677123185778163,0.04656374948314103
31.0,Chemprop (large),average,balanced_accuracy,0.6677148778407213,0.04701262194470455
32.0,Chemprop (large),average,balanced_accuracy,0.6681778821490331,0.04664977258466188
33.0,Chemprop (large),average,balanced_accuracy,0.6675042318625927,0.0467926687739041
34.0,Chemprop (large),average,balanced_accuracy,0.6674586406984514,0.04627506973320723
35.0,Chemprop (large),average,balanced_accuracy,0.6672330834110402,0.04729018124626141
36.0,Chemprop (large),average,balanced_accuracy,0.6678450465798456,0.04673230396451979
37.0,Chemprop (large),average,balanced_accuracy,0.6679654817622542,0.04669016220421273
38.0,Chemprop (large),average,balanced_accuracy,0.6687452881862737,0.04663876369122672
39.0,Chemprop (large),average,balanced_accuracy,0.6688474901007604,0.046480211623989943
40.0,Chemprop (large),average,balanced_accuracy,0.6682745031666615,0.046458832150600406
41.0,Chemprop (large),average,balanced_accuracy,0.6682375477126502,0.04671114421015832
42.0,Chemprop (large),average,balanced_accuracy,0.6682174088545859,0.046356196096522743
43.0,Chemprop (large),average,balanced_accuracy,0.6685836201518408,0.04615342887843773
44.0,Chemprop (large),average,balanced_accuracy,0.6683081407162669,0.046622632042626115
45.0,Chemprop (large),average,balanced_accuracy,0.6687240209257733,0.04681964082572924
46.0,Chemprop (large),average,balanced_accuracy,0.6684205087992049,0.04774505482327749
47.0,Chemprop (large),average,balanced_accuracy,0.6690500037040376,0.04676471009817196
48.0,Chemprop (large),average,balanced_accuracy,0.6682404286150679,0.04701668498270328
49.0,Chemprop (large),average,balanced_accuracy,0.6683420747634404,0.04681507220336458
50.0,Chemprop (large),average,balanced_accuracy,0.6682032937368103,0.04632548676004552
51.0,Chemprop (large),average,balanced_accuracy,0.6678410990904371,0.04696285946766785
52.0,Chemprop (large),average,balanced_accuracy,0.6678989025483488,0.04714845625246564
53.0,Chemprop (large),average,balanced_accuracy,0.6681017052839155,0.04632609588778892
54.0,Chemprop (large),average,balanced_accuracy,0.667899161684321,0.04647450541299103
55.0,Chemprop (large),average,balanced_accuracy,0.668013000054913,0.046200766213686136
56.0,Chemprop (large),average,balanced_accuracy,0.668140633696838,0.04657475129111555
57.0,Chemprop (large),average,balanced_accuracy,0.6684114247438534,0.04639728240722434
58.0,Chemprop (large),average,balanced_accuracy,0.6681341318503142,0.045615354495804485
59.0,Chemprop (large),average,balanced_accuracy,0.668493272662129,0.046106340295609734
60.0,Chemprop (large),average,balanced_accuracy,0.6683886091586752,0.04616815606277682
61.0,Chemprop (large),average,balanced_accuracy,0.668708746914796,0.04547219378902683
62.0,Chemprop (large),average,balanced_accuracy,0.6682458682239992,0.046023842833659144
63.0,Chemprop (large),average,balanced_accuracy,0.6685893541790598,0.04557036029418856
64.0,Chemprop (large),average,balanced_accuracy,0.6683975778722988,0.0456904406701397
65.0,Chemprop (large),average,balanced_accuracy,0.6687305404347026,0.045549201298625185
66.0,Chemprop (large),average,balanced_accuracy,0.6686249380889373,0.04573516482485775
67.0,Chemprop (large),average,balanced_accuracy,0.6686367989762979,0.045204530739049335
68.0,Chemprop (large),average,balanced_accuracy,0.6684977692485985,0.04509869141643115
69.0,Chemprop (large),average,balanced_accuracy,0.6682486901709049,0.04597651716108308
70.0,Chemprop (large),average,balanced_accuracy,0.6680320464609969,0.046030829248304234
71.0,Chemprop (large),average,balanced_accuracy,0.668463833870224,0.04554574411426365
72.0,Chemprop (large),average,balanced_accuracy,0.6688376013299194,0.04562189692807409
73.0,Chemprop (large),average,balanced_accuracy,0.6689875521297708,0.04531483653178768
74.0,Chemprop (large),average,balanced_accuracy,0.6689101016350983,0.045062241890702674
75.0,Chemprop (large),average,balanced_accuracy,0.6691460998603377,0.04546338983489138
76.0,Chemprop (large),average,balanced_accuracy,0.6693187883061436,0.045248125902145275
77.0,Chemprop (large),average,balanced_accuracy,0.6687599613932211,0.04645265513394519
78.0,Chemprop (large),average,balanced_accuracy,0.6692597697289634,0.04531979130100874
79.0,Chemprop (large),average,balanced_accuracy,0.6691666850030817,0.04538965408159609
80.0,Chemprop (large),average,balanced_accuracy,0.6692427637286267,0.04552378625950177
81.0,Chemprop (large),average,balanced_accuracy,0.6693139608667498,0.045595593918654975
82.0,Chemprop (large),average,balanced_accuracy,0.6690363947318133,0.045628699124039065
83.0,Chemprop (large),average,balanced_accuracy,0.6687570747068615,0.04549406847446789
84.0,Chemprop (large),average,balanced_accuracy,0.6690785076007567,0.045490805958217355
85.0,Chemprop (large),average,balanced_accuracy,0.6693630190696486,0.0455196847473734
86.0,Chemprop (large),average,balanced_accuracy,0.669255985992914,0.04559101971898405
87.0,Chemprop (large),average,balanced_accuracy,0.6685484765336862,0.04612639721808736
88.0,Chemprop (large),average,balanced_accuracy,0.6690207671037329,0.04590630669080106
89.0,Chemprop (large),average,balanced_accuracy,0.6686517996619635,0.04626005057232729
90.0,Chemprop (large),average,balanced_accuracy,0.6690635511701192,0.045917638590854896
91.0,Chemprop (large),average,balanced_accuracy,0.6689286156590663,0.04630282333889423
92.0,Chemprop (large),average,balanced_accuracy,0.6693244167778919,0.04589264550706239
93.0,Chemprop (large),average,balanced_accuracy,0.6696801631737219,0.04597192449908175
94.0,Chemprop (large),average,balanced_accuracy,0.6698215704935904,0.04568343120559326
95.0,Chemprop (large),average,balanced_accuracy,0.6697188226342585,0.04619266825185128
96.0,Chemprop (large),average,balanced_accuracy,0.6699151450924268,0.04565865464625832
97.0,Chemprop (large),average,balanced_accuracy,0.6696970876203744,0.04608054741079528
98.0,Chemprop (large),average,balanced_accuracy,0.6695730213063494,0.046017941335131894
99.0,Chemprop (large),average,balanced_accuracy,0.6699253118245846,0.045693199270838473
100.0,Chemprop (large),average,balanced_accuracy,0.6698997981468062,0.04604437696205287
101.0,Chemprop (large),average,balanced_accuracy,0.6695123244069401,0.046495640856075694
102.0,Chemprop (large),average,balanced_accuracy,0.6697155338752033,0.04645032343335723
103.0,Chemprop (large),average,balanced_accuracy,0.6695535754757712,0.04696533784862046
104.0,Chemprop (large),average,balanced_accuracy,0.6695040001485398,0.046803938989339204
105.0,Chemprop (large),average,balanced_accuracy,0.6696859936180384,0.04692439789995197
106.0,Chemprop (large),average,balanced_accuracy,0.6694155509407561,0.04661315053691101
107.0,Chemprop (large),average,balanced_accuracy,0.6695069618534673,0.04653303582660711
108.0,Chemprop (large),average,balanced_accuracy,0.6695587253391702,0.04578439218293779
109.0,Chemprop (large),average,balanced_accuracy,0.6694375179273409,0.04667868662595645
110.0,Chemprop (large),average,balanced_accuracy,0.6696546726367258,0.046262611644742636
111.0,Chemprop (large),average,balanced_accuracy,0.6692386505664482,0.0471099338005279
112.0,Chemprop (large),average,balanced_accuracy,0.6696911217653185,0.04635145542216012
113.0,Chemprop (large),average,balanced_accuracy,0.6696769204446221,0.04677592792799119
114.0,Chemprop (large),average,balanced_accuracy,0.6702153943144888,0.04652867969929877
115.0,Chemprop (large),average,balanced_accuracy,0.6700670366201089,0.04698729398120924
116.0,Chemprop (large),average,balanced_accuracy,0.6698392010376751,0.04672718478017875
117.0,Chemprop (large),average,balanced_accuracy,0.6697514587598016,0.04675261344026249
118.0,Chemprop (large),average,balanced_accuracy,0.6694255749513215,0.04679412736113704
119.0,Chemprop (large),average,balanced_accuracy,0.6693427372809876,0.046816155007695884
120.0,Chemprop (large),average,balanced_accuracy,0.6694638289469812,0.04690221118374438
121.0,Chemprop (large),average,balanced_accuracy,0.6694243999596319,0.046809755701008
122.0,Chemprop (large),average,balanced_accuracy,0.6696009573904556,0.04682985217984854
123.0,Chemprop (large),average,balanced_accuracy,0.6694034571446662,0.04658900742786481
124.0,Chemprop (large),average,balanced_accuracy,0.6693556239554745,0.04642050903320521
125.0,Chemprop (large),average,balanced_accuracy,0.6694456471048613,0.046090471290274264
126.0,Chemprop (large),average,balanced_accuracy,0.6697925943383259,0.04602764236567283
127.0,Chemprop (large),average,balanced_accuracy,0.669505163154048,0.046229178658970194
128.0,Chemprop (large),average,balanced_accuracy,0.6702170858043957,0.04543471858056339
129.0,Chemprop (large),average,balanced_accuracy,0.6697250465255573,0.04590783828685418
130.0,Chemprop (large),average,balanced_accuracy,0.6695421077493406,0.04503390643064048
131.0,Chemprop (large),average,balanced_accuracy,0.669655797190955,0.04538657727853195
132.0,Chemprop (large),average,balanced_accuracy,0.669593243511295,0.045333651099809746
133.0,Chemprop (large),average,balanced_accuracy,0.6695475020395734,0.04539509307428416
134.0,Chemprop (large),average,balanced_accuracy,0.6697241680452264,0.04586435547813181
135.0,Chemprop (large),average,balanced_accuracy,0.6693909337384361,0.04551458363564993
136.0,Chemprop (large),average,balanced_accuracy,0.6692368489543292,0.04602178533213517
137.0,Chemprop (large),average,balanced_accuracy,0.6698230299261154,0.046023744867417615
138.0,Chemprop (large),average,balanced_accuracy,0.6694093708871725,0.04592243083466005
139.0,Chemprop (large),average,balanced_accuracy,0.6693377246816888,0.04598767590022725
140.0,Chemprop (large),average,balanced_accuracy,0.669539018508151,0.04639082369795945
141.0,Chemprop (large),average,balanced_accuracy,0.6698004407449244,0.04582866886201615
142.0,Chemprop (large),average,balanced_accuracy,0.6696837337100985,0.046540296725501334
143.0,Chemprop (large),average,balanced_accuracy,0.6699181044832785,0.046014086136995536
144.0,Chemprop (large),average,balanced_accuracy,0.6694248913305,0.04657486830251308
145.0,Chemprop (large),average,balanced_accuracy,0.6696605489486587,0.046057286729557556
146.0,Chemprop (large),average,balanced_accuracy,0.6693310319851588,0.04640390600035844
147.0,Chemprop (large),average,balanced_accuracy,0.6697278589339972,0.04596599791660222
148.0,Chemprop (large),average,balanced_accuracy,0.6695000208010928,0.04625290330304242
149.0,Chemprop (large),average,balanced_accuracy,0.6694982956995114,0.04639150522150156
150.0,Chemprop (large),average,balanced_accuracy,0.6694016561063918,0.04631924673493501
151.0,Chemprop (large),average,balanced_accuracy,0.6693296823416189,0.04632677330485848
152.0,Chemprop (large),average,balanced_accuracy,0.6693566260928355,0.046168989677354326
153.0,Chemprop (large),average,balanced_accuracy,0.6694435412210789,0.045831536708997506
154.0,Chemprop (large),average,balanced_accuracy,0.6693756078188683,0.04612101967464763
155.0,Chemprop (large),average,balanced_accuracy,0.6691475559756696,0.04627703232036923
156.0,Chemprop (large),average,balanced_accuracy,0.6690003709537753,0.04612534457016179
157.0,Chemprop (large),average,balanced_accuracy,0.6690770488415513,0.04635746638423805
158.0,Chemprop (large),average,balanced_accuracy,0.6691521319875542,0.04624457084141673
159.0,Chemprop (large),average,balanced_accuracy,0.6695004080897968,0.04577393085824449
160.0,Chemprop (large),average,balanced_accuracy,0.6691261135417915,0.04571677298821933
161.0,Chemprop (large),average,balanced_accuracy,0.6692033279919043,0.045774585671956435
162.0,Chemprop (large),average,balanced_accuracy,0.6689401519853142,0.04524905780878822
163.0,Chemprop (large),average,balanced_accuracy,0.669396978206343,0.04568721903854205
164.0,Chemprop (large),average,balanced_accuracy,0.6692025161981495,0.04537969322690372
165.0,Chemprop (large),average,balanced_accuracy,0.6694645814008198,0.04575056729861765
166.0,Chemprop (large),average,balanced_accuracy,0.6691970554014118,0.04566136347086728
167.0,Chemprop (large),average,balanced_accuracy,0.6693490604642868,0.045790750110977274
168.0,Chemprop (large),average,balanced_accuracy,0.6695226951664381,0.04580962569107847
169.0,Chemprop (large),average,balanced_accuracy,0.6693727379631634,0.045665129084872934
170.0,Chemprop (large),average,balanced_accuracy,0.6690858303469953,0.0456720008144236
171.0,Chemprop (large),average,balanced_accuracy,0.6692893296682414,0.04563541485920181
172.0,Chemprop (large),average,balanced_accuracy,0.6689373910187746,0.04572189853808098
173.0,Chemprop (large),average,balanced_accuracy,0.6689661584778261,0.04577657897780836
174.0,Chemprop (large),average,balanced_accuracy,0.6687387215780454,0.046000732896337236
175.0,Chemprop (large),average,balanced_accuracy,0.6686336393299674,0.046412568538172556
176.0,Chemprop (large),average,balanced_accuracy,0.6690909943629044,0.046198409504885636
177.0,Chemprop (large),average,balanced_accuracy,0.6691412779140614,0.04630695992636994
178.0,Chemprop (large),average,balanced_accuracy,0.6691801709900039,0.04637137098157803
179.0,Chemprop (large),average,balanced_accuracy,0.6695314551452698,0.04617049547347724
180.0,Chemprop (large),average,balanced_accuracy,0.6691176702987159,0.0463462945503008
181.0,Chemprop (large),average,balanced_accuracy,0.6691500204961853,0.046614097972952954
182.0,Chemprop (large),average,balanced_accuracy,0.6685872210430917,0.047110057028452695
183.0,Chemprop (large),average,balanced_accuracy,0.6687754674989081,0.04698091315586275
184.0,Chemprop (large),average,balanced_accuracy,0.6687254728929013,0.04695271184146341
185.0,Chemprop (large),average,balanced_accuracy,0.668639650536592,0.047011654073505535
186.0,Chemprop (large),average,balanced_accuracy,0.668291647892778,0.047178710806782265
187.0,Chemprop (large),average,balanced_accuracy,0.6687354231697611,0.04707550651950308
188.0,Chemprop (large),average,balanced_accuracy,0.6684437818487665,0.04688598929174303
189.0,Chemprop (large),average,balanced_accuracy,0.6685842169905009,0.04762833775624529
190.0,Chemprop (large),average,balanced_accuracy,0.6678552417552045,0.04771691254599888
191.0,Chemprop (large),average,balanced_accuracy,0.6680250561441504,0.04738136766863873
192.0,Chemprop (large),average,balanced_accuracy,0.6677249621035786,0.04741371839949166
193.0,Chemprop (large),average,balanced_accuracy,0.6678415446413001,0.047536809032920437
194.0,Chemprop (large),average,balanced_accuracy,0.667422583195043,0.04748965138282034
195.0,Chemprop (large),average,balanced_accuracy,0.6678172770086614,0.04737955598581765
196.0,Chemprop (large),average,balanced_accuracy,0.6678773765176248,0.04744221389677388
197.0,Chemprop (large),average,balanced_accuracy,0.6679344664726048,0.04718698400985743
198.0,Chemprop (large),average,balanced_accuracy,0.6675599930137612,0.04721291339202927
199.0,Chemprop (large),average,balanced_accuracy,0.667725788934855,0.04721030223621807
200.0,Chemprop (large),average,balanced_accuracy,0.6676063784859592,0.04720403949632726
1.0,Morgan,average,balanced_accuracy,0.6348039000990332,0.03807674217044321
2.0,Morgan,average,balanced_accuracy,0.6367683872351514,0.03818390499477506
3.0,Morgan,average,balanced_accuracy,0.6301716632481004,0.03942384764374075
4.0,Morgan,average,balanced_accuracy,0.6335315957922768,0.040066011650817294
5.0,Morgan,average,balanced_accuracy,0.6262207821563525,0.038593552112010585
6.0,Morgan,average,balanced_accuracy,0.6271493525116902,0.04123354671987376
7.0,Morgan,average,balanced_accuracy,0.6133394353291396,0.040999578487553
8.0,Morgan,average,balanced_accuracy,0.6160868503148984,0.04101948063520239
9.0,Morgan,average,balanced_accuracy,0.6041546462380363,0.043046778844818945
10.0,Morgan,average,balanced_accuracy,0.6077530753190424,0.042538293945145196
11.0,Morgan,average,balanced_accuracy,0.5971420866351361,0.04428982691193746
12.0,Morgan,average,balanced_accuracy,0.6001588494154448,0.04610528679364022
13.0,Morgan,average,balanced_accuracy,0.5929403711547598,0.04560226333959067
14.0,Morgan,average,balanced_accuracy,0.5953487851169981,0.04616616935274539
15.0,Morgan,average,balanced_accuracy,0.5892029701774503,0.0453442034220363
16.0,Morgan,average,balanced_accuracy,0.589429276997068,0.04687288918984063
17.0,Morgan,average,balanced_accuracy,0.5854842997455912,0.04650943356641389
18.0,Morgan,average,balanced_accuracy,0.5848536192216031,0.04670550934314756
19.0,Morgan,average,balanced_accuracy,0.5818637131854908,0.04546806654496493
20.0,Morgan,average,balanced_accuracy,0.5815435866396708,0.04609714922948014
21.0,Morgan,average,balanced_accuracy,0.5765439754010997,0.046252550347220305
22.0,Morgan,average,balanced_accuracy,0.5769962568505822,0.04653702921138851
23.0,Morgan,average,balanced_accuracy,0.5737831129615301,0.04673199663066238
24.0,Morgan,average,balanced_accuracy,0.5733743002429661,0.04710191337933377
25.0,Morgan,average,balanced_accuracy,0.5693083372358572,0.04617649585360907
26.0,Morgan,average,balanced_accuracy,0.5696068141790226,0.046839498110134964
27.0,Morgan,average,balanced_accuracy,0.5668302176009946,0.047047626323306724
28.0,Morgan,average,balanced_accuracy,0.5655059478016164,0.04701247170360321
29.0,Morgan,average,balanced_accuracy,0.5632388583614756,0.04606480494821298
30.0,Morgan,average,balanced_accuracy,0.5614258337842258,0.047854065569744864
31.0,Morgan,average,balanced_accuracy,0.5595614484362254,0.04719081420159475
32.0,Morgan,average,balanced_accuracy,0.559522770078231,0.04812823336608735
33.0,Morgan,average,balanced_accuracy,0.5565877916114046,0.047412877500961105
34.0,Morgan,average,balanced_accuracy,0.5566967749492386,0.04830668455038647
35.0,Morgan,average,balanced_accuracy,0.5544238180267954,0.048556444495608475
36.0,Morgan,average,balanced_accuracy,0.5548902541899655,0.04906912833139707
37.0,Morgan,average,balanced_accuracy,0.5527874786750508,0.04852692191448766
38.0,Morgan,average,balanced_accuracy,0.5526405035115914,0.04919286361271183
39.0,Morgan,average,balanced_accuracy,0.5506522305979232,0.04902532254803107
40.0,Morgan,average,balanced_accuracy,0.5511882892178772,0.04893113571520432
41.0,Morgan,average,balanced_accuracy,0.5491584504820552,0.048760837756035375
42.0,Morgan,average,balanced_accuracy,0.5493828757945198,0.04840724581276297
43.0,Morgan,average,balanced_accuracy,0.5476466720078214,0.04775582592161525
44.0,Morgan,average,balanced_accuracy,0.547126679694915,0.047922913315490125
45.0,Morgan,average,balanced_accuracy,0.5463421331560617,0.04659276073529937
46.0,Morgan,average,balanced_accuracy,0.5459450454259612,0.046839787805067264
47.0,Morgan,average,balanced_accuracy,0.5450915066108287,0.04618814935709034
48.0,Morgan,average,balanced_accuracy,0.5448145963203959,0.046088503934889447
49.0,Morgan,average,balanced_accuracy,0.5437306304609646,0.046080253835749
50.0,Morgan,average,balanced_accuracy,0.5431887234526822,0.04626047477795824
51.0,Morgan,average,balanced_accuracy,0.5426294213440737,0.04605714160075056
52.0,Morgan,average,balanced_accuracy,0.5422557647431362,0.045814126305354676
53.0,Morgan,average,balanced_accuracy,0.5416991778380994,0.04590045377089169
54.0,Morgan,average,balanced_accuracy,0.541599733791109,0.04546971697003795
55.0,Morgan,average,balanced_accuracy,0.5412443599239596,0.044998807824176895
56.0,Morgan,average,balanced_accuracy,0.5420217287780627,0.04561536479979923
57.0,Morgan,average,balanced_accuracy,0.5403101183548344,0.04446496491696827
58.0,Morgan,average,balanced_accuracy,0.5397308362321278,0.044994972651222036
59.0,Morgan,average,balanced_accuracy,0.5378518127494368,0.04407378242084775
60.0,Morgan,average,balanced_accuracy,0.537795912429591,0.04436738495114168
61.0,Morgan,average,balanced_accuracy,0.5372655915625133,0.04399893381459712
62.0,Morgan,average,balanced_accuracy,0.5376681125512797,0.04382032818113892
63.0,Morgan,average,balanced_accuracy,0.536254738203103,0.04451469085366101
64.0,Morgan,average,balanced_accuracy,0.5361101078277628,0.04409537736011634
65.0,Morgan,average,balanced_accuracy,0.5350918208108615,0.04418677985091615
66.0,Morgan,average,balanced_accuracy,0.5354440614292577,0.04380130597892622
67.0,Morgan,average,balanced_accuracy,0.5341464421242818,0.042701334320724815
68.0,Morgan,average,balanced_accuracy,0.5351275903475213,0.04280791249117979
69.0,Morgan,average,balanced_accuracy,0.5338399608548895,0.042768478970401584
70.0,Morgan,average,balanced_accuracy,0.5340500263269109,0.04269032491451009
71.0,Morgan,average,balanced_accuracy,0.5334391909367829,0.042196056583883756
72.0,Morgan,average,balanced_accuracy,0.5335255316389729,0.04185437105222699
73.0,Morgan,average,balanced_accuracy,0.5333083779220769,0.04183792260939228
74.0,Morgan,average,balanced_accuracy,0.5330890569966242,0.041547287430297106
75.0,Morgan,average,balanced_accuracy,0.5324756293800267,0.041846994827193576
76.0,Morgan,average,balanced_accuracy,0.5323254705385951,0.04108300012527122
77.0,Morgan,average,balanced_accuracy,0.53155799487316,0.040628447934439794
78.0,Morgan,average,balanced_accuracy,0.5314418927106305,0.04017509836936926
79.0,Morgan,average,balanced_accuracy,0.5313650903118302,0.04049033976177564
80.0,Morgan,average,balanced_accuracy,0.5317173047899925,0.04028959376739425
81.0,Morgan,average,balanced_accuracy,0.5311789120425796,0.04020184443422602
82.0,Morgan,average,balanced_accuracy,0.530804836862827,0.039716833669973
83.0,Morgan,average,balanced_accuracy,0.5308566303373101,0.03952515203309895
84.0,Morgan,average,balanced_accuracy,0.5302610151494045,0.03964395670307483
85.0,Morgan,average,balanced_accuracy,0.5300639334190139,0.03980397619293754
86.0,Morgan,average,balanced_accuracy,0.5299813085699078,0.039160330784910935
87.0,Morgan,average,balanced_accuracy,0.5299067959074099,0.03898096972468001
88.0,Morgan,average,balanced_accuracy,0.5295839355581344,0.03884002113294258
89.0,Morgan,average,balanced_accuracy,0.5296060020592261,0.038436334405303293
90.0,Morgan,average,balanced_accuracy,0.5301897940108412,0.038251302276148556
91.0,Morgan,average,balanced_accuracy,0.5292458352877074,0.038595688325926386
92.0,Morgan,average,balanced_accuracy,0.5295721527166937,0.03827199578843727
93.0,Morgan,average,balanced_accuracy,0.5291049740492171,0.038280634959958405
94.0,Morgan,average,balanced_accuracy,0.5288501917239687,0.037756763200302204
95.0,Morgan,average,balanced_accuracy,0.5289740272334668,0.03770118004277212
96.0,Morgan,average,balanced_accuracy,0.5286619776916185,0.03714941379394347
97.0,Morgan,average,balanced_accuracy,0.5280840634193928,0.037793626943176305
98.0,Morgan,average,balanced_accuracy,0.5282904614996071,0.03734411045377174
99.0,Morgan,average,balanced_accuracy,0.5282620256290891,0.037096127773626836
100.0,Morgan,average,balanced_accuracy,0.5285748185343186,0.03697754519533315
101.0,Morgan,average,balanced_accuracy,0.5269109967513786,0.036685899431174084
102.0,Morgan,average,balanced_accuracy,0.5270815454521048,0.036730065685718766
103.0,Morgan,average,balanced_accuracy,0.5264346733857709,0.03634973808818431
104.0,Morgan,average,balanced_accuracy,0.5271527403661599,0.03572255851419093
105.0,Morgan,average,balanced_accuracy,0.5264651261189627,0.035549463616681314
106.0,Morgan,average,balanced_accuracy,0.5263539780885552,0.036023761681645394
107.0,Morgan,average,balanced_accuracy,0.5260436773977901,0.03570597380200075
108.0,Morgan,average,balanced_accuracy,0.5251608162286137,0.03534681557947087
109.0,Morgan,average,balanced_accuracy,0.5252705627536819,0.035720444006774564
110.0,Morgan,average,balanced_accuracy,0.5253947082732717,0.03527205854298858
111.0,Morgan,average,balanced_accuracy,0.5253391683081652,0.0354857531890429
112.0,Morgan,average,balanced_accuracy,0.5255581137219295,0.035648381280463534
113.0,Morgan,average,balanced_accuracy,0.5252658983528132,0.035248065087145425
114.0,Morgan,average,balanced_accuracy,0.5251951429478495,0.03465373850456376
115.0,Morgan,average,balanced_accuracy,0.5244493896716054,0.0343905582499904
116.0,Morgan,average,balanced_accuracy,0.5245088700370225,0.03457953448477832
117.0,Morgan,average,balanced_accuracy,0.5243459782079731,0.03434996576344865
118.0,Morgan,average,balanced_accuracy,0.5243883872168201,0.0339605926604808
119.0,Morgan,average,balanced_accuracy,0.5238555255795455,0.033836205733027175
120.0,Morgan,average,balanced_accuracy,0.5235028182931468,0.03363031378362968
121.0,Morgan,average,balanced_accuracy,0.5231814974015507,0.03361553732766128
122.0,Morgan,average,balanced_accuracy,0.5234501772572273,0.03381456936766975
123.0,Morgan,average,balanced_accuracy,0.5226442791368334,0.033882881827375824
124.0,Morgan,average,balanced_accuracy,0.5227592358382018,0.03346671766957565
125.0,Morgan,average,balanced_accuracy,0.5219974265954316,0.03335744276330362
126.0,Morgan,average,balanced_accuracy,0.5220208885789289,0.03313245267524061
127.0,Morgan,average,balanced_accuracy,0.5218459004892366,0.03332586300193325
128.0,Morgan,average,balanced_accuracy,0.5215750819365563,0.03306297190951665
129.0,Morgan,average,balanced_accuracy,0.521441345658873,0.03301081004165303
130.0,Morgan,average,balanced_accuracy,0.5212919627224887,0.03231236537061391
131.0,Morgan,average,balanced_accuracy,0.5208207756447597,0.03239272850643713
132.0,Morgan,average,balanced_accuracy,0.5211174935670715,0.03276984253883408
133.0,Morgan,average,balanced_accuracy,0.5207597295373579,0.032558687271857775
134.0,Morgan,average,balanced_accuracy,0.5207689731980631,0.032158039261638946
135.0,Morgan,average,balanced_accuracy,0.5203248492148982,0.032102109982710327
136.0,Morgan,average,balanced_accuracy,0.5205081618838108,0.03183562842368071
137.0,Morgan,average,balanced_accuracy,0.5200777105368205,0.03200111551566886
138.0,Morgan,average,balanced_accuracy,0.5200191014588187,0.032213466585923715
139.0,Morgan,average,balanced_accuracy,0.5202207891651739,0.032096839474010916
140.0,Morgan,average,balanced_accuracy,0.5204199838985956,0.032136536157027946
141.0,Morgan,average,balanced_accuracy,0.5200153476764071,0.03194789035744006
142.0,Morgan,average,balanced_accuracy,0.5203268772561676,0.0319972756274102
143.0,Morgan,average,balanced_accuracy,0.5199352075677374,0.03217022791647537
144.0,Morgan,average,balanced_accuracy,0.5199456192685167,0.0321371185008492
145.0,Morgan,average,balanced_accuracy,0.5195745092554674,0.031955721635164
146.0,Morgan,average,balanced_accuracy,0.5195364846943081,0.031467568893089236
147.0,Morgan,average,balanced_accuracy,0.519359565444368,0.031419181322942705
148.0,Morgan,average,balanced_accuracy,0.5192859558160334,0.031537815093873406
149.0,Morgan,average,balanced_accuracy,0.5190944912871791,0.031384279617328474
150.0,Morgan,average,balanced_accuracy,0.5190719298321621,0.03159110054575179
151.0,Morgan,average,balanced_accuracy,0.5188461078320898,0.03157514708031468
152.0,Morgan,average,balanced_accuracy,0.5185835812498639,0.031412492988589516
153.0,Morgan,average,balanced_accuracy,0.518602267311139,0.031241976384060455
154.0,Morgan,average,balanced_accuracy,0.5186811247385239,0.031732144464478244
155.0,Morgan,average,balanced_accuracy,0.5188536923217173,0.030953342596005733
156.0,Morgan,average,balanced_accuracy,0.5185742044180252,0.03105515060129368
157.0,Morgan,average,balanced_accuracy,0.518554963555597,0.03125011958816113
158.0,Morgan,average,balanced_accuracy,0.5182783007853362,0.03124557187982842
159.0,Morgan,average,balanced_accuracy,0.5181881940111313,0.03093521324973077
160.0,Morgan,average,balanced_accuracy,0.5180706712768114,0.030829630762347963
161.0,Morgan,average,balanced_accuracy,0.5177564203841415,0.030579374735419742
162.0,Morgan,average,balanced_accuracy,0.5179888708037571,0.03076718452503303
163.0,Morgan,average,balanced_accuracy,0.5176319314825012,0.03008234424410581
164.0,Morgan,average,balanced_accuracy,0.5177921346017995,0.030237797960132887
165.0,Morgan,average,balanced_accuracy,0.5175589644898416,0.029956871747889358
166.0,Morgan,average,balanced_accuracy,0.5176173919297586,0.02991610600952033
167.0,Morgan,average,balanced_accuracy,0.5172776905638962,0.02977500031246988
168.0,Morgan,average,balanced_accuracy,0.5172408707737756,0.029785515888575646
169.0,Morgan,average,balanced_accuracy,0.5168210549158556,0.029368405415765457
170.0,Morgan,average,balanced_accuracy,0.5168491140202811,0.029176596404538613
171.0,Morgan,average,balanced_accuracy,0.5168675827090657,0.029420128502316158
172.0,Morgan,average,balanced_accuracy,0.5168756267849175,0.029241144291837655
173.0,Morgan,average,balanced_accuracy,0.5168729810329724,0.029361098684592933
174.0,Morgan,average,balanced_accuracy,0.5168911194786265,0.02940475831188165
175.0,Morgan,average,balanced_accuracy,0.5169328234631836,0.029289384401683053
176.0,Morgan,average,balanced_accuracy,0.5167280556629169,0.02913947996861453
177.0,Morgan,average,balanced_accuracy,0.5168841810222605,0.02923388120885085
178.0,Morgan,average,balanced_accuracy,0.5164968436412419,0.028804780717738777
179.0,Morgan,average,balanced_accuracy,0.5166942768541205,0.028870740203813482
180.0,Morgan,average,balanced_accuracy,0.5164452426583128,0.028574458119887472
181.0,Morgan,average,balanced_accuracy,0.5163867335633366,0.028507064050936087
182.0,Morgan,average,balanced_accuracy,0.5162653428897276,0.028520836172005053
183.0,Morgan,average,balanced_accuracy,0.5164010074126619,0.028551196347375206
184.0,Morgan,average,balanced_accuracy,0.5165137005036542,0.028351006483082607
185.0,Morgan,average,balanced_accuracy,0.5165924970947167,0.028281852686348287
186.0,Morgan,average,balanced_accuracy,0.5164936036855404,0.02800959259132557
187.0,Morgan,average,balanced_accuracy,0.5164596974438358,0.028440548986062707
188.0,Morgan,average,balanced_accuracy,0.5160424780481911,0.027909735197723443
189.0,Morgan,average,balanced_accuracy,0.5162227436725485,0.028092816999724053
190.0,Morgan,average,balanced_accuracy,0.5161438066721686,0.02785441825091725
191.0,Morgan,average,balanced_accuracy,0.5159206226367611,0.027850062635190426
192.0,Morgan,average,balanced_accuracy,0.5159473465604892,0.027652235994651518
193.0,Morgan,average,balanced_accuracy,0.5159139613853255,0.027703943872260328
194.0,Morgan,average,balanced_accuracy,0.5157140977716179,0.027377156883242607
195.0,Morgan,average,balanced_accuracy,0.5157528850834227,0.027651160752186456
196.0,Morgan,average,balanced_accuracy,0.5153353212511683,0.027193481792573353
197.0,Morgan,average,balanced_accuracy,0.5156728518151841,0.027713605551524967
198.0,Morgan,average,balanced_accuracy,0.5154462047766089,0.02711487821994293
199.0,Morgan,average,balanced_accuracy,0.5156699018211157,0.027413728372702756
200.0,Morgan,average,balanced_accuracy,0.5154265364653269,0.027253161757599665
1.0,Mordred,average,balanced_accuracy,0.652838942999647,0.0405324670902767
2.0,Mordred,average,balanced_accuracy,0.652838942999647,0.0405324670902767
3.0,Mordred,average,balanced_accuracy,0.6588451530524603,0.04096156739685931
4.0,Mordred,average,balanced_accuracy,0.6594470894934301,0.04180564347074306
5.0,Mordred,average,balanced_accuracy,0.6548476142264803,0.03871202016583669
6.0,Mordred,average,balanced_accuracy,0.6597881355090409,0.038367459645131156
7.0,Mordred,average,balanced_accuracy,0.6549209608832587,0.04190632118508833
8.0,Mordred,average,balanced_accuracy,0.656024566998067,0.038909465099040356
9.0,Mordred,average,balanced_accuracy,0.6517482406294901,0.04183145370658297
10.0,Mordred,average,balanced_accuracy,0.6532992389440758,0.04001079793498465
11.0,Mordred,average,balanced_accuracy,0.6473249321268435,0.043583234477978836
12.0,Mordred,average,balanced_accuracy,0.6484861779848307,0.04430868557163597
13.0,Mordred,average,balanced_accuracy,0.6441249178591302,0.04764825623729449
14.0,Mordred,average,balanced_accuracy,0.6445710902378192,0.04770692955250795
15.0,Mordred,average,balanced_accuracy,0.6415675876092998,0.048337251038963365
16.0,Mordred,average,balanced_accuracy,0.6402835914043149,0.049387762555717585
17.0,Mordred,average,balanced_accuracy,0.6361469546602831,0.05032788939006489
18.0,Mordred,average,balanced_accuracy,0.6372423521862423,0.05078223721898945
19.0,Mordred,average,balanced_accuracy,0.6340170797143491,0.05243538652427822
20.0,Mordred,average,balanced_accuracy,0.6331836431158357,0.05190225103592621
21.0,Mordred,average,balanced_accuracy,0.6317379160846286,0.05258052046651338
22.0,Mordred,average,balanced_accuracy,0.6308817809361141,0.053041930149599105
23.0,Mordred,average,balanced_accuracy,0.6285418039283668,0.05328928427749973
24.0,Mordred,average,balanced_accuracy,0.6283261068433559,0.054303052614598994
25.0,Mordred,average,balanced_accuracy,0.6244412574151194,0.05335764897964515
26.0,Mordred,average,balanced_accuracy,0.6246518077211797,0.05501722425580957
27.0,Mordred,average,balanced_accuracy,0.6237758004516814,0.05520956766041042
28.0,Mordred,average,balanced_accuracy,0.624566402470938,0.05602121226619197
29.0,Mordred,average,balanced_accuracy,0.6217209003878942,0.05543224806933483
30.0,Mordred,average,balanced_accuracy,0.6210883412805199,0.054453943413390965
31.0,Mordred,average,balanced_accuracy,0.6183280660498819,0.05524691387030394
32.0,Mordred,average,balanced_accuracy,0.6203559667571801,0.05539906027356258
33.0,Mordred,average,balanced_accuracy,0.6169775411673012,0.05646544944999341
34.0,Mordred,average,balanced_accuracy,0.6188927931413872,0.05641820857967788
35.0,Mordred,average,balanced_accuracy,0.6163380163929422,0.05596543673451479
36.0,Mordred,average,balanced_accuracy,0.616482565591025,0.05776298854352083
37.0,Mordred,average,balanced_accuracy,0.6155708556469043,0.05627765455455696
38.0,Mordred,average,balanced_accuracy,0.6154926317818521,0.05635607625367791
39.0,Mordred,average,balanced_accuracy,0.6141660269749097,0.05644373026547685
40.0,Mordred,average,balanced_accuracy,0.6142443003166375,0.057313713431837915
41.0,Mordred,average,balanced_accuracy,0.61240271724631,0.05709741662904199
42.0,Mordred,average,balanced_accuracy,0.6121007279415425,0.05893812930944187
43.0,Mordred,average,balanced_accuracy,0.609785539695872,0.058335704435717686
44.0,Mordred,average,balanced_accuracy,0.608088207763084,0.0590565991369612
45.0,Mordred,average,balanced_accuracy,0.6064224867078166,0.059574234600895344
46.0,Mordred,average,balanced_accuracy,0.6052802049871842,0.06023549873754269
47.0,Mordred,average,balanced_accuracy,0.605225330932875,0.06054868556332877
48.0,Mordred,average,balanced_accuracy,0.6047332779032045,0.06115224298538809
49.0,Mordred,average,balanced_accuracy,0.6050579247806741,0.06117270302672064
50.0,Mordred,average,balanced_accuracy,0.6031513818024002,0.06151595030566026
51.0,Mordred,average,balanced_accuracy,0.6022604765788001,0.06150864382129799
52.0,Mordred,average,balanced_accuracy,0.6020531446610379,0.06143102985569739
53.0,Mordred,average,balanced_accuracy,0.600255325903188,0.06097712680869558
54.0,Mordred,average,balanced_accuracy,0.5997708825765101,0.061019292572704505
55.0,Mordred,average,balanced_accuracy,0.5986838176777144,0.06160037639417792
56.0,Mordred,average,balanced_accuracy,0.5975765669600132,0.06203547627067776
57.0,Mordred,average,balanced_accuracy,0.5973418156411107,0.062045336194848665
58.0,Mordred,average,balanced_accuracy,0.5974579330483877,0.062026375046469844
59.0,Mordred,average,balanced_accuracy,0.5962061319812557,0.06269116124810595
60.0,Mordred,average,balanced_accuracy,0.5951034295800713,0.06247398831395243
61.0,Mordred,average,balanced_accuracy,0.5942815074987807,0.0632892297325603
62.0,Mordred,average,balanced_accuracy,0.5944921350218797,0.06332361056808411
63.0,Mordred,average,balanced_accuracy,0.5915878199844096,0.0635755642450997
64.0,Mordred,average,balanced_accuracy,0.5908117212181779,0.064548968364086
65.0,Mordred,average,balanced_accuracy,0.5908477636524035,0.0644499833749602
66.0,Mordred,average,balanced_accuracy,0.591165422588776,0.06562017148750136
67.0,Mordred,average,balanced_accuracy,0.5903281455781295,0.06487213315983038
68.0,Mordred,average,balanced_accuracy,0.588853868466337,0.064579761703874
69.0,Mordred,average,balanced_accuracy,0.5885080026774553,0.06447176283439465
70.0,Mordred,average,balanced_accuracy,0.5872951160862686,0.06482240958474758
71.0,Mordred,average,balanced_accuracy,0.5865852607702903,0.06440484948007516
72.0,Mordred,average,balanced_accuracy,0.5873679956368941,0.06373272454530911
73.0,Mordred,average,balanced_accuracy,0.5860023489145519,0.0639507388479575
74.0,Mordred,average,balanced_accuracy,0.5861366282549831,0.06437443837690769
75.0,Mordred,average,balanced_accuracy,0.5850879197200465,0.06426443784095816
76.0,Mordred,average,balanced_accuracy,0.5851638774862561,0.06410370125266311
77.0,Mordred,average,balanced_accuracy,0.5856741992123553,0.06504974610961801
78.0,Mordred,average,balanced_accuracy,0.5857707895223836,0.06490158884805791
79.0,Mordred,average,balanced_accuracy,0.5837936915871849,0.0651307637147884
80.0,Mordred,average,balanced_accuracy,0.5847664210394661,0.06466922758526154
81.0,Mordred,average,balanced_accuracy,0.5834025248220494,0.06515590333158831
82.0,Mordred,average,balanced_accuracy,0.5845178050117547,0.06568098125304841
83.0,Mordred,average,balanced_accuracy,0.5833540902216666,0.06587592614765317
84.0,Mordred,average,balanced_accuracy,0.5842144176796815,0.06552789619819359
85.0,Mordred,average,balanced_accuracy,0.5833236133848165,0.06573675881946092
86.0,Mordred,average,balanced_accuracy,0.5833687317391152,0.0656464481548709
87.0,Mordred,average,balanced_accuracy,0.5831789987919234,0.06630976797388939
88.0,Mordred,average,balanced_accuracy,0.5839469197326468,0.06622707931999501
89.0,Mordred,average,balanced_accuracy,0.5827328871455472,0.06688472229396979
90.0,Mordred,average,balanced_accuracy,0.5823559455163227,0.06684341515607586
91.0,Mordred,average,balanced_accuracy,0.5817066698281632,0.06745442130376576
92.0,Mordred,average,balanced_accuracy,0.5817545571942506,0.06726012829823252
93.0,Mordred,average,balanced_accuracy,0.580669406504397,0.06738095756098642
94.0,Mordred,average,balanced_accuracy,0.5793491733434949,0.06686145544490683
95.0,Mordred,average,balanced_accuracy,0.5789670512738256,0.06723985009847948
96.0,Mordred,average,balanced_accuracy,0.5779933934021707,0.0671564333664422
97.0,Mordred,average,balanced_accuracy,0.577232462733647,0.06801222477403637
98.0,Mordred,average,balanced_accuracy,0.5772889874696393,0.06766831023568289
99.0,Mordred,average,balanced_accuracy,0.5765567805229117,0.06706384214857301
100.0,Mordred,average,balanced_accuracy,0.5752376302050601,0.0670365016297178
101.0,Mordred,average,balanced_accuracy,0.5746163280772794,0.06634544328542351
102.0,Mordred,average,balanced_accuracy,0.5747285057691521,0.06729737298794654
103.0,Mordred,average,balanced_accuracy,0.5741621788294197,0.06718013593191899
104.0,Mordred,average,balanced_accuracy,0.5734135316420697,0.06721628383178327
105.0,Mordred,average,balanced_accuracy,0.5735154658775492,0.06770855783891086
106.0,Mordred,average,balanced_accuracy,0.5731996091557103,0.06766194329616299
107.0,Mordred,average,balanced_accuracy,0.5730159700630854,0.06819348444326506
108.0,Mordred,average,balanced_accuracy,0.5740558786770315,0.06823755850255825
109.0,Mordred,average,balanced_accuracy,0.5730330606491455,0.06782068840072697
110.0,Mordred,average,balanced_accuracy,0.5729812112179424,0.06779344523621796
111.0,Mordred,average,balanced_accuracy,0.5731046504249762,0.06780621882804966
112.0,Mordred,average,balanced_accuracy,0.5726418987327706,0.06751812823093752
113.0,Mordred,average,balanced_accuracy,0.5727694941826551,0.06782340444791209
114.0,Mordred,average,balanced_accuracy,0.5720832592342137,0.06823411800169213
115.0,Mordred,average,balanced_accuracy,0.5725247000849721,0.0679806165858005
116.0,Mordred,average,balanced_accuracy,0.5723736292035648,0.06851555587135569
117.0,Mordred,average,balanced_accuracy,0.5713479675525073,0.06705511555036907
118.0,Mordred,average,balanced_accuracy,0.5712473833869876,0.06743725015191412
119.0,Mordred,average,balanced_accuracy,0.5712280516824548,0.06676006115565813
120.0,Mordred,average,balanced_accuracy,0.5704717423693462,0.06771320333553998
121.0,Mordred,average,balanced_accuracy,0.5695897414800605,0.06680364701612626
122.0,Mordred,average,balanced_accuracy,0.5699880385178236,0.06737180262523387
123.0,Mordred,average,balanced_accuracy,0.5696048738744891,0.06746144342924183
124.0,Mordred,average,balanced_accuracy,0.5699775754939083,0.06730402371419945
125.0,Mordred,average,balanced_accuracy,0.5685137819629584,0.06690565190081382
126.0,Mordred,average,balanced_accuracy,0.5684769790118361,0.06723494165169067
127.0,Mordred,average,balanced_accuracy,0.5671844713617443,0.06730123095913493
128.0,Mordred,average,balanced_accuracy,0.5669938189251746,0.06714101214002598
129.0,Mordred,average,balanced_accuracy,0.5660604475302486,0.0667828258011781
130.0,Mordred,average,balanced_accuracy,0.565629732772742,0.0669777238558937
131.0,Mordred,average,balanced_accuracy,0.565393969008486,0.06689141533460233
132.0,Mordred,average,balanced_accuracy,0.5652650318491327,0.0670417691664557
133.0,Mordred,average,balanced_accuracy,0.564240581603185,0.06721318379172321
134.0,Mordred,average,balanced_accuracy,0.5651144876883865,0.06773716861049724
135.0,Mordred,average,balanced_accuracy,0.5643126868624546,0.06747347524669381
136.0,Mordred,average,balanced_accuracy,0.564745627051208,0.06705132818254923
137.0,Mordred,average,balanced_accuracy,0.5639341889358225,0.06757240660974738
138.0,Mordred,average,balanced_accuracy,0.5635592184105056,0.06706064259230414
139.0,Mordred,average,balanced_accuracy,0.5628836382247049,0.0673952246480409
140.0,Mordred,average,balanced_accuracy,0.5632601726372841,0.06732128079411
141.0,Mordred,average,balanced_accuracy,0.5622937894466506,0.06743660125822637
142.0,Mordred,average,balanced_accuracy,0.5624580943355048,0.06782622665754244
143.0,Mordred,average,balanced_accuracy,0.5617770565190708,0.06718747123412565
144.0,Mordred,average,balanced_accuracy,0.5614753707710607,0.06730893595387512
145.0,Mordred,average,balanced_accuracy,0.5610421808268093,0.06706542431557584
146.0,Mordred,average,balanced_accuracy,0.5615000764598378,0.06727648327804302
147.0,Mordred,average,balanced_accuracy,0.5606257385615517,0.06688163128130702
148.0,Mordred,average,balanced_accuracy,0.5606704608297034,0.06672939262367845
149.0,Mordred,average,balanced_accuracy,0.5599224106685956,0.06740484405615567
150.0,Mordred,average,balanced_accuracy,0.5600630090238995,0.06692373461266643
151.0,Mordred,average,balanced_accuracy,0.5589783212330683,0.06655947706078214
152.0,Mordred,average,balanced_accuracy,0.5593865024440505,0.06763777666894379
153.0,Mordred,average,balanced_accuracy,0.5584542315869876,0.06772868602559709
154.0,Mordred,average,balanced_accuracy,0.5587589082840752,0.06774271632159296
155.0,Mordred,average,balanced_accuracy,0.5583843233110461,0.06682058315005653
156.0,Mordred,average,balanced_accuracy,0.5579933034068765,0.0665558343266699
157.0,Mordred,average,balanced_accuracy,0.5579823296891149,0.06782878807489932
158.0,Mordred,average,balanced_accuracy,0.5576198168567243,0.06772193424922482
159.0,Mordred,average,balanced_accuracy,0.5576709280359696,0.06789473160580062
160.0,Mordred,average,balanced_accuracy,0.5573253598257771,0.06750436096109154
161.0,Mordred,average,balanced_accuracy,0.5576561414361889,0.06799890892973523
162.0,Mordred,average,balanced_accuracy,0.5569342501109699,0.06743318900100288
163.0,Mordred,average,balanced_accuracy,0.5565990896464296,0.06752505748511237
164.0,Mordred,average,balanced_accuracy,0.5564635608265228,0.06698645995137711
165.0,Mordred,average,balanced_accuracy,0.555784789464621,0.06656640380137102
166.0,Mordred,average,balanced_accuracy,0.5555888557102445,0.06660562009176445
167.0,Mordred,average,balanced_accuracy,0.555765766462084,0.06594760625064687
168.0,Mordred,average,balanced_accuracy,0.5556701546659572,0.06653816959707595
169.0,Mordred,average,balanced_accuracy,0.5556358341740542,0.06663967330112033
170.0,Mordred,average,balanced_accuracy,0.5557903702878806,0.06716108312231026
171.0,Mordred,average,balanced_accuracy,0.5552952821011704,0.06626269325404587
172.0,Mordred,average,balanced_accuracy,0.5543992486714413,0.06672379582953275
173.0,Mordred,average,balanced_accuracy,0.5549170699626765,0.0667076720525315
174.0,Mordred,average,balanced_accuracy,0.5543169227296391,0.06732254594033953
175.0,Mordred,average,balanced_accuracy,0.5545188733666564,0.06671543349337118
176.0,Mordred,average,balanced_accuracy,0.5540488320832561,0.06679753715049633
177.0,Mordred,average,balanced_accuracy,0.5538107287444154,0.06709812610223297
178.0,Mordred,average,balanced_accuracy,0.5535604658204524,0.06704027076903016
179.0,Mordred,average,balanced_accuracy,0.5530422907990089,0.06633514078103467
180.0,Mordred,average,balanced_accuracy,0.5535347004323607,0.06635777198373242
181.0,Mordred,average,balanced_accuracy,0.5529052130704125,0.06673317518592216
182.0,Mordred,average,balanced_accuracy,0.5531882004529394,0.06648470415744193
183.0,Mordred,average,balanced_accuracy,0.5524806206358206,0.06652847418826614
184.0,Mordred,average,balanced_accuracy,0.5525687631933092,0.06646167004197423
185.0,Mordred,average,balanced_accuracy,0.5515718039679356,0.0662984773984704
186.0,Mordred,average,balanced_accuracy,0.5513629608617272,0.06609704298341595
187.0,Mordred,average,balanced_accuracy,0.5515369426686845,0.0658536485843772
188.0,Mordred,average,balanced_accuracy,0.5515501755027455,0.06532646368570601
189.0,Mordred,average,balanced_accuracy,0.5513574779386894,0.06608699043391586
190.0,Mordred,average,balanced_accuracy,0.5512934799049503,0.06544827229278453
191.0,Mordred,average,balanced_accuracy,0.5512392973979963,0.06534738859025634
192.0,Mordred,average,balanced_accuracy,0.5510498250794715,0.06535409355725978
193.0,Mordred,average,balanced_accuracy,0.5511088143955817,0.06508332542998871
194.0,Mordred,average,balanced_accuracy,0.550430719208297,0.0649623670470261
195.0,Mordred,average,balanced_accuracy,0.5503579063669874,0.06490936462478787
196.0,Mordred,average,balanced_accuracy,0.5505694426581946,0.06491642603039452
197.0,Mordred,average,balanced_accuracy,0.5508081392081358,0.06491837819782857
198.0,Mordred,average,balanced_accuracy,0.5502384605757206,0.06472503200750422
199.0,Mordred,average,balanced_accuracy,0.550350977469397,0.06504202004030454
200.0,Mordred,average,balanced_accuracy,0.5503273732835252,0.06522585888716138
1.0,CheMeleon (fine-tuned),average,sensitivity,0.5805354967596035,0.07148370706481245
2.0,CheMeleon (fine-tuned),average,sensitivity,0.5805354967596035,0.07148370706481245
3.0,CheMeleon (fine-tuned),average,sensitivity,0.5891717119781772,0.07699783676432172
4.0,CheMeleon (fine-tuned),average,sensitivity,0.5859599865273286,0.07580416602054743
5.0,CheMeleon (fine-tuned),average,sensitivity,0.5976947253596356,0.0802089772285437
6.0,CheMeleon (fine-tuned),average,sensitivity,0.5931764659951332,0.07837465053110156
7.0,CheMeleon (fine-tuned),average,sensitivity,0.5939604945385633,0.08011644466691867
8.0,CheMeleon (fine-tuned),average,sensitivity,0.5922049518529507,0.08244062421335799
9.0,CheMeleon (fine-tuned),average,sensitivity,0.5926862008674105,0.0872246290259573
10.0,CheMeleon (fine-tuned),average,sensitivity,0.592201454048105,0.0838859658839677
11.0,CheMeleon (fine-tuned),average,sensitivity,0.5947713253695737,0.08724894886023492
12.0,CheMeleon (fine-tuned),average,sensitivity,0.5935196954203094,0.08598695291903136
13.0,CheMeleon (fine-tuned),average,sensitivity,0.5923855170017298,0.08895808326967199
14.0,CheMeleon (fine-tuned),average,sensitivity,0.5919055852453945,0.08976415999902962
15.0,CheMeleon (fine-tuned),average,sensitivity,0.5950149153874632,0.09136474807633048
16.0,CheMeleon (fine-tuned),average,sensitivity,0.5941188533531875,0.08838302720845609
17.0,CheMeleon (fine-tuned),average,sensitivity,0.5975913561940915,0.09131806198554665
18.0,CheMeleon (fine-tuned),average,sensitivity,0.5951666147235153,0.09160010552066743
19.0,CheMeleon (fine-tuned),average,sensitivity,0.5977689769493341,0.09146814878298874
20.0,CheMeleon (fine-tuned),average,sensitivity,0.5969540843768385,0.09358534049281203
21.0,CheMeleon (fine-tuned),average,sensitivity,0.597829253755377,0.09217612975969475
22.0,CheMeleon (fine-tuned),average,sensitivity,0.5984477726653235,0.09446732425299105
23.0,CheMeleon (fine-tuned),average,sensitivity,0.601492014975161,0.09400461902319221
24.0,CheMeleon (fine-tuned),average,sensitivity,0.5977916494234947,0.09419916563621543
25.0,CheMeleon (fine-tuned),average,sensitivity,0.5974063764291438,0.09459265144476398
26.0,CheMeleon (fine-tuned),average,sensitivity,0.5981057161368443,0.09487572290250265
27.0,CheMeleon (fine-tuned),average,sensitivity,0.5996751941129677,0.09593465539800328
28.0,CheMeleon (fine-tuned),average,sensitivity,0.6009561647356766,0.09958972843462068
29.0,CheMeleon (fine-tuned),average,sensitivity,0.6029231468455515,0.09829542898013735
30.0,CheMeleon (fine-tuned),average,sensitivity,0.6005543833755645,0.09890727165440663
31.0,CheMeleon (fine-tuned),average,sensitivity,0.6024146723512293,0.09851377240486246
32.0,CheMeleon (fine-tuned),average,sensitivity,0.6005808695764908,0.0989224520234227
33.0,CheMeleon (fine-tuned),average,sensitivity,0.6023545217237921,0.09968615154022097
34.0,CheMeleon (fine-tuned),average,sensitivity,0.6003806366243258,0.09990086305689531
35.0,CheMeleon (fine-tuned),average,sensitivity,0.6012439793141637,0.10051454382736205
36.0,CheMeleon (fine-tuned),average,sensitivity,0.6000728568832975,0.10135754686004676
37.0,CheMeleon (fine-tuned),average,sensitivity,0.6011834356372918,0.10179211765129408
38.0,CheMeleon (fine-tuned),average,sensitivity,0.6000456395286315,0.10154033732896829
39.0,CheMeleon (fine-tuned),average,sensitivity,0.59938972443962,0.1029723046337727
40.0,CheMeleon (fine-tuned),average,sensitivity,0.599062883094537,0.10286076999385967
41.0,CheMeleon (fine-tuned),average,sensitivity,0.5995935609256436,0.10280216412316877
42.0,CheMeleon (fine-tuned),average,sensitivity,0.5989122077855685,0.10409373582223812
43.0,CheMeleon (fine-tuned),average,sensitivity,0.5994874972906963,0.10496864451034733
44.0,CheMeleon (fine-tuned),average,sensitivity,0.5998264111418025,0.10477479666554626
45.0,CheMeleon (fine-tuned),average,sensitivity,0.6000576011898484,0.10597674978237943
46.0,CheMeleon (fine-tuned),average,sensitivity,0.5998145753643561,0.10653661910036329
47.0,CheMeleon (fine-tuned),average,sensitivity,0.5995396788214163,0.10570058769924966
48.0,CheMeleon (fine-tuned),average,sensitivity,0.5993921787145035,0.10593588946588253
49.0,CheMeleon (fine-tuned),average,sensitivity,0.5991042589561187,0.10598995524436983
50.0,CheMeleon (fine-tuned),average,sensitivity,0.5985585759419754,0.1069245823767873
51.0,CheMeleon (fine-tuned),average,sensitivity,0.598978706663789,0.10786494249281223
52.0,CheMeleon (fine-tuned),average,sensitivity,0.5983973177854643,0.10803878292771543
53.0,CheMeleon (fine-tuned),average,sensitivity,0.5977021747529755,0.10737645958840229
54.0,CheMeleon (fine-tuned),average,sensitivity,0.5973931777566782,0.10655734239942177
55.0,CheMeleon (fine-tuned),average,sensitivity,0.5978739675437587,0.10829474133311368
56.0,CheMeleon (fine-tuned),average,sensitivity,0.5985444670458195,0.1073198571860602
57.0,CheMeleon (fine-tuned),average,sensitivity,0.5985369130832636,0.10917804797533388
58.0,CheMeleon (fine-tuned),average,sensitivity,0.5985652238810273,0.10694388373064528
59.0,CheMeleon (fine-tuned),average,sensitivity,0.5997358525047788,0.10798407113651069
60.0,CheMeleon (fine-tuned),average,sensitivity,0.5984016592934701,0.10730637578635259
61.0,CheMeleon (fine-tuned),average,sensitivity,0.5999496954722681,0.11008233241356079
62.0,CheMeleon (fine-tuned),average,sensitivity,0.5995056896320072,0.10933720011102897
63.0,CheMeleon (fine-tuned),average,sensitivity,0.5993512209641654,0.11000579341978517
64.0,CheMeleon (fine-tuned),average,sensitivity,0.5996283892650722,0.11072532430307483
65.0,CheMeleon (fine-tuned),average,sensitivity,0.5994273948951174,0.10998079252107994
66.0,CheMeleon (fine-tuned),average,sensitivity,0.5991581533782121,0.11109462901337373
67.0,CheMeleon (fine-tuned),average,sensitivity,0.5983764959794591,0.11155303282720164
68.0,CheMeleon (fine-tuned),average,sensitivity,0.599784716740632,0.11250573423229504
69.0,CheMeleon (fine-tuned),average,sensitivity,0.6000596029817937,0.11356158592541156
70.0,CheMeleon (fine-tuned),average,sensitivity,0.5988447612996722,0.1135446117316826
71.0,CheMeleon (fine-tuned),average,sensitivity,0.5982513114880229,0.11316271872726251
72.0,CheMeleon (fine-tuned),average,sensitivity,0.5992813747346848,0.11221648616618492
73.0,CheMeleon (fine-tuned),average,sensitivity,0.5993044296041405,0.11375524275915157
74.0,CheMeleon (fine-tuned),average,sensitivity,0.5992161139576586,0.11364403924080656
75.0,CheMeleon (fine-tuned),average,sensitivity,0.5999124970733973,0.11418955939946379
76.0,CheMeleon (fine-tuned),average,sensitivity,0.6001981445929101,0.11477255921479289
77.0,CheMeleon (fine-tuned),average,sensitivity,0.600424486548592,0.11513327882729728
78.0,CheMeleon (fine-tuned),average,sensitivity,0.5993095490144101,0.1152634074498908
79.0,CheMeleon (fine-tuned),average,sensitivity,0.5994688609329534,0.11642730778933022
80.0,CheMeleon (fine-tuned),average,sensitivity,0.5984482016253927,0.11750248021045454
81.0,CheMeleon (fine-tuned),average,sensitivity,0.5987354624786603,0.11859263636563652
82.0,CheMeleon (fine-tuned),average,sensitivity,0.5989822747820808,0.11814716840472682
83.0,CheMeleon (fine-tuned),average,sensitivity,0.5984477869976167,0.11818646880950352
84.0,CheMeleon (fine-tuned),average,sensitivity,0.5981276595641437,0.11812227188200206
85.0,CheMeleon (fine-tuned),average,sensitivity,0.5985763090703571,0.11938091399260221
86.0,CheMeleon (fine-tuned),average,sensitivity,0.5975765534960931,0.11864767273891333
87.0,CheMeleon (fine-tuned),average,sensitivity,0.5982827993129423,0.11765670871772571
88.0,CheMeleon (fine-tuned),average,sensitivity,0.5984331141306026,0.11726907065721022
89.0,CheMeleon (fine-tuned),average,sensitivity,0.5979040287220806,0.11773186126904969
90.0,CheMeleon (fine-tuned),average,sensitivity,0.5982569367474173,0.11747215919294635
91.0,CheMeleon (fine-tuned),average,sensitivity,0.5973400591205194,0.1172485817802781
92.0,CheMeleon (fine-tuned),average,sensitivity,0.5976164886501805,0.11913224365229333
93.0,CheMeleon (fine-tuned),average,sensitivity,0.5972352814518029,0.1179489330227405
94.0,CheMeleon (fine-tuned),average,sensitivity,0.5963724069647508,0.1193122884817957
95.0,CheMeleon (fine-tuned),average,sensitivity,0.5956062153832465,0.1206655541215938
96.0,CheMeleon (fine-tuned),average,sensitivity,0.5962708557982382,0.11990273110103393
97.0,CheMeleon (fine-tuned),average,sensitivity,0.5961947289848318,0.1207975577328277
98.0,CheMeleon (fine-tuned),average,sensitivity,0.5960203186500944,0.12121376629053052
99.0,CheMeleon (fine-tuned),average,sensitivity,0.5958067321663819,0.12149698479677022
100.0,CheMeleon (fine-tuned),average,sensitivity,0.5961978304084541,0.1217410138577042
101.0,CheMeleon (fine-tuned),average,sensitivity,0.5962913359612345,0.1221475048218983
102.0,CheMeleon (fine-tuned),average,sensitivity,0.5962229777879262,0.12183234769676168
103.0,CheMeleon (fine-tuned),average,sensitivity,0.5966674203945478,0.12127279358258954
104.0,CheMeleon (fine-tuned),average,sensitivity,0.5965660773927095,0.12190317878980504
105.0,CheMeleon (fine-tuned),average,sensitivity,0.5965375180159022,0.12290761883277607
106.0,CheMeleon (fine-tuned),average,sensitivity,0.5960377074149996,0.12154283611667907
107.0,CheMeleon (fine-tuned),average,sensitivity,0.5956437573038555,0.12332465824217394
108.0,CheMeleon (fine-tuned),average,sensitivity,0.5947616965298212,0.12285136654619411
109.0,CheMeleon (fine-tuned),average,sensitivity,0.595188210562211,0.12409578635788511
110.0,CheMeleon (fine-tuned),average,sensitivity,0.5946921908739035,0.12351128769795525
111.0,CheMeleon (fine-tuned),average,sensitivity,0.5943686440986309,0.12431984781087298
112.0,CheMeleon (fine-tuned),average,sensitivity,0.5939670696079119,0.12417436669639761
113.0,CheMeleon (fine-tuned),average,sensitivity,0.593784711307858,0.12617684207603413
114.0,CheMeleon (fine-tuned),average,sensitivity,0.5943892413691727,0.12548919655037408
115.0,CheMeleon (fine-tuned),average,sensitivity,0.5940161303002495,0.12476941759187372
116.0,CheMeleon (fine-tuned),average,sensitivity,0.5943528799216644,0.12596787349998115
117.0,CheMeleon (fine-tuned),average,sensitivity,0.5943033328791408,0.1268596269312859
118.0,CheMeleon (fine-tuned),average,sensitivity,0.5927777605996257,0.126433521194122
119.0,CheMeleon (fine-tuned),average,sensitivity,0.5925783488647598,0.12784604715964945
120.0,CheMeleon (fine-tuned),average,sensitivity,0.5935256774631825,0.12753609767122323
121.0,CheMeleon (fine-tuned),average,sensitivity,0.5927097472378702,0.12855536409456617
122.0,CheMeleon (fine-tuned),average,sensitivity,0.5940279061158426,0.12839444455742535
123.0,CheMeleon (fine-tuned),average,sensitivity,0.5931115265639231,0.12876424062777836
124.0,CheMeleon (fine-tuned),average,sensitivity,0.5933239318284773,0.12866770648220432
125.0,CheMeleon (fine-tuned),average,sensitivity,0.5927055828631815,0.12990355252450816
126.0,CheMeleon (fine-tuned),average,sensitivity,0.5924562000676221,0.12990783565212544
127.0,CheMeleon (fine-tuned),average,sensitivity,0.5915129585382992,0.13016405030744566
128.0,CheMeleon (fine-tuned),average,sensitivity,0.5919036984325812,0.12895862595921215
129.0,CheMeleon (fine-tuned),average,sensitivity,0.5900641034884976,0.13003700810419236
130.0,CheMeleon (fine-tuned),average,sensitivity,0.5901094316223573,0.12983515764752906
131.0,CheMeleon (fine-tuned),average,sensitivity,0.5889825281030611,0.12967725611798836
132.0,CheMeleon (fine-tuned),average,sensitivity,0.5884296174233343,0.12979159473848054
133.0,CheMeleon (fine-tuned),average,sensitivity,0.5881842358985617,0.13133193785677105
134.0,CheMeleon (fine-tuned),average,sensitivity,0.5885532775320945,0.13084073148844588
135.0,CheMeleon (fine-tuned),average,sensitivity,0.5879283955130034,0.13232860306018254
136.0,CheMeleon (fine-tuned),average,sensitivity,0.5879921533357007,0.13117791805043694
137.0,CheMeleon (fine-tuned),average,sensitivity,0.5874952013292088,0.13173693701993774
138.0,CheMeleon (fine-tuned),average,sensitivity,0.5877779570730415,0.13108950207232042
139.0,CheMeleon (fine-tuned),average,sensitivity,0.5874444245473758,0.13082078390395335
140.0,CheMeleon (fine-tuned),average,sensitivity,0.5871155110471027,0.13193417157452142
141.0,CheMeleon (fine-tuned),average,sensitivity,0.5851830383169456,0.13257677025875717
142.0,CheMeleon (fine-tuned),average,sensitivity,0.5860875020321727,0.13338626459351227
143.0,CheMeleon (fine-tuned),average,sensitivity,0.5844733233064843,0.13332222044655082
144.0,CheMeleon (fine-tuned),average,sensitivity,0.5853641745234064,0.13391112912591543
145.0,CheMeleon (fine-tuned),average,sensitivity,0.5839138719528932,0.1336996877154655
146.0,CheMeleon (fine-tuned),average,sensitivity,0.5846030478794545,0.13416085209897588
147.0,CheMeleon (fine-tuned),average,sensitivity,0.5830523756791092,0.13495361537713838
148.0,CheMeleon (fine-tuned),average,sensitivity,0.5835335906387116,0.13485682262247645
149.0,CheMeleon (fine-tuned),average,sensitivity,0.5828783144849878,0.1345872891648134
150.0,CheMeleon (fine-tuned),average,sensitivity,0.5833547686633387,0.1343835429176519
151.0,CheMeleon (fine-tuned),average,sensitivity,0.5815843436958594,0.13314250401011776
152.0,CheMeleon (fine-tuned),average,sensitivity,0.5839934030497829,0.13338592877512764
153.0,CheMeleon (fine-tuned),average,sensitivity,0.5806581396401187,0.1344584053665028
154.0,CheMeleon (fine-tuned),average,sensitivity,0.582515385730279,0.1345375416167351
155.0,CheMeleon (fine-tuned),average,sensitivity,0.5802234531857435,0.13425970970379378
156.0,CheMeleon (fine-tuned),average,sensitivity,0.5815791170689752,0.13410450601857504
157.0,CheMeleon (fine-tuned),average,sensitivity,0.5802514568176051,0.13473757825858065
158.0,CheMeleon (fine-tuned),average,sensitivity,0.5816162653875399,0.1368362778617423
159.0,CheMeleon (fine-tuned),average,sensitivity,0.5796915160157003,0.13664307083017618
160.0,CheMeleon (fine-tuned),average,sensitivity,0.5795810311545635,0.13733896373985116
161.0,CheMeleon (fine-tuned),average,sensitivity,0.5795080619155841,0.13757040023200445
162.0,CheMeleon (fine-tuned),average,sensitivity,0.5798459717129463,0.13678083949397293
163.0,CheMeleon (fine-tuned),average,sensitivity,0.5793472520835159,0.13762072581063917
164.0,CheMeleon (fine-tuned),average,sensitivity,0.5793912013843129,0.13705504439712582
165.0,CheMeleon (fine-tuned),average,sensitivity,0.5797726971980731,0.13796443312525347
166.0,CheMeleon (fine-tuned),average,sensitivity,0.5798467137717563,0.13740949414742082
167.0,CheMeleon (fine-tuned),average,sensitivity,0.579352736344795,0.13671923887344753
168.0,CheMeleon (fine-tuned),average,sensitivity,0.5786177151223804,0.13727957105551836
169.0,CheMeleon (fine-tuned),average,sensitivity,0.5783467276093288,0.13759053087941933
170.0,CheMeleon (fine-tuned),average,sensitivity,0.577960673397158,0.13746031029172454
171.0,CheMeleon (fine-tuned),average,sensitivity,0.5769203648758302,0.13790591442595565
172.0,CheMeleon (fine-tuned),average,sensitivity,0.577436644018227,0.13824271234464658
173.0,CheMeleon (fine-tuned),average,sensitivity,0.5761689211720931,0.13803142049586747
174.0,CheMeleon (fine-tuned),average,sensitivity,0.5757499754637291,0.13875966068530643
175.0,CheMeleon (fine-tuned),average,sensitivity,0.5753414076186397,0.1383931622902546
176.0,CheMeleon (fine-tuned),average,sensitivity,0.5751068480516875,0.1389839985672825
177.0,CheMeleon (fine-tuned),average,sensitivity,0.5746077274440979,0.13886030025266619
178.0,CheMeleon (fine-tuned),average,sensitivity,0.5746348519232797,0.13899868303868892
179.0,CheMeleon (fine-tuned),average,sensitivity,0.5748113545066268,0.1392932828371336
180.0,CheMeleon (fine-tuned),average,sensitivity,0.5745321944882916,0.13923400054511192
181.0,CheMeleon (fine-tuned),average,sensitivity,0.5738869903471392,0.1393022361136551
182.0,CheMeleon (fine-tuned),average,sensitivity,0.5742152264445837,0.13891317198846997
183.0,CheMeleon (fine-tuned),average,sensitivity,0.5738611338562918,0.1388495069087645
184.0,CheMeleon (fine-tuned),average,sensitivity,0.5733608421526369,0.13970166988102617
185.0,CheMeleon (fine-tuned),average,sensitivity,0.5736887638658115,0.13993196275712025
186.0,CheMeleon (fine-tuned),average,sensitivity,0.5730477027844316,0.14000560164093975
187.0,CheMeleon (fine-tuned),average,sensitivity,0.5730392407384395,0.14034354530583484
188.0,CheMeleon (fine-tuned),average,sensitivity,0.5724211920245189,0.1406107547061755
189.0,CheMeleon (fine-tuned),average,sensitivity,0.5729866194654695,0.14007406413165574
190.0,CheMeleon (fine-tuned),average,sensitivity,0.5725126057476903,0.1408984981851553
191.0,CheMeleon (fine-tuned),average,sensitivity,0.5718696245952885,0.14071803325031398
192.0,CheMeleon (fine-tuned),average,sensitivity,0.5709127318269976,0.14207346769688003
193.0,CheMeleon (fine-tuned),average,sensitivity,0.5706079780710683,0.1414465452241464
194.0,CheMeleon (fine-tuned),average,sensitivity,0.5701149679058966,0.1425953101128844
195.0,CheMeleon (fine-tuned),average,sensitivity,0.5694138081495655,0.1417064284538765
196.0,CheMeleon (fine-tuned),average,sensitivity,0.5696795063861816,0.14260330507619084
197.0,CheMeleon (fine-tuned),average,sensitivity,0.568746631911161,0.14307655443980227
198.0,CheMeleon (fine-tuned),average,sensitivity,0.5687643633299906,0.14283350310892048
199.0,CheMeleon (fine-tuned),average,sensitivity,0.5684991705911757,0.14309239345803243
200.0,CheMeleon (fine-tuned),average,sensitivity,0.569106210680429,0.1440709166418427
1.0,Chemprop (default),average,sensitivity,0.5527986711849775,0.08663527936983534
2.0,Chemprop (default),average,sensitivity,0.5527986711849775,0.08663527936983534
3.0,Chemprop (default),average,sensitivity,0.5486368423780877,0.09255287440030655
4.0,Chemprop (default),average,sensitivity,0.5540781768448659,0.09355249211994561
5.0,Chemprop (default),average,sensitivity,0.550579295097696,0.10441582985921811
6.0,Chemprop (default),average,sensitivity,0.5522380393089767,0.10314597005417725
7.0,Chemprop (default),average,sensitivity,0.5503511496173347,0.10557402588259908
8.0,Chemprop (default),average,sensitivity,0.5509326183165789,0.10534289962104272
9.0,Chemprop (default),average,sensitivity,0.5490863420958277,0.10752253006555532
10.0,Chemprop (default),average,sensitivity,0.5536090497179114,0.10864515592225406
11.0,Chemprop (default),average,sensitivity,0.5473304683989941,0.11209938801706051
12.0,Chemprop (default),average,sensitivity,0.5501030957506685,0.11112467648008821
13.0,Chemprop (default),average,sensitivity,0.5507451126136005,0.1118767972961763
14.0,Chemprop (default),average,sensitivity,0.5517559208234349,0.11203799496105168
15.0,Chemprop (default),average,sensitivity,0.5510821865849845,0.11454895153959649
16.0,Chemprop (default),average,sensitivity,0.5483138066209122,0.11352506919082814
17.0,Chemprop (default),average,sensitivity,0.5503067650221852,0.11521831211250465
18.0,Chemprop (default),average,sensitivity,0.5516676160845841,0.11495047007156939
19.0,Chemprop (default),average,sensitivity,0.5497817547392148,0.11568702838560467
20.0,Chemprop (default),average,sensitivity,0.5494597221002122,0.11629664576463959
21.0,Chemprop (default),average,sensitivity,0.5488212309145557,0.1152673416369397
22.0,Chemprop (default),average,sensitivity,0.5482596170358549,0.11501498136402026
23.0,Chemprop (default),average,sensitivity,0.5481111413437876,0.11618969715697104
24.0,Chemprop (default),average,sensitivity,0.5486303787684763,0.1186006706130642
25.0,Chemprop (default),average,sensitivity,0.5479187590876007,0.11845428073299341
26.0,Chemprop (default),average,sensitivity,0.5478363244749058,0.11791485978022749
27.0,Chemprop (default),average,sensitivity,0.5473926116386579,0.12020589400346332
28.0,Chemprop (default),average,sensitivity,0.5470528835432169,0.11988538063783584
29.0,Chemprop (default),average,sensitivity,0.5468513106888032,0.12106059244013477
30.0,Chemprop (default),average,sensitivity,0.5484193434441714,0.11972722319606406
31.0,Chemprop (default),average,sensitivity,0.5487856034102542,0.12065371330551929
32.0,Chemprop (default),average,sensitivity,0.5497174237489003,0.12211855990952043
33.0,Chemprop (default),average,sensitivity,0.5483329009125446,0.1228321161717997
34.0,Chemprop (default),average,sensitivity,0.5502860951858993,0.12318707820450506
35.0,Chemprop (default),average,sensitivity,0.5491483798231469,0.12459650954375595
36.0,Chemprop (default),average,sensitivity,0.5479837404626454,0.12493021195253158
37.0,Chemprop (default),average,sensitivity,0.5486595262935248,0.12713171684437785
38.0,Chemprop (default),average,sensitivity,0.5486371809456227,0.1266933226055741
39.0,Chemprop (default),average,sensitivity,0.5483572095183473,0.12909228218407678
40.0,Chemprop (default),average,sensitivity,0.5477519618971781,0.12850514355078468
41.0,Chemprop (default),average,sensitivity,0.5478243753220589,0.12911577343743644
42.0,Chemprop (default),average,sensitivity,0.5469707164033385,0.1291397517306044
43.0,Chemprop (default),average,sensitivity,0.5466621100103388,0.1289993151023118
44.0,Chemprop (default),average,sensitivity,0.5458048980842282,0.12900481063831995
45.0,Chemprop (default),average,sensitivity,0.546315281080911,0.12965559585609734
46.0,Chemprop (default),average,sensitivity,0.5470311848130038,0.13087286252472682
47.0,Chemprop (default),average,sensitivity,0.5466825672199235,0.130521807403523
48.0,Chemprop (default),average,sensitivity,0.546730532347593,0.13056860672745554
49.0,Chemprop (default),average,sensitivity,0.5457163629997693,0.131679298097593
50.0,Chemprop (default),average,sensitivity,0.5465050653869046,0.13062827738092456
51.0,Chemprop (default),average,sensitivity,0.5445379796421466,0.13109427494445594
52.0,Chemprop (default),average,sensitivity,0.5442695693792413,0.13130606507914708
53.0,Chemprop (default),average,sensitivity,0.545879970290036,0.13266641522282546
54.0,Chemprop (default),average,sensitivity,0.5441378756913752,0.13200059595130834
55.0,Chemprop (default),average,sensitivity,0.5453180024762261,0.133609457047895
56.0,Chemprop (default),average,sensitivity,0.5437413163999081,0.13345358123746448
57.0,Chemprop (default),average,sensitivity,0.5436513320107822,0.13421127703988975
58.0,Chemprop (default),average,sensitivity,0.5431706998521504,0.1342149085428685
59.0,Chemprop (default),average,sensitivity,0.5426664603816682,0.1355502127972169
60.0,Chemprop (default),average,sensitivity,0.5418287030096982,0.1334003099277763
61.0,Chemprop (default),average,sensitivity,0.5427065246865339,0.13500043136701315
62.0,Chemprop (default),average,sensitivity,0.541188477519421,0.13421633472083672
63.0,Chemprop (default),average,sensitivity,0.5425739352681432,0.13540161028081096
64.0,Chemprop (default),average,sensitivity,0.5412005119843514,0.13465434716642152
65.0,Chemprop (default),average,sensitivity,0.5414568154361321,0.13540772665020595
66.0,Chemprop (default),average,sensitivity,0.5412566653836538,0.13563811775763598
67.0,Chemprop (default),average,sensitivity,0.5409344763514522,0.13456564070588264
68.0,Chemprop (default),average,sensitivity,0.5407946022851456,0.13539574644124197
69.0,Chemprop (default),average,sensitivity,0.5402564845811433,0.13581075602880846
70.0,Chemprop (default),average,sensitivity,0.5400512110000849,0.13573498775279438
71.0,Chemprop (default),average,sensitivity,0.5403103282161864,0.13648806509752673
72.0,Chemprop (default),average,sensitivity,0.538991428125009,0.1365448150858227
73.0,Chemprop (default),average,sensitivity,0.5400948226964338,0.13613261614758523
74.0,Chemprop (default),average,sensitivity,0.5391596972079776,0.13696091629167287
75.0,Chemprop (default),average,sensitivity,0.5395804168518101,0.1369305736155384
76.0,Chemprop (default),average,sensitivity,0.5397379641911927,0.1383658435085694
77.0,Chemprop (default),average,sensitivity,0.5391609642719591,0.13878633460518744
78.0,Chemprop (default),average,sensitivity,0.5393773436410634,0.13809469371308053
79.0,Chemprop (default),average,sensitivity,0.5392305067977116,0.13764105181882552
80.0,Chemprop (default),average,sensitivity,0.5388142898340693,0.1390814401436535
81.0,Chemprop (default),average,sensitivity,0.5392854759363847,0.13803894130795316
82.0,Chemprop (default),average,sensitivity,0.5389050150030551,0.13925681275453736
83.0,Chemprop (default),average,sensitivity,0.5400169531560739,0.13929509356490102
84.0,Chemprop (default),average,sensitivity,0.5378673226739825,0.13967735894714095
85.0,Chemprop (default),average,sensitivity,0.5377806888780322,0.14045255047835634
86.0,Chemprop (default),average,sensitivity,0.5383868160290081,0.1398719905065151
87.0,Chemprop (default),average,sensitivity,0.5381654248165288,0.1412708432262794
88.0,Chemprop (default),average,sensitivity,0.5380548120693444,0.1409555158061154
89.0,Chemprop (default),average,sensitivity,0.5378185894540946,0.14091111731754433
90.0,Chemprop (default),average,sensitivity,0.5377990595802923,0.14095045200703232
91.0,Chemprop (default),average,sensitivity,0.5379974123936769,0.14125007053608457
92.0,Chemprop (default),average,sensitivity,0.5377795469751111,0.1408198957373529
93.0,Chemprop (default),average,sensitivity,0.5377680314178176,0.14166888688509377
94.0,Chemprop (default),average,sensitivity,0.5379463359333625,0.14080253760013642
95.0,Chemprop (default),average,sensitivity,0.5368953872153115,0.1417899825089249
96.0,Chemprop (default),average,sensitivity,0.5383012597704311,0.14220681209634414
97.0,Chemprop (default),average,sensitivity,0.537784004909953,0.14237286086407916
98.0,Chemprop (default),average,sensitivity,0.5380738436016662,0.14212169896810029
99.0,Chemprop (default),average,sensitivity,0.5379473029780206,0.14230855496460018
100.0,Chemprop (default),average,sensitivity,0.5378233267535922,0.14195518634211352
101.0,Chemprop (default),average,sensitivity,0.5381832835412256,0.14252003639447208
102.0,Chemprop (default),average,sensitivity,0.5373659580966382,0.14269746935246386
103.0,Chemprop (default),average,sensitivity,0.5382215990654242,0.14290731444780583
104.0,Chemprop (default),average,sensitivity,0.5378967390060635,0.143350872105081
105.0,Chemprop (default),average,sensitivity,0.537554335061102,0.14360180216418791
106.0,Chemprop (default),average,sensitivity,0.5376310177050457,0.14434076517568042
107.0,Chemprop (default),average,sensitivity,0.5387750376726461,0.14461032984744976
108.0,Chemprop (default),average,sensitivity,0.5370506546801171,0.14486748608289043
109.0,Chemprop (default),average,sensitivity,0.5373513947407857,0.1448112122274317
110.0,Chemprop (default),average,sensitivity,0.5361983821477961,0.14525045842063167
111.0,Chemprop (default),average,sensitivity,0.5368748385958189,0.14521002825388046
112.0,Chemprop (default),average,sensitivity,0.5366284248519265,0.145392633699526
113.0,Chemprop (default),average,sensitivity,0.5365577698084946,0.14642199120790975
114.0,Chemprop (default),average,sensitivity,0.5356042066178837,0.14505923290886635
115.0,Chemprop (default),average,sensitivity,0.5361103903841163,0.1451459062986478
116.0,Chemprop (default),average,sensitivity,0.5353529964787982,0.14563195565758877
117.0,Chemprop (default),average,sensitivity,0.5358537559753296,0.1455673394052553
118.0,Chemprop (default),average,sensitivity,0.5359460558722919,0.1456787015232318
119.0,Chemprop (default),average,sensitivity,0.5354018317932164,0.1460193552229855
120.0,Chemprop (default),average,sensitivity,0.5343706222154452,0.14576913389809845
121.0,Chemprop (default),average,sensitivity,0.5341635316975413,0.1464318159067563
122.0,Chemprop (default),average,sensitivity,0.5329119301245747,0.14563618538718823
123.0,Chemprop (default),average,sensitivity,0.5341816496794191,0.14640103488484033
124.0,Chemprop (default),average,sensitivity,0.5333122978193365,0.14612741745938063
125.0,Chemprop (default),average,sensitivity,0.5336539404921141,0.1470110451960438
126.0,Chemprop (default),average,sensitivity,0.5337756944960319,0.14759877540525493
127.0,Chemprop (default),average,sensitivity,0.532184085438358,0.14758429731580672
128.0,Chemprop (default),average,sensitivity,0.5322075093773304,0.14682105672443926
129.0,Chemprop (default),average,sensitivity,0.5323346245366173,0.14707529444879405
130.0,Chemprop (default),average,sensitivity,0.53173248314767,0.1473743728103771
131.0,Chemprop (default),average,sensitivity,0.5320235247823717,0.14841926002671316
132.0,Chemprop (default),average,sensitivity,0.5317097631636495,0.14712553565881753
133.0,Chemprop (default),average,sensitivity,0.5317867957090776,0.1483767419568921
134.0,Chemprop (default),average,sensitivity,0.530373177495396,0.14737505190947178
135.0,Chemprop (default),average,sensitivity,0.5310891289101943,0.14838896391040704
136.0,Chemprop (default),average,sensitivity,0.529592187055973,0.14808898160800993
137.0,Chemprop (default),average,sensitivity,0.5302226046882419,0.14810388816886036
138.0,Chemprop (default),average,sensitivity,0.5294493345329175,0.1481440781960673
139.0,Chemprop (default),average,sensitivity,0.5300180496252811,0.1484511618753018
140.0,Chemprop (default),average,sensitivity,0.5293105742223676,0.1484128232229132
141.0,Chemprop (default),average,sensitivity,0.5292432297757399,0.14791360361905845
142.0,Chemprop (default),average,sensitivity,0.5290865620955852,0.14823539466328542
143.0,Chemprop (default),average,sensitivity,0.5291077844876692,0.14816033331267764
144.0,Chemprop (default),average,sensitivity,0.5293726708126234,0.14794350613684418
145.0,Chemprop (default),average,sensitivity,0.528348431351268,0.14790318774955089
146.0,Chemprop (default),average,sensitivity,0.52948384543398,0.1476813412055042
147.0,Chemprop (default),average,sensitivity,0.5284599414181755,0.14845193321359376
148.0,Chemprop (default),average,sensitivity,0.5291582900282626,0.14906626568107742
149.0,Chemprop (default),average,sensitivity,0.5270419060256349,0.1491748384637317
150.0,Chemprop (default),average,sensitivity,0.5283894390353789,0.14982009729853896
151.0,Chemprop (default),average,sensitivity,0.5279006812276621,0.14914321844860148
152.0,Chemprop (default),average,sensitivity,0.5284155030369069,0.1488947132746189
153.0,Chemprop (default),average,sensitivity,0.5278221091471543,0.14884663799469294
154.0,Chemprop (default),average,sensitivity,0.5284804218366934,0.15038310365929716
155.0,Chemprop (default),average,sensitivity,0.5274843131353778,0.1500723268220453
156.0,Chemprop (default),average,sensitivity,0.528336411310199,0.15084703586818704
157.0,Chemprop (default),average,sensitivity,0.5275019333557329,0.15053938760592142
158.0,Chemprop (default),average,sensitivity,0.5275205554411744,0.15109462071054336
159.0,Chemprop (default),average,sensitivity,0.5276434063684974,0.15126687962544771
160.0,Chemprop (default),average,sensitivity,0.5268624332945222,0.15140643565401737
161.0,Chemprop (default),average,sensitivity,0.5272740377045371,0.15145803378696246
162.0,Chemprop (default),average,sensitivity,0.5269820685678858,0.15189763844688742
163.0,Chemprop (default),average,sensitivity,0.5263897148159241,0.15194478658264124
164.0,Chemprop (default),average,sensitivity,0.5256649355822555,0.15217086281852843
165.0,Chemprop (default),average,sensitivity,0.5265445837967837,0.15210084925448936
166.0,Chemprop (default),average,sensitivity,0.5255974154638179,0.15228323463511198
167.0,Chemprop (default),average,sensitivity,0.5261548886068749,0.15295986720023327
168.0,Chemprop (default),average,sensitivity,0.5248933381359546,0.1534717891082671
169.0,Chemprop (default),average,sensitivity,0.524966716094278,0.1537568085328821
170.0,Chemprop (default),average,sensitivity,0.5244816574669673,0.1542352052367901
171.0,Chemprop (default),average,sensitivity,0.5250155540261428,0.1536436074457701
172.0,Chemprop (default),average,sensitivity,0.5244708248980167,0.15383725673532225
173.0,Chemprop (default),average,sensitivity,0.5241919922077671,0.1533986138179132
174.0,Chemprop (default),average,sensitivity,0.5236317953984103,0.153951067926249
175.0,Chemprop (default),average,sensitivity,0.5231473103200565,0.1536481895275837
176.0,Chemprop (default),average,sensitivity,0.5232683693995299,0.1538476278677465
177.0,Chemprop (default),average,sensitivity,0.5228911909633753,0.15440503042904583
178.0,Chemprop (default),average,sensitivity,0.5227437525893042,0.15386593341009447
179.0,Chemprop (default),average,sensitivity,0.5224830585995418,0.15383403519002048
180.0,Chemprop (default),average,sensitivity,0.52259016406938,0.1542385157947216
181.0,Chemprop (default),average,sensitivity,0.5222615382732532,0.1547422524388515
182.0,Chemprop (default),average,sensitivity,0.5216883639912409,0.154941751230404
183.0,Chemprop (default),average,sensitivity,0.5221795051682613,0.15534655840573938
184.0,Chemprop (default),average,sensitivity,0.5215280351469466,0.15635246111097353
185.0,Chemprop (default),average,sensitivity,0.5220014748095557,0.15607899456974345
186.0,Chemprop (default),average,sensitivity,0.5216854957674321,0.1573494643957789
187.0,Chemprop (default),average,sensitivity,0.5215339098849657,0.15747768706126258
188.0,Chemprop (default),average,sensitivity,0.5207880439694684,0.15771733343573152
189.0,Chemprop (default),average,sensitivity,0.5223789702527963,0.15736107566990867
190.0,Chemprop (default),average,sensitivity,0.521416921026013,0.15682951137658646
191.0,Chemprop (default),average,sensitivity,0.522425992596078,0.15740793338230297
192.0,Chemprop (default),average,sensitivity,0.5206089563645215,0.157155129955984
193.0,Chemprop (default),average,sensitivity,0.5206415098099465,0.15692253236097578
194.0,Chemprop (default),average,sensitivity,0.5212784728257747,0.15656162234543225
195.0,Chemprop (default),average,sensitivity,0.521577219927019,0.1568434179252782
196.0,Chemprop (default),average,sensitivity,0.5204643400858793,0.15750349221956902
197.0,Chemprop (default),average,sensitivity,0.5204677457182226,0.1569267126898625
198.0,Chemprop (default),average,sensitivity,0.5197947314276813,0.15794973562579132
199.0,Chemprop (default),average,sensitivity,0.5193320882393947,0.15793735731202369
200.0,Chemprop (default),average,sensitivity,0.5191616418431906,0.15863542540846312
1.0,Chemprop (large),average,sensitivity,0.5478708939910742,0.0928403446975594
2.0,Chemprop (large),average,sensitivity,0.5478708939910742,0.0928403446975594
3.0,Chemprop (large),average,sensitivity,0.5552043298585836,0.09214129971318649
4.0,Chemprop (large),average,sensitivity,0.5533974874793615,0.09051596019767959
5.0,Chemprop (large),average,sensitivity,0.556757860328753,0.09303107178881762
6.0,Chemprop (large),average,sensitivity,0.5551199249203235,0.09250495844873004
7.0,Chemprop (large),average,sensitivity,0.5553178450131493,0.09382535148865837
8.0,Chemprop (large),average,sensitivity,0.556031314356493,0.09480227335990797
9.0,Chemprop (large),average,sensitivity,0.5568413813626271,0.09407052407752461
10.0,Chemprop (large),average,sensitivity,0.5564870366698227,0.09329892085285821
11.0,Chemprop (large),average,sensitivity,0.557520666586762,0.09437538803757568
12.0,Chemprop (large),average,sensitivity,0.5578637077168636,0.09430901681090614
13.0,Chemprop (large),average,sensitivity,0.559060420254076,0.0933997959161574
14.0,Chemprop (large),average,sensitivity,0.5592951455736496,0.09285933433636966
15.0,Chemprop (large),average,sensitivity,0.560961347657361,0.09341650789999204
16.0,Chemprop (large),average,sensitivity,0.5603436222978667,0.09337865465137966
17.0,Chemprop (large),average,sensitivity,0.562157197116919,0.09347705190868595
18.0,Chemprop (large),average,sensitivity,0.5607811223161514,0.09413167865340626
19.0,Chemprop (large),average,sensitivity,0.5606972952913287,0.09443306562657969
20.0,Chemprop (large),average,sensitivity,0.5599454838873772,0.09483015813887404
21.0,Chemprop (large),average,sensitivity,0.5606150937621345,0.09592904521139803
22.0,Chemprop (large),average,sensitivity,0.5607909873138979,0.0948068451544286
23.0,Chemprop (large),average,sensitivity,0.5609637280164264,0.09624361489223826
24.0,Chemprop (large),average,sensitivity,0.5610533387133877,0.09569346182632159
25.0,Chemprop (large),average,sensitivity,0.5623018914375656,0.09491835860065069
26.0,Chemprop (large),average,sensitivity,0.5619565320585014,0.09491329513078516
27.0,Chemprop (large),average,sensitivity,0.5621921029220033,0.09380713961223519
28.0,Chemprop (large),average,sensitivity,0.5623331844396422,0.09452638147464033
29.0,Chemprop (large),average,sensitivity,0.5616451274697292,0.09605496203357788
30.0,Chemprop (large),average,sensitivity,0.5624604684115471,0.0955160980730663
31.0,Chemprop (large),average,sensitivity,0.5622427502313126,0.09653843152632552
32.0,Chemprop (large),average,sensitivity,0.5630847774662423,0.0963071269219098
33.0,Chemprop (large),average,sensitivity,0.5626631741954649,0.09656343991623388
34.0,Chemprop (large),average,sensitivity,0.5622151570365762,0.09611147793082629
35.0,Chemprop (large),average,sensitivity,0.562354343587836,0.09679179420994592
36.0,Chemprop (large),average,sensitivity,0.5626177456113991,0.09659326871495641
37.0,Chemprop (large),average,sensitivity,0.5639336980425176,0.09712828554068714
38.0,Chemprop (large),average,sensitivity,0.5650543997985298,0.0974122103436689
39.0,Chemprop (large),average,sensitivity,0.5655474698893179,0.09721323605880881
40.0,Chemprop (large),average,sensitivity,0.5639270807917007,0.09722207185212614
41.0,Chemprop (large),average,sensitivity,0.5644449699705887,0.09780283345753657
42.0,Chemprop (large),average,sensitivity,0.5645724949337287,0.09780112902467145
43.0,Chemprop (large),average,sensitivity,0.5651980491739955,0.09804148062175945
44.0,Chemprop (large),average,sensitivity,0.5643632496413393,0.09786121418220077
45.0,Chemprop (large),average,sensitivity,0.5655297504121879,0.09800342932782777
46.0,Chemprop (large),average,sensitivity,0.5651222914238729,0.09924688257631493
47.0,Chemprop (large),average,sensitivity,0.5664390335220351,0.09915612807458389
48.0,Chemprop (large),average,sensitivity,0.5650183690470579,0.09938154963188994
49.0,Chemprop (large),average,sensitivity,0.5655194947837938,0.09984976641687232
50.0,Chemprop (large),average,sensitivity,0.5653933122743463,0.09966694290763825
51.0,Chemprop (large),average,sensitivity,0.564433010880009,0.10011911253898349
52.0,Chemprop (large),average,sensitivity,0.5650694320622228,0.09996121145120922
53.0,Chemprop (large),average,sensitivity,0.5650230482175783,0.09894454577082236
54.0,Chemprop (large),average,sensitivity,0.5651797838662963,0.09945081398509945
55.0,Chemprop (large),average,sensitivity,0.5653346670288647,0.09957496445210415
56.0,Chemprop (large),average,sensitivity,0.5655249063581634,0.09957943074361597
57.0,Chemprop (large),average,sensitivity,0.5656997350189726,0.100047224256837
58.0,Chemprop (large),average,sensitivity,0.5655667354916281,0.09963590301998163
59.0,Chemprop (large),average,sensitivity,0.5659584516462306,0.09945928281852574
60.0,Chemprop (large),average,sensitivity,0.5662110080885051,0.10026154723612603
61.0,Chemprop (large),average,sensitivity,0.5665784616929929,0.10056108776014303
62.0,Chemprop (large),average,sensitivity,0.565631756738819,0.0997828398002117
63.0,Chemprop (large),average,sensitivity,0.5662912153604185,0.10012227921808069
64.0,Chemprop (large),average,sensitivity,0.5660277157166371,0.10113022850135275
65.0,Chemprop (large),average,sensitivity,0.5662300649006825,0.10063668433353563
66.0,Chemprop (large),average,sensitivity,0.5663099532133582,0.09996327366154009
67.0,Chemprop (large),average,sensitivity,0.565838691201669,0.10039169757808739
68.0,Chemprop (large),average,sensitivity,0.5665063051666263,0.10077702019544091
69.0,Chemprop (large),average,sensitivity,0.5662360957868743,0.10110047819612238
70.0,Chemprop (large),average,sensitivity,0.5661402349352569,0.10080697632500542
71.0,Chemprop (large),average,sensitivity,0.5665397094354772,0.10090570815603199
72.0,Chemprop (large),average,sensitivity,0.5670657044561568,0.10042461768062662
73.0,Chemprop (large),average,sensitivity,0.5668374577535656,0.100356289454916
74.0,Chemprop (large),average,sensitivity,0.5673154708898575,0.1003703288469314
75.0,Chemprop (large),average,sensitivity,0.5674304033108271,0.10071752456019623
76.0,Chemprop (large),average,sensitivity,0.5675621389045388,0.10099870097693925
77.0,Chemprop (large),average,sensitivity,0.566813465998235,0.1010517896288905
78.0,Chemprop (large),average,sensitivity,0.5677795422671668,0.10116672299926077
79.0,Chemprop (large),average,sensitivity,0.567541606353325,0.10131377932271998
80.0,Chemprop (large),average,sensitivity,0.5674405541530982,0.10172605887496004
81.0,Chemprop (large),average,sensitivity,0.5676503154804601,0.10135678013674045
82.0,Chemprop (large),average,sensitivity,0.5671739367903962,0.10205398214324413
83.0,Chemprop (large),average,sensitivity,0.5668116837967918,0.10156862313541797
84.0,Chemprop (large),average,sensitivity,0.5672116904713572,0.10177332962663525
85.0,Chemprop (large),average,sensitivity,0.5676259132524567,0.10204471860958529
86.0,Chemprop (large),average,sensitivity,0.5676352101988863,0.1020518421267751
87.0,Chemprop (large),average,sensitivity,0.5666629103651143,0.10223787486730133
88.0,Chemprop (large),average,sensitivity,0.5671622345620618,0.10237245791739717
89.0,Chemprop (large),average,sensitivity,0.5666331075588907,0.10209712271659827
90.0,Chemprop (large),average,sensitivity,0.567442580395171,0.10263461337926164
91.0,Chemprop (large),average,sensitivity,0.5671351850411877,0.1026061408992678
92.0,Chemprop (large),average,sensitivity,0.5674912833835062,0.10228696720507881
93.0,Chemprop (large),average,sensitivity,0.5678550470595822,0.10279457004871226
94.0,Chemprop (large),average,sensitivity,0.568456428235034,0.10235718094074571
95.0,Chemprop (large),average,sensitivity,0.568034620945561,0.10341778506972546
96.0,Chemprop (large),average,sensitivity,0.5684376631777764,0.10318595961944962
97.0,Chemprop (large),average,sensitivity,0.5676551580961112,0.10345526305098719
98.0,Chemprop (large),average,sensitivity,0.5680173832246217,0.10372219449049502
99.0,Chemprop (large),average,sensitivity,0.5682690923570669,0.10282734129699175
100.0,Chemprop (large),average,sensitivity,0.5681171638637449,0.10322234843083963
101.0,Chemprop (large),average,sensitivity,0.5676273308314524,0.103379517451668
102.0,Chemprop (large),average,sensitivity,0.5681287525673571,0.10365948075390556
103.0,Chemprop (large),average,sensitivity,0.5674077463974104,0.10462412971904607
104.0,Chemprop (large),average,sensitivity,0.567491939913229,0.10387888992893111
105.0,Chemprop (large),average,sensitivity,0.5676272411618203,0.10456275535377946
106.0,Chemprop (large),average,sensitivity,0.5670438371052579,0.10393145928902334
107.0,Chemprop (large),average,sensitivity,0.5670489635349933,0.10376973212711647
108.0,Chemprop (large),average,sensitivity,0.5676983625030797,0.10331084186072163
109.0,Chemprop (large),average,sensitivity,0.5676054105783104,0.10374335008056136
110.0,Chemprop (large),average,sensitivity,0.5679559833434441,0.10345763178707013
111.0,Chemprop (large),average,sensitivity,0.5676690431450041,0.10437775143667298
112.0,Chemprop (large),average,sensitivity,0.5681360367218073,0.10333000305043831
113.0,Chemprop (large),average,sensitivity,0.5681559327327327,0.10356539958756415
114.0,Chemprop (large),average,sensitivity,0.5685736897059457,0.10362089495108454
115.0,Chemprop (large),average,sensitivity,0.5685847235846763,0.10463224745962442
116.0,Chemprop (large),average,sensitivity,0.5681653853722507,0.10391106956750751
117.0,Chemprop (large),average,sensitivity,0.5685538627303521,0.10500242507777596
118.0,Chemprop (large),average,sensitivity,0.5681807327409719,0.10496618028922944
119.0,Chemprop (large),average,sensitivity,0.5679072435276928,0.10497353919781836
120.0,Chemprop (large),average,sensitivity,0.5678174382055868,0.10493350486687833
121.0,Chemprop (large),average,sensitivity,0.5674774462790242,0.1050610892455676
122.0,Chemprop (large),average,sensitivity,0.5681048543754756,0.10497167864239762
123.0,Chemprop (large),average,sensitivity,0.5676104456262361,0.10418177017944542
124.0,Chemprop (large),average,sensitivity,0.5674153407602042,0.10393516605248689
125.0,Chemprop (large),average,sensitivity,0.567647080256779,0.10438307412743368
126.0,Chemprop (large),average,sensitivity,0.5682082755975426,0.10470882790495788
127.0,Chemprop (large),average,sensitivity,0.5678149836926738,0.10481027908102887
128.0,Chemprop (large),average,sensitivity,0.5690904360746674,0.10484758251662968
129.0,Chemprop (large),average,sensitivity,0.5679204049635134,0.10450164991672303
130.0,Chemprop (large),average,sensitivity,0.5680152392017509,0.10387634480170117
131.0,Chemprop (large),average,sensitivity,0.568172093270783,0.10433714661302482
132.0,Chemprop (large),average,sensitivity,0.5681181518660767,0.1045671920255671
133.0,Chemprop (large),average,sensitivity,0.5679844727638974,0.10461153084308042
134.0,Chemprop (large),average,sensitivity,0.5681961668077534,0.10503050627741396
135.0,Chemprop (large),average,sensitivity,0.5675969690671157,0.10454598253109734
136.0,Chemprop (large),average,sensitivity,0.5674824274308276,0.10530149472973852
137.0,Chemprop (large),average,sensitivity,0.5686292534930103,0.10567641845134229
138.0,Chemprop (large),average,sensitivity,0.5678888769639389,0.10552466273898119
139.0,Chemprop (large),average,sensitivity,0.5678155682351819,0.1054604309073278
140.0,Chemprop (large),average,sensitivity,0.5678346937495227,0.10612581501112933
141.0,Chemprop (large),average,sensitivity,0.5680011674892228,0.1056337904713751
142.0,Chemprop (large),average,sensitivity,0.5674509328598291,0.10588600669362137
143.0,Chemprop (large),average,sensitivity,0.567872609064081,0.10512572630508
144.0,Chemprop (large),average,sensitivity,0.5670786256355768,0.10558679549078048
145.0,Chemprop (large),average,sensitivity,0.5670960423041528,0.1053742478173429
146.0,Chemprop (large),average,sensitivity,0.5669207803378409,0.10608741446228209
147.0,Chemprop (large),average,sensitivity,0.5675733330710651,0.1057850416407291
148.0,Chemprop (large),average,sensitivity,0.5673129555552715,0.10602808048742136
149.0,Chemprop (large),average,sensitivity,0.5673891552566738,0.106764816957879
150.0,Chemprop (large),average,sensitivity,0.5675048836676742,0.10616155033155039
151.0,Chemprop (large),average,sensitivity,0.5671125166225482,0.10670667670324693
152.0,Chemprop (large),average,sensitivity,0.567147638569835,0.10603177143403679
153.0,Chemprop (large),average,sensitivity,0.5670527839066439,0.10560617051713486
154.0,Chemprop (large),average,sensitivity,0.5671132833697797,0.10510489738296457
155.0,Chemprop (large),average,sensitivity,0.5666633851135824,0.10572310813867551
156.0,Chemprop (large),average,sensitivity,0.5663118256851266,0.10581886812722315
157.0,Chemprop (large),average,sensitivity,0.5665677713448813,0.10589062948628829
158.0,Chemprop (large),average,sensitivity,0.566721061450008,0.1060939610822319
159.0,Chemprop (large),average,sensitivity,0.5670037287586586,0.10579561145807595
160.0,Chemprop (large),average,sensitivity,0.5665312591922216,0.10578659908256832
161.0,Chemprop (large),average,sensitivity,0.5666930604874857,0.10592343058736972
162.0,Chemprop (large),average,sensitivity,0.5660135960186478,0.10534599526352702
163.0,Chemprop (large),average,sensitivity,0.5667194638424312,0.10612699971453046
164.0,Chemprop (large),average,sensitivity,0.5663718222499987,0.10535974942327603
165.0,Chemprop (large),average,sensitivity,0.5665406177489684,0.1059147942172777
166.0,Chemprop (large),average,sensitivity,0.5659863913512241,0.10605731695963373
167.0,Chemprop (large),average,sensitivity,0.5661592487765621,0.10633764387864177
168.0,Chemprop (large),average,sensitivity,0.5663827684495301,0.10638673328095649
169.0,Chemprop (large),average,sensitivity,0.5659893886571089,0.1065046099785938
170.0,Chemprop (large),average,sensitivity,0.5657112559549798,0.10657098843944632
171.0,Chemprop (large),average,sensitivity,0.5655077247741473,0.10699090690502412
172.0,Chemprop (large),average,sensitivity,0.565420468214745,0.10749191077743371
173.0,Chemprop (large),average,sensitivity,0.5651298123879963,0.10726820488998508
174.0,Chemprop (large),average,sensitivity,0.5651121849738113,0.10724465684502106
175.0,Chemprop (large),average,sensitivity,0.5646140191759355,0.10786320502021195
176.0,Chemprop (large),average,sensitivity,0.5652923139123218,0.10777145777831693
177.0,Chemprop (large),average,sensitivity,0.5651021131438869,0.10797921754249608
178.0,Chemprop (large),average,sensitivity,0.5653275824130543,0.10808953917838707
179.0,Chemprop (large),average,sensitivity,0.5655400868864513,0.10805056709775675
180.0,Chemprop (large),average,sensitivity,0.5649725466777666,0.10778837559959661
181.0,Chemprop (large),average,sensitivity,0.5647352580608582,0.10872422053692231
182.0,Chemprop (large),average,sensitivity,0.564326059038747,0.10871526763432132
183.0,Chemprop (large),average,sensitivity,0.5642787160787947,0.1091916101491668
184.0,Chemprop (large),average,sensitivity,0.5643899639407697,0.10937109282705235
185.0,Chemprop (large),average,sensitivity,0.5640671687904775,0.1092368293198364
186.0,Chemprop (large),average,sensitivity,0.5637859086337133,0.10904213384575552
187.0,Chemprop (large),average,sensitivity,0.5640454405566439,0.1090238711068721
188.0,Chemprop (large),average,sensitivity,0.5636805474704465,0.10890604047386561
189.0,Chemprop (large),average,sensitivity,0.5635285269462412,0.10954229057760347
190.0,Chemprop (large),average,sensitivity,0.5628750698053102,0.1094684025913836
191.0,Chemprop (large),average,sensitivity,0.5627186040034545,0.10930952146238361
192.0,Chemprop (large),average,sensitivity,0.5623987857761942,0.10955124913790733
193.0,Chemprop (large),average,sensitivity,0.5624422558186284,0.10951635339664227
194.0,Chemprop (large),average,sensitivity,0.5620105520204469,0.1099126973887977
195.0,Chemprop (large),average,sensitivity,0.5623673773698716,0.11022806074824307
196.0,Chemprop (large),average,sensitivity,0.5625358666476941,0.10988220272677297
197.0,Chemprop (large),average,sensitivity,0.5625469245661602,0.10973042094344275
198.0,Chemprop (large),average,sensitivity,0.5620383994482001,0.10978320193062775
199.0,Chemprop (large),average,sensitivity,0.5622907922756738,0.11005289860127676
200.0,Chemprop (large),average,sensitivity,0.5620967497419026,0.10967322771775947
1.0,Morgan,average,sensitivity,0.4651746558299379,0.07748133637991521
2.0,Morgan,average,sensitivity,0.4827720211268908,0.0777814584986805
3.0,Morgan,average,sensitivity,0.4066913221376911,0.08669950707029048
4.0,Morgan,average,sensitivity,0.41235987789364886,0.08938475004509355
5.0,Morgan,average,sensitivity,0.37475575203556666,0.09069391217768996
6.0,Morgan,average,sensitivity,0.3755375156115962,0.09626426840544149
7.0,Morgan,average,sensitivity,0.3380736895724069,0.09730437686628744
8.0,Morgan,average,sensitivity,0.3404061514413007,0.10233286493823487
9.0,Morgan,average,sensitivity,0.31101224508554065,0.1056290325995548
10.0,Morgan,average,sensitivity,0.3131278081887975,0.10944837845067429
11.0,Morgan,average,sensitivity,0.2894469459133482,0.11000756450280284
12.0,Morgan,average,sensitivity,0.29169767557308096,0.11469995268956865
13.0,Morgan,average,sensitivity,0.27205509697559743,0.11490166696294402
14.0,Morgan,average,sensitivity,0.27468306717512087,0.116234623973856
15.0,Morgan,average,sensitivity,0.26158161098055027,0.11827992831129412
16.0,Morgan,average,sensitivity,0.2591329403352509,0.11948602754764684
17.0,Morgan,average,sensitivity,0.24805987103547913,0.11999310121966635
18.0,Morgan,average,sensitivity,0.24576666561664756,0.1203348230451826
19.0,Morgan,average,sensitivity,0.23597818617119248,0.11910086754944849
20.0,Morgan,average,sensitivity,0.23413672895590068,0.12033373716120369
21.0,Morgan,average,sensitivity,0.2240311860996766,0.12049538217055904
22.0,Morgan,average,sensitivity,0.22298633620800298,0.12168581631565331
23.0,Morgan,average,sensitivity,0.21410805098026828,0.12256256166086464
24.0,Morgan,average,sensitivity,0.21196227158302816,0.12368692973950968
25.0,Morgan,average,sensitivity,0.20304714887365422,0.12427252007319664
26.0,Morgan,average,sensitivity,0.20188323153470353,0.1251868339579692
27.0,Morgan,average,sensitivity,0.19438332805438757,0.12594250893918682
28.0,Morgan,average,sensitivity,0.19161514865804208,0.12640898861023164
29.0,Morgan,average,sensitivity,0.18562020496967635,0.12357794698424024
30.0,Morgan,average,sensitivity,0.18154733089373276,0.12696752492263996
31.0,Morgan,average,sensitivity,0.17633128502238424,0.12626093669756147
32.0,Morgan,average,sensitivity,0.17583183959066628,0.12737412306467058
33.0,Morgan,average,sensitivity,0.1695427291096631,0.12834681824015687
34.0,Morgan,average,sensitivity,0.16859779208858325,0.12814001505998465
35.0,Morgan,average,sensitivity,0.16245174053159192,0.12881198074863587
36.0,Morgan,average,sensitivity,0.16228762443508082,0.12901843104746105
37.0,Morgan,average,sensitivity,0.15690618212596122,0.12906666363924335
38.0,Morgan,average,sensitivity,0.15548786605009723,0.1292923623430104
39.0,Morgan,average,sensitivity,0.15177195881228134,0.12891376266208687
40.0,Morgan,average,sensitivity,0.1518142404485273,0.1283186798694445
41.0,Morgan,average,sensitivity,0.1468916508877203,0.12813951021523595
42.0,Morgan,average,sensitivity,0.1458066634401219,0.12633296760777665
43.0,Morgan,average,sensitivity,0.14165974401527834,0.12601675357507933
44.0,Morgan,average,sensitivity,0.13994022277924326,0.12641139744026544
45.0,Morgan,average,sensitivity,0.13679864451439883,0.12405257262308085
46.0,Morgan,average,sensitivity,0.13574111701359334,0.12373503442320889
47.0,Morgan,average,sensitivity,0.13347618868121827,0.12292565396582103
48.0,Morgan,average,sensitivity,0.1325393976330154,0.12242065604385988
49.0,Morgan,average,sensitivity,0.1290175267690339,0.12244475294880063
50.0,Morgan,average,sensitivity,0.1278933785617966,0.12191785264417808
51.0,Morgan,average,sensitivity,0.12646882501744097,0.12147505980277457
52.0,Morgan,average,sensitivity,0.12511877609867367,0.1212922396949711
53.0,Morgan,average,sensitivity,0.12318033963512237,0.12114787006010205
54.0,Morgan,average,sensitivity,0.12231507122517715,0.11968968153462706
55.0,Morgan,average,sensitivity,0.12108481747413839,0.11991149298517245
56.0,Morgan,average,sensitivity,0.12086456728436222,0.12001126821442035
57.0,Morgan,average,sensitivity,0.1176330238288694,0.1189457102006676
58.0,Morgan,average,sensitivity,0.11583490302503961,0.1184910565077722
59.0,Morgan,average,sensitivity,0.1114469940456355,0.1171104460666034
60.0,Morgan,average,sensitivity,0.11241904436454594,0.11738462318413904
61.0,Morgan,average,sensitivity,0.1099375479383816,0.11651947960874542
62.0,Morgan,average,sensitivity,0.10963785647677828,0.11682060825621211
63.0,Morgan,average,sensitivity,0.10722213602541357,0.11681295281303261
64.0,Morgan,average,sensitivity,0.10648774726056369,0.11594327053800331
65.0,Morgan,average,sensitivity,0.10367405349120172,0.1157754834145744
66.0,Morgan,average,sensitivity,0.10360972863163223,0.11490658730837157
67.0,Morgan,average,sensitivity,0.10066022552694845,0.11301123494964156
68.0,Morgan,average,sensitivity,0.10192635042826216,0.11259385563855151
69.0,Morgan,average,sensitivity,0.09871580174937307,0.11236527797750277
70.0,Morgan,average,sensitivity,0.09905336672501473,0.1112999066603596
71.0,Morgan,average,sensitivity,0.09697221692012734,0.11071474238440614
72.0,Morgan,average,sensitivity,0.09683982749661661,0.11009460371756351
73.0,Morgan,average,sensitivity,0.09590155305560559,0.11078093714249539
74.0,Morgan,average,sensitivity,0.09560024601382372,0.10999732935179894
75.0,Morgan,average,sensitivity,0.09376397930111814,0.1101688238143192
76.0,Morgan,average,sensitivity,0.09392981621000546,0.10897681439166702
77.0,Morgan,average,sensitivity,0.0922708071082117,0.10855061123576878
78.0,Morgan,average,sensitivity,0.09167828142350846,0.10717251049626804
79.0,Morgan,average,sensitivity,0.09106738018029162,0.10744338839145148
80.0,Morgan,average,sensitivity,0.09184911558427453,0.10764392584305317
81.0,Morgan,average,sensitivity,0.09019636448472593,0.10698008921706256
82.0,Morgan,average,sensitivity,0.08973195256237626,0.1066469862154095
83.0,Morgan,average,sensitivity,0.0891648337309865,0.10642847305798693
84.0,Morgan,average,sensitivity,0.08817960293778676,0.1064223194283645
85.0,Morgan,average,sensitivity,0.08685406205539378,0.10694758605323224
86.0,Morgan,average,sensitivity,0.0870640513053432,0.10513443308627446
87.0,Morgan,average,sensitivity,0.08602092379727813,0.10592476272806946
88.0,Morgan,average,sensitivity,0.08575544091761834,0.10565211003116777
89.0,Morgan,average,sensitivity,0.08477901914379764,0.10494281315084247
90.0,Morgan,average,sensitivity,0.08607111926955334,0.10505671569523557
91.0,Morgan,average,sensitivity,0.08386688543208119,0.10559720439501354
92.0,Morgan,average,sensitivity,0.08399105101957033,0.10510878335719416
93.0,Morgan,average,sensitivity,0.08322296482915757,0.10503167806798311
94.0,Morgan,average,sensitivity,0.08258337449835418,0.10402360075008575
95.0,Morgan,average,sensitivity,0.08211718538729826,0.10413141801098826
96.0,Morgan,average,sensitivity,0.08171338714069395,0.10230311424396336
97.0,Morgan,average,sensitivity,0.08055192120198562,0.10350232482379623
98.0,Morgan,average,sensitivity,0.08063919820021034,0.10234615485523937
99.0,Morgan,average,sensitivity,0.08021831025382509,0.10221350244718794
100.0,Morgan,average,sensitivity,0.08028630328236584,0.10142354046238368
101.0,Morgan,average,sensitivity,0.07737800506356424,0.10053192440589372
102.0,Morgan,average,sensitivity,0.0776895682665248,0.10067966946092834
103.0,Morgan,average,sensitivity,0.07582689606198077,0.10034977150578672
104.0,Morgan,average,sensitivity,0.0767299211347707,0.09934714224221136
105.0,Morgan,average,sensitivity,0.07518266281193327,0.09889268486099516
106.0,Morgan,average,sensitivity,0.07498427088154995,0.09954024400967608
107.0,Morgan,average,sensitivity,0.07433549126680249,0.09893347066002184
108.0,Morgan,average,sensitivity,0.07297485955568007,0.09811361795436178
109.0,Morgan,average,sensitivity,0.07253262849313984,0.09871272884052963
110.0,Morgan,average,sensitivity,0.07287024552472712,0.09814731454080114
111.0,Morgan,average,sensitivity,0.07207430727948293,0.09849346674986277
112.0,Morgan,average,sensitivity,0.07269910660737111,0.09820542954988959
113.0,Morgan,average,sensitivity,0.0719303095592956,0.0980654560773173
114.0,Morgan,average,sensitivity,0.07192944921108105,0.09752562867446443
115.0,Morgan,average,sensitivity,0.07020365072017257,0.0972504361051341
116.0,Morgan,average,sensitivity,0.07064887957083005,0.09757806585706975
117.0,Morgan,average,sensitivity,0.06959432499380046,0.09719508742909314
118.0,Morgan,average,sensitivity,0.06975838795948816,0.0963421118655618
119.0,Morgan,average,sensitivity,0.06818078938213454,0.09626649854096238
120.0,Morgan,average,sensitivity,0.06748555554345949,0.0956112745057339
121.0,Morgan,average,sensitivity,0.06656652470782905,0.0955700794045082
122.0,Morgan,average,sensitivity,0.06694384688885746,0.09596734160908743
123.0,Morgan,average,sensitivity,0.06550334468880502,0.09563814888351217
124.0,Morgan,average,sensitivity,0.06527182864624745,0.09511792026432786
125.0,Morgan,average,sensitivity,0.06405627086685055,0.09466440437706646
126.0,Morgan,average,sensitivity,0.06376665982578672,0.09428691827388377
127.0,Morgan,average,sensitivity,0.06298471871912194,0.09426034912500421
128.0,Morgan,average,sensitivity,0.06257738542319476,0.09377168678575327
129.0,Morgan,average,sensitivity,0.06220675482096309,0.09370625990606964
130.0,Morgan,average,sensitivity,0.062120290099646695,0.09266900612641629
131.0,Morgan,average,sensitivity,0.06117670321425229,0.0921271748179141
132.0,Morgan,average,sensitivity,0.06151443917395683,0.09251283126980481
133.0,Morgan,average,sensitivity,0.06038643631844742,0.09229277757504445
134.0,Morgan,average,sensitivity,0.0605173459363506,0.09221156252490065
135.0,Morgan,average,sensitivity,0.059531270962604715,0.09222750276482439
136.0,Morgan,average,sensitivity,0.05998788601989288,0.09179187434374826
137.0,Morgan,average,sensitivity,0.058801768404186244,0.09118518770483151
138.0,Morgan,average,sensitivity,0.058966976774832834,0.0916299478499878
139.0,Morgan,average,sensitivity,0.059092886276062594,0.09110256867730962
140.0,Morgan,average,sensitivity,0.059356228623346316,0.09097177422324539
141.0,Morgan,average,sensitivity,0.0582313167068825,0.09049148684070449
142.0,Morgan,average,sensitivity,0.05886174972886367,0.09088047895269044
143.0,Morgan,average,sensitivity,0.05803239541428412,0.09049871168790775
144.0,Morgan,average,sensitivity,0.057948083268198294,0.09043636990807953
145.0,Morgan,average,sensitivity,0.05673160908596455,0.090048696569919
146.0,Morgan,average,sensitivity,0.05684442225654125,0.08937733447433814
147.0,Morgan,average,sensitivity,0.05609547941713894,0.08888946539135704
148.0,Morgan,average,sensitivity,0.055995006298272865,0.089483839671892
149.0,Morgan,average,sensitivity,0.055491112555435276,0.08886227181428151
150.0,Morgan,average,sensitivity,0.05563443730552223,0.08903504682592951
151.0,Morgan,average,sensitivity,0.05513118488407616,0.08892763780719452
152.0,Morgan,average,sensitivity,0.054429273790778845,0.08829711849658861
153.0,Morgan,average,sensitivity,0.054135135761199944,0.08812529530254445
154.0,Morgan,average,sensitivity,0.054219933274756674,0.08869023287409546
155.0,Morgan,average,sensitivity,0.05435281543262557,0.08830946460920104
156.0,Morgan,average,sensitivity,0.053838280060045964,0.08797755256961594
157.0,Morgan,average,sensitivity,0.053888800967853936,0.0882257002120382
158.0,Morgan,average,sensitivity,0.053116552653639425,0.08767885769731516
159.0,Morgan,average,sensitivity,0.05293281945635689,0.08747412635039803
160.0,Morgan,average,sensitivity,0.05266081117175006,0.08711858868892372
161.0,Morgan,average,sensitivity,0.051919029103898125,0.08681565177132651
162.0,Morgan,average,sensitivity,0.05252863595278763,0.08688558006584887
163.0,Morgan,average,sensitivity,0.05176249465223868,0.08569589675129866
164.0,Morgan,average,sensitivity,0.05182738446220832,0.08586634150702983
165.0,Morgan,average,sensitivity,0.05125925326255997,0.08548230669993225
166.0,Morgan,average,sensitivity,0.051295134171316994,0.08542856722679211
167.0,Morgan,average,sensitivity,0.05062569582938636,0.08494283900013963
168.0,Morgan,average,sensitivity,0.050626750776038544,0.0848309364185147
169.0,Morgan,average,sensitivity,0.049914198152348425,0.08405570961770385
170.0,Morgan,average,sensitivity,0.04975804904163513,0.08380461355945194
171.0,Morgan,average,sensitivity,0.04994856381891827,0.08412299456941173
172.0,Morgan,average,sensitivity,0.04971273478208334,0.08405461102217837
173.0,Morgan,average,sensitivity,0.04973577710337041,0.084130734046639
174.0,Morgan,average,sensitivity,0.04982870949468562,0.08441704599203928
175.0,Morgan,average,sensitivity,0.049592878208474016,0.08415363156033097
176.0,Morgan,average,sensitivity,0.04928372943189229,0.08388705199949259
177.0,Morgan,average,sensitivity,0.049432528040943405,0.08393865398750246
178.0,Morgan,average,sensitivity,0.048970922166325224,0.08331582502996221
179.0,Morgan,average,sensitivity,0.049112429203454794,0.08327373832983966
180.0,Morgan,average,sensitivity,0.04864285466549241,0.08275421986262889
181.0,Morgan,average,sensitivity,0.048277759322894215,0.08235758551326285
182.0,Morgan,average,sensitivity,0.048196203596270706,0.0821663460298125
183.0,Morgan,average,sensitivity,0.04849192982251136,0.08217931637232986
184.0,Morgan,average,sensitivity,0.04840025246634633,0.08185684690396698
185.0,Morgan,average,sensitivity,0.048666482731382014,0.08161716982997196
186.0,Morgan,average,sensitivity,0.048077934615173484,0.08152303234359227
187.0,Morgan,average,sensitivity,0.04820867772314272,0.08190686921400427
188.0,Morgan,average,sensitivity,0.04721313431766923,0.08099534781211287
189.0,Morgan,average,sensitivity,0.04754869017632233,0.08120740304676939
190.0,Morgan,average,sensitivity,0.04737056294404029,0.08078809914367133
191.0,Morgan,average,sensitivity,0.04711944067088483,0.08058123912628662
192.0,Morgan,average,sensitivity,0.04702657946349809,0.0805440257126899
193.0,Morgan,average,sensitivity,0.046762735406882854,0.08040503202479284
194.0,Morgan,average,sensitivity,0.04641799319331919,0.08000813784743249
195.0,Morgan,average,sensitivity,0.046436661908571854,0.08017431350340334
196.0,Morgan,average,sensitivity,0.04560218854899203,0.07951235637309963
197.0,Morgan,average,sensitivity,0.04627099085928485,0.08036475684823877
198.0,Morgan,average,sensitivity,0.045713958131462624,0.07941547108610589
199.0,Morgan,average,sensitivity,0.0460452041737444,0.07989916835170577
200.0,Morgan,average,sensitivity,0.0457407537817022,0.07972790244599993
1.0,Mordred,average,sensitivity,0.5234118347524819,0.0868679326040308
2.0,Mordred,average,sensitivity,0.5234118347524819,0.0868679326040308
3.0,Mordred,average,sensitivity,0.5022981268681549,0.09833272613552473
4.0,Mordred,average,sensitivity,0.5016463877049646,0.10326782609298912
5.0,Mordred,average,sensitivity,0.4794672595874836,0.10864087549281977
6.0,Mordred,average,sensitivity,0.4838193544139944,0.11163702746500209
7.0,Mordred,average,sensitivity,0.46633873055618985,0.12329711761972212
8.0,Mordred,average,sensitivity,0.4653309192385421,0.12074173959416466
9.0,Mordred,average,sensitivity,0.4520877088640999,0.12979773156004829
10.0,Mordred,average,sensitivity,0.4534927638964016,0.12964788486761147
11.0,Mordred,average,sensitivity,0.44094954541264264,0.13783804758517523
12.0,Mordred,average,sensitivity,0.44054644937517623,0.1382578637040643
13.0,Mordred,average,sensitivity,0.42901412014304424,0.1477506634378925
14.0,Mordred,average,sensitivity,0.42807154133446823,0.14700954950458134
15.0,Mordred,average,sensitivity,0.42023104962334235,0.15476842483012837
16.0,Mordred,average,sensitivity,0.4170020115092688,0.151739840547355
17.0,Mordred,average,sensitivity,0.406368053166199,0.15448274924580535
18.0,Mordred,average,sensitivity,0.4054310657616172,0.15500798686722506
19.0,Mordred,average,sensitivity,0.3967690108332238,0.1589634307186342
20.0,Mordred,average,sensitivity,0.39462240465785564,0.15778258504452763
21.0,Mordred,average,sensitivity,0.39023229304036666,0.16354097487774247
22.0,Mordred,average,sensitivity,0.38634669344391886,0.16458955564724495
23.0,Mordred,average,sensitivity,0.3792153302929676,0.16731877472594067
24.0,Mordred,average,sensitivity,0.37887610562170954,0.16619772044487016
25.0,Mordred,average,sensitivity,0.3691591678734361,0.1668788251590106
26.0,Mordred,average,sensitivity,0.3683822802878133,0.16935979412334262
27.0,Mordred,average,sensitivity,0.36562705591195815,0.17433337441525362
28.0,Mordred,average,sensitivity,0.3646300973361381,0.17389128398363976
29.0,Mordred,average,sensitivity,0.3587333060723011,0.17634098320222102
30.0,Mordred,average,sensitivity,0.3573183894547753,0.17351753016288138
31.0,Mordred,average,sensitivity,0.3500755150644787,0.17607270547363604
32.0,Mordred,average,sensitivity,0.3524820341223818,0.17832524562429322
33.0,Mordred,average,sensitivity,0.34574945024489767,0.18075405290426527
34.0,Mordred,average,sensitivity,0.3482033542225666,0.18104228062907704
35.0,Mordred,average,sensitivity,0.3439913297701873,0.18126695451702154
36.0,Mordred,average,sensitivity,0.3444020489960937,0.18495235192734902
37.0,Mordred,average,sensitivity,0.34024297086805916,0.18314792309118783
38.0,Mordred,average,sensitivity,0.33989664580282225,0.18317105142281992
39.0,Mordred,average,sensitivity,0.33568013466129765,0.18561285279666764
40.0,Mordred,average,sensitivity,0.33530684189255894,0.18531177932279708
41.0,Mordred,average,sensitivity,0.3312567957615956,0.18682083695996773
42.0,Mordred,average,sensitivity,0.33070651653095706,0.18782540735439815
43.0,Mordred,average,sensitivity,0.32546067039651577,0.18965241495407378
44.0,Mordred,average,sensitivity,0.3213511291326439,0.18994934328960258
45.0,Mordred,average,sensitivity,0.31778185061711445,0.1923226919505596
46.0,Mordred,average,sensitivity,0.31507236303011843,0.19284928330565837
47.0,Mordred,average,sensitivity,0.3134779246520375,0.1943547257630599
48.0,Mordred,average,sensitivity,0.3128832814252435,0.19478875814518606
49.0,Mordred,average,sensitivity,0.31121810622128604,0.19443998509556282
50.0,Mordred,average,sensitivity,0.30903047597165767,0.19524355836234036
51.0,Mordred,average,sensitivity,0.3055675647790299,0.19487660633839793
52.0,Mordred,average,sensitivity,0.3061291414857354,0.19490377318906404
53.0,Mordred,average,sensitivity,0.3015579041949193,0.19430242784914853
54.0,Mordred,average,sensitivity,0.3000587142575087,0.19528676615449775
55.0,Mordred,average,sensitivity,0.29659863524551017,0.19603146283601117
56.0,Mordred,average,sensitivity,0.2943821539243109,0.19835168704722775
57.0,Mordred,average,sensitivity,0.29277124343059724,0.1981888086138966
58.0,Mordred,average,sensitivity,0.29355080564721225,0.19915925533541282
59.0,Mordred,average,sensitivity,0.28955207541304806,0.1999313276904695
60.0,Mordred,average,sensitivity,0.28796206261739604,0.2001336359151383
61.0,Mordred,average,sensitivity,0.284855723849057,0.20097317161451314
62.0,Mordred,average,sensitivity,0.2849165910336152,0.20126694278662208
63.0,Mordred,average,sensitivity,0.279831144453482,0.202268551203703
64.0,Mordred,average,sensitivity,0.27772698424192077,0.20228486059358475
65.0,Mordred,average,sensitivity,0.27703289648097096,0.20341634916736906
66.0,Mordred,average,sensitivity,0.2771894579856708,0.20499853603624074
67.0,Mordred,average,sensitivity,0.2746666183465541,0.20491758259556522
68.0,Mordred,average,sensitivity,0.27290520496358384,0.20411881083962444
69.0,Mordred,average,sensitivity,0.2711287847329738,0.20550465734436404
70.0,Mordred,average,sensitivity,0.2694453352458679,0.20611320096279948
71.0,Mordred,average,sensitivity,0.2678594219054865,0.20541487887286258
72.0,Mordred,average,sensitivity,0.2689812847424813,0.20471174213922666
73.0,Mordred,average,sensitivity,0.265465956792338,0.2057064137590607
74.0,Mordred,average,sensitivity,0.264968757110004,0.20684983210195282
75.0,Mordred,average,sensitivity,0.2626230104089736,0.20619499986055312
76.0,Mordred,average,sensitivity,0.26270047523865775,0.20668463746383953
77.0,Mordred,average,sensitivity,0.2622897667026001,0.20865277156123874
78.0,Mordred,average,sensitivity,0.2628505835614158,0.20855545134272133
79.0,Mordred,average,sensitivity,0.25891373527257616,0.20839004118823165
80.0,Mordred,average,sensitivity,0.26117013519289706,0.2085843346013215
81.0,Mordred,average,sensitivity,0.2578020969487909,0.2091110824730148
82.0,Mordred,average,sensitivity,0.26001896381319267,0.21130931829161373
83.0,Mordred,average,sensitivity,0.25605104107689114,0.21040580337306342
84.0,Mordred,average,sensitivity,0.25823879414598055,0.2116435750259824
85.0,Mordred,average,sensitivity,0.25496336045873597,0.21164168165074718
86.0,Mordred,average,sensitivity,0.2546429994481556,0.2117284170590429
87.0,Mordred,average,sensitivity,0.25417463121967776,0.21375762421407798
88.0,Mordred,average,sensitivity,0.2551074926331903,0.21418292737762887
89.0,Mordred,average,sensitivity,0.25281582553343296,0.21481751264559198
90.0,Mordred,average,sensitivity,0.251709595987835,0.21577510809125763
91.0,Mordred,average,sensitivity,0.2509621924092663,0.2161481935179711
92.0,Mordred,average,sensitivity,0.250311244645572,0.21622492226430878
93.0,Mordred,average,sensitivity,0.24807922831232013,0.21681738174628193
94.0,Mordred,average,sensitivity,0.2457079400583913,0.21573718474403386
95.0,Mordred,average,sensitivity,0.244557229800533,0.21485485370424226
96.0,Mordred,average,sensitivity,0.24237148531474134,0.21472645746011598
97.0,Mordred,average,sensitivity,0.24039665963320034,0.21523718266173872
98.0,Mordred,average,sensitivity,0.2399943298812364,0.21552702962774684
99.0,Mordred,average,sensitivity,0.23828750956954647,0.21443657889346582
100.0,Mordred,average,sensitivity,0.23563122523112423,0.21487046300413162
101.0,Mordred,average,sensitivity,0.23431191850780597,0.21292534072206712
102.0,Mordred,average,sensitivity,0.2342345332851048,0.21526831482651615
103.0,Mordred,average,sensitivity,0.23308175428203237,0.21467905138933915
104.0,Mordred,average,sensitivity,0.23251109017389396,0.215578917127043
105.0,Mordred,average,sensitivity,0.23152045665107443,0.2157773179428987
106.0,Mordred,average,sensitivity,0.23169834914268927,0.21655021394249907
107.0,Mordred,average,sensitivity,0.23059434327790254,0.2161283936061114
108.0,Mordred,average,sensitivity,0.2325822423224336,0.21598798782292097
109.0,Mordred,average,sensitivity,0.22958764669340398,0.21529899726684043
110.0,Mordred,average,sensitivity,0.23034944350224773,0.21682865623854186
111.0,Mordred,average,sensitivity,0.22842537744758853,0.21534591444559778
112.0,Mordred,average,sensitivity,0.22791805410895613,0.21583245569752635
113.0,Mordred,average,sensitivity,0.22666768205262044,0.21540106392805441
114.0,Mordred,average,sensitivity,0.22469942160715706,0.21637012778037054
115.0,Mordred,average,sensitivity,0.22459547037843805,0.21591349986514022
116.0,Mordred,average,sensitivity,0.2244695557756545,0.21747669868315836
117.0,Mordred,average,sensitivity,0.22274707288119586,0.21478836752846958
118.0,Mordred,average,sensitivity,0.22252241243121262,0.2152568387137838
119.0,Mordred,average,sensitivity,0.22209019276482497,0.21448171908036112
120.0,Mordred,average,sensitivity,0.2207153352286334,0.21566348532197277
121.0,Mordred,average,sensitivity,0.21856882288282942,0.21382373412011477
122.0,Mordred,average,sensitivity,0.21890522075178911,0.21469926994039681
123.0,Mordred,average,sensitivity,0.21726479895243567,0.21446076962952182
124.0,Mordred,average,sensitivity,0.21872537459649227,0.2149248144668434
125.0,Mordred,average,sensitivity,0.2154304201258793,0.2138782716792884
126.0,Mordred,average,sensitivity,0.2151892361725144,0.21490177427161167
127.0,Mordred,average,sensitivity,0.2119634127948342,0.21439478740304405
128.0,Mordred,average,sensitivity,0.21166784907044606,0.21430275849174132
129.0,Mordred,average,sensitivity,0.20971743241146684,0.21361212400460164
130.0,Mordred,average,sensitivity,0.20925657535611886,0.21353561165631624
131.0,Mordred,average,sensitivity,0.20861000216047462,0.21389742284088836
132.0,Mordred,average,sensitivity,0.20859957210648092,0.21396339363755312
133.0,Mordred,average,sensitivity,0.20610107107207828,0.2147505977186429
134.0,Mordred,average,sensitivity,0.20771060393043425,0.21513014608169265
135.0,Mordred,average,sensitivity,0.20544776269567158,0.21487890373899662
136.0,Mordred,average,sensitivity,0.20647313749510812,0.21447292949561875
137.0,Mordred,average,sensitivity,0.20492066543799062,0.2156478354264047
138.0,Mordred,average,sensitivity,0.20410856344415554,0.2146702580750963
139.0,Mordred,average,sensitivity,0.2020050093484376,0.21462391330975708
140.0,Mordred,average,sensitivity,0.202597074113312,0.21453337164734224
141.0,Mordred,average,sensitivity,0.19982568741006826,0.2144704923768656
142.0,Mordred,average,sensitivity,0.20012563354122162,0.21468346015480874
143.0,Mordred,average,sensitivity,0.19854174420721446,0.21400136366200276
144.0,Mordred,average,sensitivity,0.19796991978999262,0.21431536192559658
145.0,Mordred,average,sensitivity,0.19665166991076144,0.2135381572303901
146.0,Mordred,average,sensitivity,0.19743640349984803,0.21429189183049316
147.0,Mordred,average,sensitivity,0.19646807148685583,0.21389902619027212
148.0,Mordred,average,sensitivity,0.19688189707863327,0.21356595766079509
149.0,Mordred,average,sensitivity,0.1953779035277513,0.21428110839585954
150.0,Mordred,average,sensitivity,0.19568671151460593,0.21400155423459113
151.0,Mordred,average,sensitivity,0.1940308986520751,0.21416927527239674
152.0,Mordred,average,sensitivity,0.19443601594536467,0.21529799431539473
153.0,Mordred,average,sensitivity,0.1922418027288067,0.2150700356127528
154.0,Mordred,average,sensitivity,0.1920419463402779,0.21461267517793653
155.0,Mordred,average,sensitivity,0.19186073327721068,0.21447925892301417
156.0,Mordred,average,sensitivity,0.19071892748168007,0.21308164565873497
157.0,Mordred,average,sensitivity,0.19040373059590301,0.2147127183096223
158.0,Mordred,average,sensitivity,0.18889340945222874,0.21403701695518507
159.0,Mordred,average,sensitivity,0.18798565949523463,0.2148932515474651
160.0,Mordred,average,sensitivity,0.18755394900732583,0.21377467178563359
161.0,Mordred,average,sensitivity,0.1874253488911551,0.21502683113594848
162.0,Mordred,average,sensitivity,0.1858812382983858,0.21399875736488008
163.0,Mordred,average,sensitivity,0.18518113258284374,0.2140317293829018
164.0,Mordred,average,sensitivity,0.18474359516807096,0.21347623395093251
165.0,Mordred,average,sensitivity,0.18382152377152292,0.21312418706903083
166.0,Mordred,average,sensitivity,0.18278318486036796,0.21317656530717122
167.0,Mordred,average,sensitivity,0.18286127027080745,0.21192505462259983
168.0,Mordred,average,sensitivity,0.18215000098210532,0.21235286414057913
169.0,Mordred,average,sensitivity,0.18186136066341796,0.21216547233343244
170.0,Mordred,average,sensitivity,0.18196786841828275,0.2137425237557692
171.0,Mordred,average,sensitivity,0.18135015065516896,0.2124634560435501
172.0,Mordred,average,sensitivity,0.1792487686127292,0.21239850681370373
173.0,Mordred,average,sensitivity,0.18073510552414324,0.21318825316126325
174.0,Mordred,average,sensitivity,0.17925056146280738,0.21389626633722078
175.0,Mordred,average,sensitivity,0.17992156873656037,0.21373022146781645
176.0,Mordred,average,sensitivity,0.17904039968870003,0.21311197304700386
177.0,Mordred,average,sensitivity,0.178343144735303,0.21384242802044537
178.0,Mordred,average,sensitivity,0.1773223229881632,0.21371122784599644
179.0,Mordred,average,sensitivity,0.1766294479545998,0.21319932401049893
180.0,Mordred,average,sensitivity,0.17720459769892208,0.21304770592481123
181.0,Mordred,average,sensitivity,0.17538891504018955,0.21371698050320354
182.0,Mordred,average,sensitivity,0.17610126290707367,0.21317941605711843
183.0,Mordred,average,sensitivity,0.17442732646419967,0.21280794962336574
184.0,Mordred,average,sensitivity,0.17468680775892634,0.21325884827473007
185.0,Mordred,average,sensitivity,0.1726192274301996,0.21290141437994645
186.0,Mordred,average,sensitivity,0.17229164340843955,0.21256247026588268
187.0,Mordred,average,sensitivity,0.17253135135262862,0.21257121802899917
188.0,Mordred,average,sensitivity,0.1722784440264024,0.21172282442946883
189.0,Mordred,average,sensitivity,0.1720838335530729,0.21237380979509293
190.0,Mordred,average,sensitivity,0.17165523730900528,0.21167888272400978
191.0,Mordred,average,sensitivity,0.17152503003187075,0.21153487867128848
192.0,Mordred,average,sensitivity,0.1713324200122481,0.2118519918888871
193.0,Mordred,average,sensitivity,0.17119168820701824,0.21143004740224983
194.0,Mordred,average,sensitivity,0.16994597211968235,0.21114944318480033
195.0,Mordred,average,sensitivity,0.16988221423345828,0.21116686065607368
196.0,Mordred,average,sensitivity,0.1698793086291857,0.21108006431413331
197.0,Mordred,average,sensitivity,0.16958055897245802,0.21119101627567144
198.0,Mordred,average,sensitivity,0.16886609655772664,0.21052691503102822
199.0,Mordred,average,sensitivity,0.16854361737424392,0.21123577714350422
200.0,Mordred,average,sensitivity,0.16852397060573052,0.21117010267365646
1.0,CheMeleon (fine-tuned),average,specificity,0.7785766130176348,0.07359602735650607
2.0,CheMeleon (fine-tuned),average,specificity,0.7785766130176348,0.07359602735650607
3.0,CheMeleon (fine-tuned),average,specificity,0.7847954746021378,0.07757554568451981
4.0,CheMeleon (fine-tuned),average,specificity,0.7874105788231462,0.0759597017466723
5.0,CheMeleon (fine-tuned),average,specificity,0.7876609022710688,0.08136196914198006
6.0,CheMeleon (fine-tuned),average,specificity,0.7876534632785388,0.08188515322668716
7.0,CheMeleon (fine-tuned),average,specificity,0.7849574327005858,0.08678599854640884
8.0,CheMeleon (fine-tuned),average,specificity,0.7857675546432253,0.08743934382667552
9.0,CheMeleon (fine-tuned),average,specificity,0.7837065791066684,0.08925888424062883
10.0,CheMeleon (fine-tuned),average,specificity,0.7862002737173968,0.08797116839728208
11.0,CheMeleon (fine-tuned),average,specificity,0.7855192948929358,0.0893701392227192
12.0,CheMeleon (fine-tuned),average,specificity,0.785387406980035,0.08886305432488942
13.0,CheMeleon (fine-tuned),average,specificity,0.7853220174636819,0.08839425281862832
14.0,CheMeleon (fine-tuned),average,specificity,0.7860843786753736,0.08907560299954184
15.0,CheMeleon (fine-tuned),average,specificity,0.7852576327566174,0.09029024303754958
16.0,CheMeleon (fine-tuned),average,specificity,0.7862195555525261,0.08999949154511248
17.0,CheMeleon (fine-tuned),average,specificity,0.7840432918951137,0.09103946073095866
18.0,CheMeleon (fine-tuned),average,specificity,0.7850251619162816,0.09021570696578232
19.0,CheMeleon (fine-tuned),average,specificity,0.7839830169860101,0.0916830725525837
20.0,CheMeleon (fine-tuned),average,specificity,0.7858014692497228,0.09045456988375757
21.0,CheMeleon (fine-tuned),average,specificity,0.7847726735682916,0.09253515738144685
22.0,CheMeleon (fine-tuned),average,specificity,0.7855893542381785,0.09210440044466031
23.0,CheMeleon (fine-tuned),average,specificity,0.7859073957286513,0.09114720341557016
24.0,CheMeleon (fine-tuned),average,specificity,0.7853368345925127,0.09257154102830997
25.0,CheMeleon (fine-tuned),average,specificity,0.7845438005467988,0.09387906620147289
26.0,CheMeleon (fine-tuned),average,specificity,0.7853258296538155,0.09251784126671421
27.0,CheMeleon (fine-tuned),average,specificity,0.7840420721640424,0.0945620776656268
28.0,CheMeleon (fine-tuned),average,specificity,0.7854896161700696,0.09279661602221694
29.0,CheMeleon (fine-tuned),average,specificity,0.7845301650757974,0.09419024846297241
30.0,CheMeleon (fine-tuned),average,specificity,0.7856876804327448,0.09473234250263644
31.0,CheMeleon (fine-tuned),average,specificity,0.7834852192559206,0.0979884567123755
32.0,CheMeleon (fine-tuned),average,specificity,0.7841991044633925,0.09694282231545165
33.0,CheMeleon (fine-tuned),average,specificity,0.7843021450076516,0.09716581727848911
34.0,CheMeleon (fine-tuned),average,specificity,0.7850889289012701,0.09798092439060035
35.0,CheMeleon (fine-tuned),average,specificity,0.783276675472861,0.09864042818753954
36.0,CheMeleon (fine-tuned),average,specificity,0.7841363692049468,0.09857287230617004
37.0,CheMeleon (fine-tuned),average,specificity,0.7830817864676747,0.09841906984450004
38.0,CheMeleon (fine-tuned),average,specificity,0.7834466519978881,0.09784392774366539
39.0,CheMeleon (fine-tuned),average,specificity,0.7816440935807357,0.09962226559806986
40.0,CheMeleon (fine-tuned),average,specificity,0.782315431951547,0.09869966417301719
41.0,CheMeleon (fine-tuned),average,specificity,0.7820395095766005,0.09911565470107687
42.0,CheMeleon (fine-tuned),average,specificity,0.781967116409356,0.0992132662321534
43.0,CheMeleon (fine-tuned),average,specificity,0.7819603097128831,0.09785280245171056
44.0,CheMeleon (fine-tuned),average,specificity,0.7815786583811288,0.10008742860760116
45.0,CheMeleon (fine-tuned),average,specificity,0.7817045855894567,0.09911983899251778
46.0,CheMeleon (fine-tuned),average,specificity,0.7819399249803572,0.10038895780806145
47.0,CheMeleon (fine-tuned),average,specificity,0.7817936068194826,0.10015553461543374
48.0,CheMeleon (fine-tuned),average,specificity,0.7817892005390484,0.10115122756075882
49.0,CheMeleon (fine-tuned),average,specificity,0.7813753603737916,0.10161351672331997
50.0,CheMeleon (fine-tuned),average,specificity,0.7813489714593119,0.10271097409313654
51.0,CheMeleon (fine-tuned),average,specificity,0.7818048153500533,0.10384249642341054
52.0,CheMeleon (fine-tuned),average,specificity,0.7820417331648828,0.10461506645915884
53.0,CheMeleon (fine-tuned),average,specificity,0.7820482739026595,0.1046867462011625
54.0,CheMeleon (fine-tuned),average,specificity,0.7825455478892969,0.10469553503912234
55.0,CheMeleon (fine-tuned),average,specificity,0.7815839092692307,0.10563291589931197
56.0,CheMeleon (fine-tuned),average,specificity,0.7815490397886736,0.10572796143019565
57.0,CheMeleon (fine-tuned),average,specificity,0.7807717804333822,0.10721793093872209
58.0,CheMeleon (fine-tuned),average,specificity,0.7808972856391798,0.10693628770874142
59.0,CheMeleon (fine-tuned),average,specificity,0.7802541482459303,0.10757011930011047
60.0,CheMeleon (fine-tuned),average,specificity,0.7804977051684591,0.1078032401936412
61.0,CheMeleon (fine-tuned),average,specificity,0.7810561528931903,0.10624262958897532
62.0,CheMeleon (fine-tuned),average,specificity,0.7804040942406464,0.10761805911714939
63.0,CheMeleon (fine-tuned),average,specificity,0.7806708098845082,0.10836413365868859
64.0,CheMeleon (fine-tuned),average,specificity,0.7800150389618656,0.10988131219026925
65.0,CheMeleon (fine-tuned),average,specificity,0.7794863016197406,0.11010206487766318
66.0,CheMeleon (fine-tuned),average,specificity,0.779563923324858,0.11126730958085147
67.0,CheMeleon (fine-tuned),average,specificity,0.7799753284210555,0.11032388993797032
68.0,CheMeleon (fine-tuned),average,specificity,0.7803867750513528,0.11175655556458447
69.0,CheMeleon (fine-tuned),average,specificity,0.7804288827467265,0.11239763616655497
70.0,CheMeleon (fine-tuned),average,specificity,0.7801326522442803,0.11306762470387348
71.0,CheMeleon (fine-tuned),average,specificity,0.7798313848000454,0.11372074038128982
72.0,CheMeleon (fine-tuned),average,specificity,0.7799008640712863,0.11599070344126873
73.0,CheMeleon (fine-tuned),average,specificity,0.7797516341619505,0.11640072347619335
74.0,CheMeleon (fine-tuned),average,specificity,0.7785805948195488,0.11784177087092274
75.0,CheMeleon (fine-tuned),average,specificity,0.7794041825197326,0.1158615258624683
76.0,CheMeleon (fine-tuned),average,specificity,0.7789533957265085,0.11760297754380321
77.0,CheMeleon (fine-tuned),average,specificity,0.7789367493906925,0.11716288881507575
78.0,CheMeleon (fine-tuned),average,specificity,0.7789660933276535,0.11776683131709623
79.0,CheMeleon (fine-tuned),average,specificity,0.7789322925732758,0.11767384731729927
80.0,CheMeleon (fine-tuned),average,specificity,0.7798899434659309,0.11577956501467392
81.0,CheMeleon (fine-tuned),average,specificity,0.7794632501963347,0.11642001660187735
82.0,CheMeleon (fine-tuned),average,specificity,0.7799579769981126,0.11652865279145924
83.0,CheMeleon (fine-tuned),average,specificity,0.7794578828757315,0.11680818912547376
84.0,CheMeleon (fine-tuned),average,specificity,0.7797235140534167,0.11709227851925175
85.0,CheMeleon (fine-tuned),average,specificity,0.7800582723331909,0.11844066436685806
86.0,CheMeleon (fine-tuned),average,specificity,0.7796232945422183,0.11747102765391396
87.0,CheMeleon (fine-tuned),average,specificity,0.7784345341279834,0.11928611093206061
88.0,CheMeleon (fine-tuned),average,specificity,0.7788047183722707,0.11858221737886641
89.0,CheMeleon (fine-tuned),average,specificity,0.7782494823891232,0.11960356442709459
90.0,CheMeleon (fine-tuned),average,specificity,0.7782807618540438,0.12044988054684795
91.0,CheMeleon (fine-tuned),average,specificity,0.7770775372410472,0.12099835703674522
92.0,CheMeleon (fine-tuned),average,specificity,0.7778461400085454,0.12023457241493943
93.0,CheMeleon (fine-tuned),average,specificity,0.7767201880183238,0.12401350698446176
94.0,CheMeleon (fine-tuned),average,specificity,0.7779536055486096,0.12097572723500154
95.0,CheMeleon (fine-tuned),average,specificity,0.7775049388211493,0.12297649038809529
96.0,CheMeleon (fine-tuned),average,specificity,0.778231940765312,0.12147523234345864
97.0,CheMeleon (fine-tuned),average,specificity,0.7782124741565312,0.12400857671420025
98.0,CheMeleon (fine-tuned),average,specificity,0.7789531523237888,0.1229822364654272
99.0,CheMeleon (fine-tuned),average,specificity,0.7785064467464458,0.12329599139594836
100.0,CheMeleon (fine-tuned),average,specificity,0.7774269641548892,0.12417585684538436
101.0,CheMeleon (fine-tuned),average,specificity,0.7776474600646591,0.1252240321640046
102.0,CheMeleon (fine-tuned),average,specificity,0.7778973570857339,0.12505603991266873
103.0,CheMeleon (fine-tuned),average,specificity,0.7777528666072263,0.12547215770685063
104.0,CheMeleon (fine-tuned),average,specificity,0.7776516461368537,0.12488115071986505
105.0,CheMeleon (fine-tuned),average,specificity,0.7769339960263787,0.12580609644364893
106.0,CheMeleon (fine-tuned),average,specificity,0.77755827434891,0.12401791918493434
107.0,CheMeleon (fine-tuned),average,specificity,0.7775626006682786,0.12395608229129908
108.0,CheMeleon (fine-tuned),average,specificity,0.7777651392215493,0.12382626014210861
109.0,CheMeleon (fine-tuned),average,specificity,0.7773341292413192,0.1241183970948803
110.0,CheMeleon (fine-tuned),average,specificity,0.77761387928013,0.12404757941278616
111.0,CheMeleon (fine-tuned),average,specificity,0.7769059560028065,0.1254210676977883
112.0,CheMeleon (fine-tuned),average,specificity,0.7772587408847913,0.1258918466181193
113.0,CheMeleon (fine-tuned),average,specificity,0.7773161530754887,0.12547078282334576
114.0,CheMeleon (fine-tuned),average,specificity,0.7775031875550877,0.1252174257662865
115.0,CheMeleon (fine-tuned),average,specificity,0.7773434077486431,0.12586183440143625
116.0,CheMeleon (fine-tuned),average,specificity,0.7776882929918508,0.1261887981444151
117.0,CheMeleon (fine-tuned),average,specificity,0.7770697020352436,0.12766764935545175
118.0,CheMeleon (fine-tuned),average,specificity,0.7779042914283736,0.1266701108688249
119.0,CheMeleon (fine-tuned),average,specificity,0.7773732302389225,0.12717640803416375
120.0,CheMeleon (fine-tuned),average,specificity,0.7780470201159063,0.12711372345999228
121.0,CheMeleon (fine-tuned),average,specificity,0.7781968204336402,0.12810798186761768
122.0,CheMeleon (fine-tuned),average,specificity,0.7781667907878836,0.1271969993619573
123.0,CheMeleon (fine-tuned),average,specificity,0.7785318506529103,0.12780369261501096
124.0,CheMeleon (fine-tuned),average,specificity,0.7787636433201657,0.12792697038235767
125.0,CheMeleon (fine-tuned),average,specificity,0.7786849541590645,0.1288025010725508
126.0,CheMeleon (fine-tuned),average,specificity,0.7788371867393186,0.1282376898698574
127.0,CheMeleon (fine-tuned),average,specificity,0.7791212422405188,0.12912902974205664
128.0,CheMeleon (fine-tuned),average,specificity,0.7794007308502954,0.12899638964275822
129.0,CheMeleon (fine-tuned),average,specificity,0.7794593998803343,0.12877415196217737
130.0,CheMeleon (fine-tuned),average,specificity,0.779425365178568,0.12926471520090188
131.0,CheMeleon (fine-tuned),average,specificity,0.7790280790538084,0.13000511258084638
132.0,CheMeleon (fine-tuned),average,specificity,0.7790402145667527,0.12975367228666265
133.0,CheMeleon (fine-tuned),average,specificity,0.7788457254371569,0.13009082941773048
134.0,CheMeleon (fine-tuned),average,specificity,0.7790166066696235,0.12960575486577278
135.0,CheMeleon (fine-tuned),average,specificity,0.779324965075855,0.1292957726195233
136.0,CheMeleon (fine-tuned),average,specificity,0.779801549817299,0.12920718072040763
137.0,CheMeleon (fine-tuned),average,specificity,0.7793845677675368,0.13028958326486553
138.0,CheMeleon (fine-tuned),average,specificity,0.7796233408107911,0.1299389823631672
139.0,CheMeleon (fine-tuned),average,specificity,0.7796673622648647,0.13095322776826668
140.0,CheMeleon (fine-tuned),average,specificity,0.78074084655076,0.12945207252899923
141.0,CheMeleon (fine-tuned),average,specificity,0.7802978997453741,0.13074236926326796
142.0,CheMeleon (fine-tuned),average,specificity,0.7805914649817827,0.13014071988075104
143.0,CheMeleon (fine-tuned),average,specificity,0.7805235060519496,0.13122407306721323
144.0,CheMeleon (fine-tuned),average,specificity,0.7813354943594828,0.13066900487177774
145.0,CheMeleon (fine-tuned),average,specificity,0.780635085381925,0.13180533259989116
146.0,CheMeleon (fine-tuned),average,specificity,0.7804373103649225,0.13199738663263758
147.0,CheMeleon (fine-tuned),average,specificity,0.780223275185876,0.1327848043590602
148.0,CheMeleon (fine-tuned),average,specificity,0.7806025168935133,0.1325608044646697
149.0,CheMeleon (fine-tuned),average,specificity,0.7806363107411527,0.13305538097311925
150.0,CheMeleon (fine-tuned),average,specificity,0.7806062209462342,0.13345524633206599
151.0,CheMeleon (fine-tuned),average,specificity,0.7809084918695334,0.1329368012506105
152.0,CheMeleon (fine-tuned),average,specificity,0.7805681504182514,0.13364783861423354
153.0,CheMeleon (fine-tuned),average,specificity,0.7804769244549945,0.1331963218961153
154.0,CheMeleon (fine-tuned),average,specificity,0.7812175022309816,0.13310785396612232
155.0,CheMeleon (fine-tuned),average,specificity,0.7808107107665448,0.13452013895327256
156.0,CheMeleon (fine-tuned),average,specificity,0.7807185986963003,0.1337442101067297
157.0,CheMeleon (fine-tuned),average,specificity,0.7813819613408489,0.1333091541222287
158.0,CheMeleon (fine-tuned),average,specificity,0.7816998134780995,0.1335149636519108
159.0,CheMeleon (fine-tuned),average,specificity,0.7815928650225601,0.13323626746606484
160.0,CheMeleon (fine-tuned),average,specificity,0.781962012332868,0.13314224808044892
161.0,CheMeleon (fine-tuned),average,specificity,0.7820778020510443,0.13370603677508022
162.0,CheMeleon (fine-tuned),average,specificity,0.7823104753551045,0.133158162492993
163.0,CheMeleon (fine-tuned),average,specificity,0.782234997248967,0.13415029844462895
164.0,CheMeleon (fine-tuned),average,specificity,0.7828008079022706,0.13394470028657313
165.0,CheMeleon (fine-tuned),average,specificity,0.7821169203099338,0.13523003651983367
166.0,CheMeleon (fine-tuned),average,specificity,0.78318790885184,0.133868094128829
167.0,CheMeleon (fine-tuned),average,specificity,0.7831668634010803,0.13444108893539036
168.0,CheMeleon (fine-tuned),average,specificity,0.7831954414998376,0.13427894860463435
169.0,CheMeleon (fine-tuned),average,specificity,0.7828769181159007,0.1360867895522707
170.0,CheMeleon (fine-tuned),average,specificity,0.7832960940961212,0.13497910458016582
171.0,CheMeleon (fine-tuned),average,specificity,0.7834522048822555,0.13634122714372865
172.0,CheMeleon (fine-tuned),average,specificity,0.783550901120336,0.1358385968274283
173.0,CheMeleon (fine-tuned),average,specificity,0.7836790954751082,0.1354655771782596
174.0,CheMeleon (fine-tuned),average,specificity,0.7841629774717036,0.13529009836030112
175.0,CheMeleon (fine-tuned),average,specificity,0.7844916642245174,0.1356978354511471
176.0,CheMeleon (fine-tuned),average,specificity,0.784690104984473,0.13586294483730368
177.0,CheMeleon (fine-tuned),average,specificity,0.7846213338241829,0.13564854330947732
178.0,CheMeleon (fine-tuned),average,specificity,0.7848309789653496,0.13632599794392508
179.0,CheMeleon (fine-tuned),average,specificity,0.7853966989806936,0.13671121942400885
180.0,CheMeleon (fine-tuned),average,specificity,0.7849834114558053,0.13753041214228448
181.0,CheMeleon (fine-tuned),average,specificity,0.7855766329487477,0.1369597330255333
182.0,CheMeleon (fine-tuned),average,specificity,0.7857812808597399,0.13702140032414467
183.0,CheMeleon (fine-tuned),average,specificity,0.7856144162783727,0.1362596850809402
184.0,CheMeleon (fine-tuned),average,specificity,0.7852685313374629,0.13582884053348535
185.0,CheMeleon (fine-tuned),average,specificity,0.7858372075357687,0.13617264926913308
186.0,CheMeleon (fine-tuned),average,specificity,0.7856427887929851,0.13656558033587207
187.0,CheMeleon (fine-tuned),average,specificity,0.7859193968684285,0.13649725700040166
188.0,CheMeleon (fine-tuned),average,specificity,0.7865955753681014,0.13560511733441166
189.0,CheMeleon (fine-tuned),average,specificity,0.7866517512215262,0.13638568661818826
190.0,CheMeleon (fine-tuned),average,specificity,0.7870741808758714,0.13539518198723438
191.0,CheMeleon (fine-tuned),average,specificity,0.7871245430746563,0.13555042114672078
192.0,CheMeleon (fine-tuned),average,specificity,0.7875844851849854,0.13543951896526982
193.0,CheMeleon (fine-tuned),average,specificity,0.7872945100336607,0.13602525743558097
194.0,CheMeleon (fine-tuned),average,specificity,0.7875647887545288,0.13553726235889405
195.0,CheMeleon (fine-tuned),average,specificity,0.787522007315393,0.13622427304628476
196.0,CheMeleon (fine-tuned),average,specificity,0.7877636451014303,0.13623284913413533
197.0,CheMeleon (fine-tuned),average,specificity,0.7879003000640084,0.13596462331558942
198.0,CheMeleon (fine-tuned),average,specificity,0.7876688356216622,0.13691859980676677
199.0,CheMeleon (fine-tuned),average,specificity,0.7879535818963079,0.136376953595274
200.0,CheMeleon (fine-tuned),average,specificity,0.7884705775336915,0.13680694116708444
1.0,Chemprop (default),average,specificity,0.7752211196793707,0.07180793575834656
2.0,Chemprop (default),average,specificity,0.7752211196793707,0.07180793575834656
3.0,Chemprop (default),average,specificity,0.7934135835516457,0.07243149265675777
4.0,Chemprop (default),average,specificity,0.7960807388212148,0.07327760752455578
5.0,Chemprop (default),average,specificity,0.7994392171989686,0.07229836304211412
6.0,Chemprop (default),average,specificity,0.8020749546626703,0.07207168450009178
7.0,Chemprop (default),average,specificity,0.8034561955066722,0.07452319170402444
8.0,Chemprop (default),average,specificity,0.8037936204446811,0.07643539128365043
9.0,Chemprop (default),average,specificity,0.8049061432210585,0.07459778508293287
10.0,Chemprop (default),average,specificity,0.8062053763567307,0.0741637265017612
11.0,Chemprop (default),average,specificity,0.804430409368095,0.07558090348660072
12.0,Chemprop (default),average,specificity,0.8041812351502473,0.07686697789752833
13.0,Chemprop (default),average,specificity,0.8035965363982459,0.07742355669470255
14.0,Chemprop (default),average,specificity,0.8035240192251283,0.07876080384211535
15.0,Chemprop (default),average,specificity,0.8044155787974856,0.07711654834232874
16.0,Chemprop (default),average,specificity,0.8047898608887837,0.07701910756067211
17.0,Chemprop (default),average,specificity,0.8060994340094174,0.07764170357138074
18.0,Chemprop (default),average,specificity,0.8053897343376127,0.07833140456523725
19.0,Chemprop (default),average,specificity,0.8050971120106337,0.07886655803104017
20.0,Chemprop (default),average,specificity,0.8049832421469008,0.07913917473541847
21.0,Chemprop (default),average,specificity,0.80469772881873,0.08063622780129
22.0,Chemprop (default),average,specificity,0.8037846197158981,0.08085181418198457
23.0,Chemprop (default),average,specificity,0.8027721424585159,0.08243583797497853
24.0,Chemprop (default),average,specificity,0.80149834513548,0.08265174704064862
25.0,Chemprop (default),average,specificity,0.8000521527166744,0.08419899804533075
26.0,Chemprop (default),average,specificity,0.8010269040112722,0.08366207465886669
27.0,Chemprop (default),average,specificity,0.8000030376883561,0.08518053342900668
28.0,Chemprop (default),average,specificity,0.8000619093035728,0.08487765040643037
29.0,Chemprop (default),average,specificity,0.8009084168118649,0.08489656217346875
30.0,Chemprop (default),average,specificity,0.8007071641183778,0.08437342065342239
31.0,Chemprop (default),average,specificity,0.8014560782136276,0.08532757625426116
32.0,Chemprop (default),average,specificity,0.8023133657103846,0.08354617401752656
33.0,Chemprop (default),average,specificity,0.8018967174467623,0.08512666841620549
34.0,Chemprop (default),average,specificity,0.8016798398289279,0.08430644302724975
35.0,Chemprop (default),average,specificity,0.8017626312068861,0.08582910810366949
36.0,Chemprop (default),average,specificity,0.8018434127152758,0.08518852123364332
37.0,Chemprop (default),average,specificity,0.803182502171311,0.08510421594373288
38.0,Chemprop (default),average,specificity,0.8021010002473637,0.08557064664743734
39.0,Chemprop (default),average,specificity,0.8031983490572041,0.0845529205236103
40.0,Chemprop (default),average,specificity,0.8039314944170051,0.0846019165199704
41.0,Chemprop (default),average,specificity,0.8047925464324287,0.08421286856586611
42.0,Chemprop (default),average,specificity,0.8043985931818689,0.08403012005060358
43.0,Chemprop (default),average,specificity,0.8050440154083965,0.08419726866639757
44.0,Chemprop (default),average,specificity,0.8050574915127673,0.08429704565512208
45.0,Chemprop (default),average,specificity,0.8054261280624567,0.08484089646977658
46.0,Chemprop (default),average,specificity,0.8048122255147944,0.08508685006035686
47.0,Chemprop (default),average,specificity,0.8055019246476632,0.08474440471788133
48.0,Chemprop (default),average,specificity,0.8048927736123775,0.0855273076916465
49.0,Chemprop (default),average,specificity,0.8044988231064626,0.08701587814797898
50.0,Chemprop (default),average,specificity,0.8041016020204698,0.08692435171551796
51.0,Chemprop (default),average,specificity,0.8042899836556962,0.08679452915150138
52.0,Chemprop (default),average,specificity,0.8040018945510907,0.08638635319461409
53.0,Chemprop (default),average,specificity,0.803580170364381,0.08816271769707829
54.0,Chemprop (default),average,specificity,0.8036812304020287,0.08784302196363881
55.0,Chemprop (default),average,specificity,0.8045084237178368,0.08767698832356335
56.0,Chemprop (default),average,specificity,0.8034308735382748,0.08895076677948241
57.0,Chemprop (default),average,specificity,0.8043653042464007,0.0889911584664908
58.0,Chemprop (default),average,specificity,0.80364096620124,0.08870000669528949
59.0,Chemprop (default),average,specificity,0.8040924784880202,0.08861663416609769
60.0,Chemprop (default),average,specificity,0.8032348208177943,0.0904980737082237
61.0,Chemprop (default),average,specificity,0.8034794826096533,0.08939346462740978
62.0,Chemprop (default),average,specificity,0.8038417048257186,0.08995308158490121
63.0,Chemprop (default),average,specificity,0.8035617055546485,0.09043683548629487
64.0,Chemprop (default),average,specificity,0.803125604476079,0.0914512381940744
65.0,Chemprop (default),average,specificity,0.8039089539907915,0.09022127775291698
66.0,Chemprop (default),average,specificity,0.8039457286775371,0.09088050004947829
67.0,Chemprop (default),average,specificity,0.8040496232741104,0.09062649258872398
68.0,Chemprop (default),average,specificity,0.8036922869213844,0.09064685839334746
69.0,Chemprop (default),average,specificity,0.8033893032114512,0.09146540708511539
70.0,Chemprop (default),average,specificity,0.802958613158372,0.09265045481746716
71.0,Chemprop (default),average,specificity,0.8036182791101291,0.09177827591287441
72.0,Chemprop (default),average,specificity,0.8035183391884864,0.09247019702381735
73.0,Chemprop (default),average,specificity,0.8035706133932985,0.09237281783581856
74.0,Chemprop (default),average,specificity,0.8040474104114337,0.09227281279737365
75.0,Chemprop (default),average,specificity,0.8039830632931964,0.09283657762794892
76.0,Chemprop (default),average,specificity,0.8044254273611413,0.09268193231373854
77.0,Chemprop (default),average,specificity,0.8042773111068215,0.09253027455926585
78.0,Chemprop (default),average,specificity,0.8037188465164057,0.09205480356704877
79.0,Chemprop (default),average,specificity,0.8042055987646335,0.09260785058334116
80.0,Chemprop (default),average,specificity,0.8042873665478311,0.09205138882433721
81.0,Chemprop (default),average,specificity,0.8045752779277437,0.09241320933145306
82.0,Chemprop (default),average,specificity,0.804352819803361,0.09206460434553368
83.0,Chemprop (default),average,specificity,0.8046594194544346,0.09203458574009092
84.0,Chemprop (default),average,specificity,0.8045690786642068,0.0922994574081105
85.0,Chemprop (default),average,specificity,0.804767614223894,0.09179308162271117
86.0,Chemprop (default),average,specificity,0.8044139700559857,0.09228412937850579
87.0,Chemprop (default),average,specificity,0.805302896578722,0.09095648906010834
88.0,Chemprop (default),average,specificity,0.8049244900040274,0.09142605904698882
89.0,Chemprop (default),average,specificity,0.8053087577773755,0.09048884985195496
90.0,Chemprop (default),average,specificity,0.8043455110016542,0.0912940322682867
91.0,Chemprop (default),average,specificity,0.8045115970900989,0.09101881953353212
92.0,Chemprop (default),average,specificity,0.8044997205122014,0.09124356052350847
93.0,Chemprop (default),average,specificity,0.8043450748303456,0.09120298406822978
94.0,Chemprop (default),average,specificity,0.8045810652731982,0.09173576212532605
95.0,Chemprop (default),average,specificity,0.8047242408688808,0.0906002575909534
96.0,Chemprop (default),average,specificity,0.8048912499557912,0.09103406277582096
97.0,Chemprop (default),average,specificity,0.804549034143513,0.0918021077098042
98.0,Chemprop (default),average,specificity,0.8037826932914544,0.09204065188997768
99.0,Chemprop (default),average,specificity,0.8036832962768204,0.09172657282495744
100.0,Chemprop (default),average,specificity,0.8035726400585931,0.09232728806715966
101.0,Chemprop (default),average,specificity,0.804023003160238,0.09128988282101687
102.0,Chemprop (default),average,specificity,0.8045675237026201,0.09168258973180582
103.0,Chemprop (default),average,specificity,0.8051496323073603,0.09153994172613016
104.0,Chemprop (default),average,specificity,0.804682598734685,0.09179265684496858
105.0,Chemprop (default),average,specificity,0.8050806219741499,0.09165393801337005
106.0,Chemprop (default),average,specificity,0.8049302394420087,0.09118745505687843
107.0,Chemprop (default),average,specificity,0.8048059829336061,0.09155210239523179
108.0,Chemprop (default),average,specificity,0.804738151918317,0.09113548506419938
109.0,Chemprop (default),average,specificity,0.8049524921362399,0.09050959436405867
110.0,Chemprop (default),average,specificity,0.8055212408681862,0.09008900988975146
111.0,Chemprop (default),average,specificity,0.8055757649636923,0.09001495650237167
112.0,Chemprop (default),average,specificity,0.8050432028883037,0.09063186707997968
113.0,Chemprop (default),average,specificity,0.8050854602909849,0.09021697829439847
114.0,Chemprop (default),average,specificity,0.8044279778028722,0.09140282587499482
115.0,Chemprop (default),average,specificity,0.8045104842164785,0.09095365603194863
116.0,Chemprop (default),average,specificity,0.8048066238186701,0.09105022092549618
117.0,Chemprop (default),average,specificity,0.8051714801132099,0.09017454838813313
118.0,Chemprop (default),average,specificity,0.8050950698120638,0.08973308422716901
119.0,Chemprop (default),average,specificity,0.8059250925234613,0.08907667610535423
120.0,Chemprop (default),average,specificity,0.805566752068526,0.08980761042943847
121.0,Chemprop (default),average,specificity,0.8059241029323604,0.08951332087758823
122.0,Chemprop (default),average,specificity,0.8058917121529839,0.08969155786569578
123.0,Chemprop (default),average,specificity,0.8066533218462788,0.08906479364906825
124.0,Chemprop (default),average,specificity,0.8065267746212734,0.08970236353565002
125.0,Chemprop (default),average,specificity,0.8069195049131339,0.0888820250761722
126.0,Chemprop (default),average,specificity,0.805919564588883,0.08968396644824377
127.0,Chemprop (default),average,specificity,0.8066112669666929,0.08916829792216074
128.0,Chemprop (default),average,specificity,0.8062450656297525,0.08962253816516284
129.0,Chemprop (default),average,specificity,0.806420374972676,0.08950725605866679
130.0,Chemprop (default),average,specificity,0.8064713570342041,0.08954779449126228
131.0,Chemprop (default),average,specificity,0.8065760517234754,0.08979169115282341
132.0,Chemprop (default),average,specificity,0.8058697655630429,0.08993236271656162
133.0,Chemprop (default),average,specificity,0.8063687714469916,0.0896687732710041
134.0,Chemprop (default),average,specificity,0.8055132011406383,0.09033510891359184
135.0,Chemprop (default),average,specificity,0.806303776757438,0.0901410894814919
136.0,Chemprop (default),average,specificity,0.8053315598465939,0.09055393209785165
137.0,Chemprop (default),average,specificity,0.8063855022754267,0.09018622107077422
138.0,Chemprop (default),average,specificity,0.806257459458968,0.09010425439183474
139.0,Chemprop (default),average,specificity,0.80657704913596,0.09033480613241754
140.0,Chemprop (default),average,specificity,0.8064579532621987,0.09023463176594237
141.0,Chemprop (default),average,specificity,0.8069640018198977,0.08987407951705076
142.0,Chemprop (default),average,specificity,0.8068319321182765,0.09029446985334932
143.0,Chemprop (default),average,specificity,0.8075875267525288,0.08993318012512043
144.0,Chemprop (default),average,specificity,0.8066639413248342,0.090655577555265
145.0,Chemprop (default),average,specificity,0.8073980545461116,0.08984484219849775
146.0,Chemprop (default),average,specificity,0.8068666717634769,0.09040807006598714
147.0,Chemprop (default),average,specificity,0.8070698777665548,0.09022262189814487
148.0,Chemprop (default),average,specificity,0.8070295317127614,0.09000971885666932
149.0,Chemprop (default),average,specificity,0.8072914415746304,0.09045551626822751
150.0,Chemprop (default),average,specificity,0.8071969737504345,0.09063602107064049
151.0,Chemprop (default),average,specificity,0.8073385610108862,0.09079179139926641
152.0,Chemprop (default),average,specificity,0.8072817867542088,0.09071350717987048
153.0,Chemprop (default),average,specificity,0.8069514048578115,0.09071970886235688
154.0,Chemprop (default),average,specificity,0.8070094396201837,0.09083509722593909
155.0,Chemprop (default),average,specificity,0.807241535908154,0.09077334844713995
156.0,Chemprop (default),average,specificity,0.8067299057606072,0.09106423723719945
157.0,Chemprop (default),average,specificity,0.8070685127614787,0.09033979407121981
158.0,Chemprop (default),average,specificity,0.807189605375669,0.09034643109864018
159.0,Chemprop (default),average,specificity,0.807874252651237,0.09006748802585546
160.0,Chemprop (default),average,specificity,0.8078737015759923,0.08998644279207588
161.0,Chemprop (default),average,specificity,0.8078463153532338,0.09025276946236094
162.0,Chemprop (default),average,specificity,0.8077341310894777,0.09035143777557986
163.0,Chemprop (default),average,specificity,0.8077664149485063,0.09049408548287269
164.0,Chemprop (default),average,specificity,0.8078243609176071,0.08969206368904438
165.0,Chemprop (default),average,specificity,0.8079790592596281,0.0900449743807565
166.0,Chemprop (default),average,specificity,0.807875607870313,0.08931136481295038
167.0,Chemprop (default),average,specificity,0.8081910937672171,0.08943506965918752
168.0,Chemprop (default),average,specificity,0.8080383068492977,0.08954738174394523
169.0,Chemprop (default),average,specificity,0.8083274449194994,0.08984316394215164
170.0,Chemprop (default),average,specificity,0.8084011533899347,0.08986110141236513
171.0,Chemprop (default),average,specificity,0.8079670420736097,0.09051209634327882
172.0,Chemprop (default),average,specificity,0.8080805178390773,0.09014284443981252
173.0,Chemprop (default),average,specificity,0.8081549636900918,0.09026532081098801
174.0,Chemprop (default),average,specificity,0.8079450727532376,0.09021730001107504
175.0,Chemprop (default),average,specificity,0.8081824043780101,0.08988363890144348
176.0,Chemprop (default),average,specificity,0.8084986394967676,0.08972227345139237
177.0,Chemprop (default),average,specificity,0.8084484464317322,0.0902758902086184
178.0,Chemprop (default),average,specificity,0.8085295972900789,0.0892792549072897
179.0,Chemprop (default),average,specificity,0.8088782743046423,0.08923990870599789
180.0,Chemprop (default),average,specificity,0.8090731846421204,0.08850332930795766
181.0,Chemprop (default),average,specificity,0.8091275544141021,0.08914373899053889
182.0,Chemprop (default),average,specificity,0.8093792300740512,0.08877251195284808
183.0,Chemprop (default),average,specificity,0.8094479992031925,0.08867332661308189
184.0,Chemprop (default),average,specificity,0.8097206088720558,0.08844931112075448
185.0,Chemprop (default),average,specificity,0.8101704803526758,0.08823885930784775
186.0,Chemprop (default),average,specificity,0.8101480228030146,0.08862257013541552
187.0,Chemprop (default),average,specificity,0.8099718407017619,0.08851634963552685
188.0,Chemprop (default),average,specificity,0.8098651731415393,0.08888248174673051
189.0,Chemprop (default),average,specificity,0.8097551115677615,0.08886983491539968
190.0,Chemprop (default),average,specificity,0.8099651455093745,0.0888757484347541
191.0,Chemprop (default),average,specificity,0.8097803125672961,0.08936189409274059
192.0,Chemprop (default),average,specificity,0.8099682901493795,0.08881187152685614
193.0,Chemprop (default),average,specificity,0.8100642164887313,0.08912568366390893
194.0,Chemprop (default),average,specificity,0.8103547784151077,0.08918524819981807
195.0,Chemprop (default),average,specificity,0.8105932055749144,0.08905327679176143
196.0,Chemprop (default),average,specificity,0.81028266420081,0.08905238118530649
197.0,Chemprop (default),average,specificity,0.8102082146907048,0.08886214448942022
198.0,Chemprop (default),average,specificity,0.8111648552211311,0.08826211374031342
199.0,Chemprop (default),average,specificity,0.810910734096836,0.08897324679205174
200.0,Chemprop (default),average,specificity,0.811226538700449,0.08866371968103101
1.0,Chemprop (large),average,specificity,0.7797507595153904,0.07590718443706015
2.0,Chemprop (large),average,specificity,0.7797507595153904,0.07590718443706015
3.0,Chemprop (large),average,specificity,0.7781463557175468,0.07583193655566545
4.0,Chemprop (large),average,specificity,0.7777371482069185,0.07751672278826899
5.0,Chemprop (large),average,specificity,0.7775151106484539,0.07578916018761403
6.0,Chemprop (large),average,specificity,0.7783488572714126,0.07438180083907685
7.0,Chemprop (large),average,specificity,0.7774449658263259,0.07569580638103855
8.0,Chemprop (large),average,specificity,0.7768946357023947,0.07598155570118674
9.0,Chemprop (large),average,specificity,0.7752147389761517,0.07692716259900753
10.0,Chemprop (large),average,specificity,0.7756658265241212,0.07565154297080355
11.0,Chemprop (large),average,specificity,0.7748112655035108,0.07814111431538578
12.0,Chemprop (large),average,specificity,0.7759850545058535,0.0770856645090807
13.0,Chemprop (large),average,specificity,0.7748891102036193,0.07855861672433624
14.0,Chemprop (large),average,specificity,0.775428403454509,0.07845268146062631
15.0,Chemprop (large),average,specificity,0.7743848131501139,0.07876330983489534
16.0,Chemprop (large),average,specificity,0.7749954890436643,0.07874281184832051
17.0,Chemprop (large),average,specificity,0.7742659608502076,0.07873615349331504
18.0,Chemprop (large),average,specificity,0.7745304814415823,0.07896823236071966
19.0,Chemprop (large),average,specificity,0.7743654095154114,0.07944905224333143
20.0,Chemprop (large),average,specificity,0.7738610813356286,0.08070351477924957
21.0,Chemprop (large),average,specificity,0.7738136575971898,0.08077806854919026
22.0,Chemprop (large),average,specificity,0.7733550251565318,0.0803708327117919
23.0,Chemprop (large),average,specificity,0.7736114835983217,0.08050014301552763
24.0,Chemprop (large),average,specificity,0.7733845570839618,0.0806125301402415
25.0,Chemprop (large),average,specificity,0.7735893565022713,0.08005520979268853
26.0,Chemprop (large),average,specificity,0.7736574691827727,0.08034329899723225
27.0,Chemprop (large),average,specificity,0.7733824726700692,0.08090629001444245
28.0,Chemprop (large),average,specificity,0.7730116622853971,0.08095511854740133
29.0,Chemprop (large),average,specificity,0.7733419248667407,0.08069357163625168
30.0,Chemprop (large),average,specificity,0.7729641687440855,0.08052511886630861
31.0,Chemprop (large),average,specificity,0.7731870054501296,0.08023474804337612
32.0,Chemprop (large),average,specificity,0.7732709868318237,0.08025278534462806
33.0,Chemprop (large),average,specificity,0.7723452895297204,0.08080156071394033
34.0,Chemprop (large),average,specificity,0.7727021243603265,0.08066869340827221
35.0,Chemprop (large),average,specificity,0.7721118232342442,0.0817080263844437
36.0,Chemprop (large),average,specificity,0.7730723475482919,0.08101459871453132
37.0,Chemprop (large),average,specificity,0.771997265481991,0.0814976010744024
38.0,Chemprop (large),average,specificity,0.7724361765740175,0.08158931472481278
39.0,Chemprop (large),average,specificity,0.7721475103122027,0.08190682839875155
40.0,Chemprop (large),average,specificity,0.7726219255416221,0.08140797843310663
41.0,Chemprop (large),average,specificity,0.7720301254547117,0.08181321113758269
42.0,Chemprop (large),average,specificity,0.7718623227754432,0.081843694992318
43.0,Chemprop (large),average,specificity,0.7719691911296863,0.08217285131996549
44.0,Chemprop (large),average,specificity,0.7722530317911943,0.08219167746485151
45.0,Chemprop (large),average,specificity,0.7719182914393586,0.08250700386747191
46.0,Chemprop (large),average,specificity,0.7717187261745369,0.08255942062917179
47.0,Chemprop (large),average,specificity,0.77166097388604,0.08257698385206963
48.0,Chemprop (large),average,specificity,0.771462488183078,0.08253004337529017
49.0,Chemprop (large),average,specificity,0.7711646547430873,0.08275420563482193
50.0,Chemprop (large),average,specificity,0.7710132751992744,0.08275935193276424
51.0,Chemprop (large),average,specificity,0.7712491873008652,0.0825033704612014
52.0,Chemprop (large),average,specificity,0.7707283730344747,0.08303336293449272
53.0,Chemprop (large),average,specificity,0.7711803623502527,0.08248416358559212
54.0,Chemprop (large),average,specificity,0.7706185395023456,0.08270457884771835
55.0,Chemprop (large),average,specificity,0.7706913330809613,0.08285047780882654
56.0,Chemprop (large),average,specificity,0.7707563610355124,0.08258540317538386
57.0,Chemprop (large),average,specificity,0.771123114468734,0.08225670823406765
58.0,Chemprop (large),average,specificity,0.7707015282090004,0.08261528229823521
59.0,Chemprop (large),average,specificity,0.7710280936780274,0.0824698830725281
60.0,Chemprop (large),average,specificity,0.7705662102288453,0.08291553804428395
61.0,Chemprop (large),average,specificity,0.7708390321365992,0.08283004315465807
62.0,Chemprop (large),average,specificity,0.7708599797091794,0.0827275908587694
63.0,Chemprop (large),average,specificity,0.7708874929977011,0.08291563982822966
64.0,Chemprop (large),average,specificity,0.7707674400279606,0.0831185387725071
65.0,Chemprop (large),average,specificity,0.7712310159687229,0.08276280464340867
66.0,Chemprop (large),average,specificity,0.7709399229645164,0.08319038278220615
67.0,Chemprop (large),average,specificity,0.771434906750927,0.08286120115200789
68.0,Chemprop (large),average,specificity,0.7704892333305707,0.0835747094393093
69.0,Chemprop (large),average,specificity,0.7702612845549356,0.08352100420625609
70.0,Chemprop (large),average,specificity,0.7699238579867369,0.08394347608031763
71.0,Chemprop (large),average,specificity,0.7703879583049706,0.08342842234314336
72.0,Chemprop (large),average,specificity,0.7706094982036821,0.08389285514168283
73.0,Chemprop (large),average,specificity,0.7711376465059758,0.08319738321705004
74.0,Chemprop (large),average,specificity,0.770504732380339,0.0840547167571632
75.0,Chemprop (large),average,specificity,0.7708617964098482,0.0836505136811861
76.0,Chemprop (large),average,specificity,0.7710754377077481,0.08381539487270384
77.0,Chemprop (large),average,specificity,0.7707064567882074,0.08371147391768775
78.0,Chemprop (large),average,specificity,0.77073999719076,0.08392731169295473
79.0,Chemprop (large),average,specificity,0.7707917636528384,0.08390492026478956
80.0,Chemprop (large),average,specificity,0.7710449733041551,0.0837617550187345
81.0,Chemprop (large),average,specificity,0.7709776062530395,0.08375876621037961
82.0,Chemprop (large),average,specificity,0.7708988526732306,0.08361122169603132
83.0,Chemprop (large),average,specificity,0.7707024656169311,0.08377100716785783
84.0,Chemprop (large),average,specificity,0.7709453247301562,0.08383382660417671
85.0,Chemprop (large),average,specificity,0.7711001248868405,0.08393075857676291
86.0,Chemprop (large),average,specificity,0.7708767617869419,0.08386169112488127
87.0,Chemprop (large),average,specificity,0.7704340427022582,0.08404572776942391
88.0,Chemprop (large),average,specificity,0.7708792996454039,0.08394560037748267
89.0,Chemprop (large),average,specificity,0.7706704917650363,0.08417929627259328
90.0,Chemprop (large),average,specificity,0.7706845219450673,0.08403863565312814
91.0,Chemprop (large),average,specificity,0.7707220462769448,0.08388186389729671
92.0,Chemprop (large),average,specificity,0.7711575501722776,0.08366635634341872
93.0,Chemprop (large),average,specificity,0.7715052792878615,0.0837640952049617
94.0,Chemprop (large),average,specificity,0.7711867127521468,0.08372725966541043
95.0,Chemprop (large),average,specificity,0.7714030243229559,0.08371688594507981
96.0,Chemprop (large),average,specificity,0.771392627007077,0.08362383311867347
97.0,Chemprop (large),average,specificity,0.7717390171446376,0.08364105350510753
98.0,Chemprop (large),average,specificity,0.7711286593880772,0.08386145903937794
99.0,Chemprop (large),average,specificity,0.7715815312921025,0.08366963762179885
100.0,Chemprop (large),average,specificity,0.7716824324298674,0.08372791505960028
101.0,Chemprop (large),average,specificity,0.7713973179824276,0.08394511104600794
102.0,Chemprop (large),average,specificity,0.7713023151830497,0.08410067074157887
103.0,Chemprop (large),average,specificity,0.771699404554132,0.0836116710166568
104.0,Chemprop (large),average,specificity,0.7715160603838505,0.08382587530721573
105.0,Chemprop (large),average,specificity,0.7717447460742564,0.08401050339348765
106.0,Chemprop (large),average,specificity,0.7717872647762544,0.083855222946585
107.0,Chemprop (large),average,specificity,0.771964960171941,0.08352883258998384
108.0,Chemprop (large),average,specificity,0.7714190881752606,0.08410411482910339
109.0,Chemprop (large),average,specificity,0.7712696252763713,0.08458500495289219
110.0,Chemprop (large),average,specificity,0.7713533619300074,0.08439572529839363
111.0,Chemprop (large),average,specificity,0.7708082579878921,0.08513965970865325
112.0,Chemprop (large),average,specificity,0.7712462068088297,0.0847103729061242
113.0,Chemprop (large),average,specificity,0.7711979081565116,0.084717314067195
114.0,Chemprop (large),average,specificity,0.7718570989230322,0.08433493592273918
115.0,Chemprop (large),average,specificity,0.7715493496555414,0.0845092255344746
116.0,Chemprop (large),average,specificity,0.7715130167030995,0.08446181745162876
117.0,Chemprop (large),average,specificity,0.7709490547892511,0.08508843501330522
118.0,Chemprop (large),average,specificity,0.7706704171616711,0.08501337832003134
119.0,Chemprop (large),average,specificity,0.7707782310342821,0.08530986224609728
120.0,Chemprop (large),average,specificity,0.7711102196883755,0.08481614571919556
121.0,Chemprop (large),average,specificity,0.7713713536402395,0.08496395287219609
122.0,Chemprop (large),average,specificity,0.7710970604054355,0.08517653600183278
123.0,Chemprop (large),average,specificity,0.7711964686630963,0.08546846722597279
124.0,Chemprop (large),average,specificity,0.771295907150745,0.08520173268307123
125.0,Chemprop (large),average,specificity,0.7712442139529437,0.08521281815078877
126.0,Chemprop (large),average,specificity,0.7713769130791094,0.08536814238713691
127.0,Chemprop (large),average,specificity,0.7711953426154223,0.08579913744003266
128.0,Chemprop (large),average,specificity,0.7713437355341238,0.08551626119419721
129.0,Chemprop (large),average,specificity,0.771529688087601,0.08561521657147275
130.0,Chemprop (large),average,specificity,0.7710689762969305,0.08550829376809418
131.0,Chemprop (large),average,specificity,0.7711395011111271,0.0855670949864965
132.0,Chemprop (large),average,specificity,0.7710683351565132,0.08562659464595558
133.0,Chemprop (large),average,specificity,0.7711105313152493,0.08554805356934449
134.0,Chemprop (large),average,specificity,0.771252169282699,0.08559316570706511
135.0,Chemprop (large),average,specificity,0.7711848984097565,0.08580522817311544
136.0,Chemprop (large),average,specificity,0.7709912704778309,0.08582576121852138
137.0,Chemprop (large),average,specificity,0.7710168063592205,0.085906550785834
138.0,Chemprop (large),average,specificity,0.7709298648104059,0.08563684985523816
139.0,Chemprop (large),average,specificity,0.7708598811281958,0.08591018740304046
140.0,Chemprop (large),average,specificity,0.7712433432667796,0.08564460770201358
141.0,Chemprop (large),average,specificity,0.771599714000626,0.08576114329597748
142.0,Chemprop (large),average,specificity,0.7719165345603679,0.08532053391748633
143.0,Chemprop (large),average,specificity,0.771963599902476,0.08543013445901726
144.0,Chemprop (large),average,specificity,0.7717711570254231,0.08541257419591317
145.0,Chemprop (large),average,specificity,0.7722250555931645,0.08529247381885251
146.0,Chemprop (large),average,specificity,0.7717412836324767,0.08545099863202626
147.0,Chemprop (large),average,specificity,0.7718823847969292,0.0856957005991173
148.0,Chemprop (large),average,specificity,0.7716870860469142,0.08572736901335427
149.0,Chemprop (large),average,specificity,0.7716074361423487,0.085857558151023
150.0,Chemprop (large),average,specificity,0.7712984285451095,0.08615985226302483
151.0,Chemprop (large),average,specificity,0.7715468480606895,0.08615375723158787
152.0,Chemprop (large),average,specificity,0.7715656136158361,0.08607449640549993
153.0,Chemprop (large),average,specificity,0.7718342985355136,0.08592179905475308
154.0,Chemprop (large),average,specificity,0.7716379322679567,0.08607571907141022
155.0,Chemprop (large),average,specificity,0.7716317268377566,0.08602847274164428
156.0,Chemprop (large),average,specificity,0.771688916222424,0.08594478304082823
157.0,Chemprop (large),average,specificity,0.7715863263382212,0.08601905821467996
158.0,Chemprop (large),average,specificity,0.7715832025251004,0.08570779793430469
159.0,Chemprop (large),average,specificity,0.7719970874209351,0.08555093199922477
160.0,Chemprop (large),average,specificity,0.7717209678913615,0.08562607401199047
161.0,Chemprop (large),average,specificity,0.771713595496323,0.08559679781974817
162.0,Chemprop (large),average,specificity,0.7718667079519806,0.08569262422045668
163.0,Chemprop (large),average,specificity,0.7720744925702548,0.0857106279842451
164.0,Chemprop (large),average,specificity,0.7720332101463001,0.08562443228363421
165.0,Chemprop (large),average,specificity,0.772388545052671,0.08555789522733516
166.0,Chemprop (large),average,specificity,0.7724077194515996,0.08559613354868804
167.0,Chemprop (large),average,specificity,0.7725388721520114,0.0854683559720218
168.0,Chemprop (large),average,specificity,0.7726626218833461,0.08576773405702061
169.0,Chemprop (large),average,specificity,0.7727560872692179,0.08562977865100599
170.0,Chemprop (large),average,specificity,0.7724604047390108,0.08583001547782425
171.0,Chemprop (large),average,specificity,0.7730709345623353,0.08552882937139974
172.0,Chemprop (large),average,specificity,0.772454313822804,0.08622334350284586
173.0,Chemprop (large),average,specificity,0.7728025045676559,0.08586441483780209
174.0,Chemprop (large),average,specificity,0.7723652581822796,0.0861150265454863
175.0,Chemprop (large),average,specificity,0.7726532594839994,0.086112936530891
176.0,Chemprop (large),average,specificity,0.7728896748134872,0.08607584056821094
177.0,Chemprop (large),average,specificity,0.773180442684236,0.08603420666530451
178.0,Chemprop (large),average,specificity,0.7730327595669537,0.08584203657933309
179.0,Chemprop (large),average,specificity,0.7735228234040882,0.08573468057417268
180.0,Chemprop (large),average,specificity,0.7732627939196653,0.08581082745355714
181.0,Chemprop (large),average,specificity,0.7735647829315125,0.08562660057869911
182.0,Chemprop (large),average,specificity,0.7728483830474363,0.08605283466861617
183.0,Chemprop (large),average,specificity,0.7732722189190215,0.08606871658870871
184.0,Chemprop (large),average,specificity,0.7730609818450327,0.08611381542788904
185.0,Chemprop (large),average,specificity,0.7732121322827064,0.08623797086032134
186.0,Chemprop (large),average,specificity,0.7727973871518427,0.08648791481798782
187.0,Chemprop (large),average,specificity,0.7734254057828782,0.08580076918436308
188.0,Chemprop (large),average,specificity,0.7732070162270864,0.08613966579595222
189.0,Chemprop (large),average,specificity,0.7736399070347604,0.08568840204120655
190.0,Chemprop (large),average,specificity,0.7728354137050988,0.08619239341336248
191.0,Chemprop (large),average,specificity,0.7733315082848462,0.08574629199657699
192.0,Chemprop (large),average,specificity,0.773051138430963,0.08579751638951331
193.0,Chemprop (large),average,specificity,0.7732408334639718,0.08576151457255606
194.0,Chemprop (large),average,specificity,0.7728346143696391,0.08579113349840711
195.0,Chemprop (large),average,specificity,0.7732671766474514,0.08578909449512619
196.0,Chemprop (large),average,specificity,0.7732188863875556,0.08595993001575639
197.0,Chemprop (large),average,specificity,0.7733220083790495,0.08596532402598751
198.0,Chemprop (large),average,specificity,0.7730815865793224,0.08598798630879097
199.0,Chemprop (large),average,specificity,0.7731607855940363,0.08594919928349755
200.0,Chemprop (large),average,specificity,0.7731160072300156,0.08596380694712157
1.0,Morgan,average,specificity,0.8044331443681285,0.06143225155643683
2.0,Morgan,average,specificity,0.790764753343412,0.06474104019001954
3.0,Morgan,average,specificity,0.8536520043585095,0.058326791286623825
4.0,Morgan,average,specificity,0.8547033136909047,0.05910018398537696
5.0,Morgan,average,specificity,0.877685812277138,0.054413144403603515
6.0,Morgan,average,specificity,0.8787611894117842,0.056306246274212886
7.0,Morgan,average,specificity,0.8886051810858724,0.05738665855732771
8.0,Morgan,average,specificity,0.8917675491884961,0.054784440115393
9.0,Morgan,average,specificity,0.8972970473905317,0.057434046703708524
10.0,Morgan,average,specificity,0.9023783424492874,0.05277450557553035
11.0,Morgan,average,specificity,0.9048372273569243,0.05642127814938782
12.0,Morgan,average,specificity,0.9086200232578087,0.05339378609229751
13.0,Morgan,average,specificity,0.9138256453339221,0.05329073794660929
14.0,Morgan,average,specificity,0.9160145030588751,0.05099803776429712
15.0,Morgan,average,specificity,0.9168243293743502,0.05493148251588934
16.0,Morgan,average,specificity,0.919725613658885,0.05390733430582139
17.0,Morgan,average,specificity,0.9229087284557034,0.054590768905138115
18.0,Morgan,average,specificity,0.9239405728265586,0.05370764894763885
19.0,Morgan,average,specificity,0.9277492401997891,0.05348789622453788
20.0,Morgan,average,specificity,0.928950444323441,0.05253556468937329
21.0,Morgan,average,specificity,0.9290567647025229,0.05499571493036922
22.0,Morgan,average,specificity,0.9310061774931613,0.05240717669853266
23.0,Morgan,average,specificity,0.9334581749427917,0.05350866359499863
24.0,Morgan,average,specificity,0.934786328902904,0.05242976299536386
25.0,Morgan,average,specificity,0.9355695255980601,0.05415929388547037
26.0,Morgan,average,specificity,0.9373303968233416,0.052364511424061545
27.0,Morgan,average,specificity,0.9392771071476017,0.052924975285243765
28.0,Morgan,average,specificity,0.9393967469451908,0.05338605170781287
29.0,Morgan,average,specificity,0.9408575117532749,0.05514627131475757
30.0,Morgan,average,specificity,0.9413043366747189,0.05492293933651013
31.0,Morgan,average,specificity,0.9427916118500665,0.05532683838202678
32.0,Morgan,average,specificity,0.9432137005657958,0.053742182184789974
33.0,Morgan,average,specificity,0.943632854113146,0.055026933903734684
34.0,Morgan,average,specificity,0.9447957578098939,0.05299611640074811
35.0,Morgan,average,specificity,0.9463958955219988,0.05283704361358505
36.0,Morgan,average,specificity,0.9474928839448501,0.05176800354020506
37.0,Morgan,average,specificity,0.9486687752241403,0.05246419270588247
38.0,Morgan,average,specificity,0.9497931409730854,0.05211743526857415
39.0,Morgan,average,specificity,0.9495325023835651,0.05360393310480459
40.0,Morgan,average,specificity,0.9505623379872271,0.052261154732686305
41.0,Morgan,average,specificity,0.9514252500763902,0.05353748133924775
42.0,Morgan,average,specificity,0.9529590881489176,0.052059975856655276
43.0,Morgan,average,specificity,0.9536336000003643,0.05065278530858089
44.0,Morgan,average,specificity,0.9543131366105868,0.05013759674912194
45.0,Morgan,average,specificity,0.9558856217977245,0.04916174855725855
46.0,Morgan,average,specificity,0.9561489738383291,0.04890194983727717
47.0,Morgan,average,specificity,0.9567068245404391,0.04849171693026026
48.0,Morgan,average,specificity,0.9570897950077764,0.048464336469785936
49.0,Morgan,average,specificity,0.9584437341528954,0.04794489073739465
50.0,Morgan,average,specificity,0.9584840683435678,0.04714540584594791
51.0,Morgan,average,specificity,0.9587900176707062,0.04862365646754772
52.0,Morgan,average,specificity,0.9593927533875987,0.04776627311701254
53.0,Morgan,average,specificity,0.9602180160410764,0.047936368469349795
54.0,Morgan,average,specificity,0.9608843963570409,0.04608239689030555
55.0,Morgan,average,specificity,0.9614039023737807,0.045625638981963236
56.0,Morgan,average,specificity,0.9631788902717631,0.0437044100450775
57.0,Morgan,average,specificity,0.9629872128807994,0.04384216592609391
58.0,Morgan,average,specificity,0.963626769439216,0.043677503590635346
59.0,Morgan,average,specificity,0.9642566314532381,0.04248724172192339
60.0,Morgan,average,specificity,0.9631727804946363,0.04356686153854242
61.0,Morgan,average,specificity,0.9645936351866449,0.04272449817589836
62.0,Morgan,average,specificity,0.965698368625781,0.040901735313281125
63.0,Morgan,average,specificity,0.9652873403807924,0.043711229137972714
64.0,Morgan,average,specificity,0.965732468394962,0.04223973240725886
65.0,Morgan,average,specificity,0.9665095881305212,0.043462999879218006
66.0,Morgan,average,specificity,0.9672783942268832,0.041573069856381165
67.0,Morgan,average,specificity,0.9676326587216151,0.042372395086101584
68.0,Morgan,average,specificity,0.9683288302667805,0.041201789287450906
69.0,Morgan,average,specificity,0.9689641199604059,0.04059400630256044
70.0,Morgan,average,specificity,0.9690466859288072,0.04116740269293923
71.0,Morgan,average,specificity,0.9699061649534386,0.0395798605641301
72.0,Morgan,average,specificity,0.9702112357813292,0.03871240588490978
73.0,Morgan,average,specificity,0.9707152027885482,0.03837791920593187
74.0,Morgan,average,specificity,0.9705778679794246,0.038449777363775424
75.0,Morgan,average,specificity,0.9711872794589351,0.038253800171774155
76.0,Morgan,average,specificity,0.9707211248671848,0.03813068903783682
77.0,Morgan,average,specificity,0.9708451826381084,0.0380031767246262
78.0,Morgan,average,specificity,0.9712055039977525,0.03737100479027416
79.0,Morgan,average,specificity,0.9716628004433688,0.03761469172426412
80.0,Morgan,average,specificity,0.9715854939957106,0.036961113420217864
81.0,Morgan,average,specificity,0.9721614596004333,0.03714837705584194
82.0,Morgan,average,specificity,0.9718777211632778,0.03685831956303762
83.0,Morgan,average,specificity,0.9725484269436337,0.03617819819133024
84.0,Morgan,average,specificity,0.9723424273610223,0.03656519346579488
85.0,Morgan,average,specificity,0.973273804782634,0.03604723057844441
86.0,Morgan,average,specificity,0.9728985658344723,0.036508639105644315
87.0,Morgan,average,specificity,0.9737926680175417,0.03629439985550204
88.0,Morgan,average,specificity,0.9734124301986506,0.03644600323456414
89.0,Morgan,average,specificity,0.9744329849746548,0.0356836048369321
90.0,Morgan,average,specificity,0.974308468752129,0.035931266446447147
91.0,Morgan,average,specificity,0.9746247851433335,0.035562229528657986
92.0,Morgan,average,specificity,0.9751532544138171,0.03541144135003544
93.0,Morgan,average,specificity,0.9749869832692767,0.035695748146819216
94.0,Morgan,average,specificity,0.9751170089495834,0.03583679479163001
95.0,Morgan,average,specificity,0.9758308690796353,0.034847420124318816
96.0,Morgan,average,specificity,0.9756105682425431,0.035446710790573356
97.0,Morgan,average,specificity,0.9756162056368,0.03509997760997558
98.0,Morgan,average,specificity,0.9759417247990041,0.03535848323011446
99.0,Morgan,average,specificity,0.9763057410043531,0.03478006585868549
100.0,Morgan,average,specificity,0.9768633337862714,0.03453795933338053
101.0,Morgan,average,specificity,0.976443988439193,0.03477434437958883
102.0,Morgan,average,specificity,0.9764735226376848,0.035132598574538515
103.0,Morgan,average,specificity,0.9770424507095611,0.03471993603751498
104.0,Morgan,average,specificity,0.977575559597549,0.03434898129400417
105.0,Morgan,average,specificity,0.9777475894259922,0.034359015961358375
106.0,Morgan,average,specificity,0.9777236852955604,0.03462224214269393
107.0,Morgan,average,specificity,0.9777518635287776,0.03463726285496045
108.0,Morgan,average,specificity,0.9773467729015474,0.035068059162613796
109.0,Morgan,average,specificity,0.978008497014224,0.03466972678037868
110.0,Morgan,average,specificity,0.9779191710218162,0.03481331322017046
111.0,Morgan,average,specificity,0.9786040293368475,0.03433199979244495
112.0,Morgan,average,specificity,0.9784171208364879,0.0342817466000646
113.0,Morgan,average,specificity,0.9786014871463309,0.03419848147068432
114.0,Morgan,average,specificity,0.978460836684618,0.03441288902218932
115.0,Morgan,average,specificity,0.9786951286230382,0.03408433739315364
116.0,Morgan,average,specificity,0.9783688605032149,0.03430596208555787
117.0,Morgan,average,specificity,0.9790976314221457,0.034107114338247334
118.0,Morgan,average,specificity,0.9790183864741521,0.03337753921850776
119.0,Morgan,average,specificity,0.9795302617769565,0.033466848678591316
120.0,Morgan,average,specificity,0.9795200810428342,0.03323534205149169
121.0,Morgan,average,specificity,0.9797964700952724,0.03315065041736797
122.0,Morgan,average,specificity,0.979956507625597,0.03282675898081485
123.0,Morgan,average,specificity,0.9797852135848618,0.03304947423057326
124.0,Morgan,average,specificity,0.9802466430301563,0.03290685155299449
125.0,Morgan,average,specificity,0.9799385823240125,0.032806100704495446
126.0,Morgan,average,specificity,0.9802751173320711,0.032373199073416174
127.0,Morgan,average,specificity,0.9807070822593513,0.03249797516819167
128.0,Morgan,average,specificity,0.9805727784499179,0.03263808005669733
129.0,Morgan,average,specificity,0.9806759364967829,0.03251096847002007
130.0,Morgan,average,specificity,0.9804636353453308,0.03246231237529119
131.0,Morgan,average,specificity,0.9804648480752671,0.032797716517804366
132.0,Morgan,average,specificity,0.980720547960186,0.03246152342399516
133.0,Morgan,average,specificity,0.9811330227562683,0.032114762150012605
134.0,Morgan,average,specificity,0.9810206004597757,0.0316890375197615
135.0,Morgan,average,specificity,0.9811184274671916,0.03172181861728243
136.0,Morgan,average,specificity,0.9810284377477286,0.031765953626555016
137.0,Morgan,average,specificity,0.9813536526694547,0.03150254852285534
138.0,Morgan,average,specificity,0.9810712261428044,0.03205877958637671
139.0,Morgan,average,specificity,0.9813486920542853,0.03188343631394392
140.0,Morgan,average,specificity,0.9814837391738448,0.031722494301292405
141.0,Morgan,average,specificity,0.9817993786459316,0.031079312161793
142.0,Morgan,average,specificity,0.9817920047834713,0.03114189990308977
143.0,Morgan,average,specificity,0.9818380197211906,0.03138600019383792
144.0,Morgan,average,specificity,0.981943155268835,0.031437104346651285
145.0,Morgan,average,specificity,0.9824174094249704,0.030555468007006623
146.0,Morgan,average,specificity,0.982228547132075,0.031070164288947936
147.0,Morgan,average,specificity,0.9826236514715971,0.030444349717204007
148.0,Morgan,average,specificity,0.982576905333794,0.03085532550204103
149.0,Morgan,average,specificity,0.982697870018923,0.030525250424699772
150.0,Morgan,average,specificity,0.9825094223588019,0.031086441965360128
151.0,Morgan,average,specificity,0.9825610307801034,0.030928491623866804
152.0,Morgan,average,specificity,0.9827378887089491,0.030709534530021152
153.0,Morgan,average,specificity,0.983069398861078,0.030084857272085826
154.0,Morgan,average,specificity,0.9831423162022911,0.03042313661897765
155.0,Morgan,average,specificity,0.983354569210809,0.02972233237423259
156.0,Morgan,average,specificity,0.9833101287760043,0.029574248568068284
157.0,Morgan,average,specificity,0.98322112614334,0.029615900664864015
158.0,Morgan,average,specificity,0.9834400489170331,0.029741406540215436
159.0,Morgan,average,specificity,0.9834435685659055,0.029410136596056353
160.0,Morgan,average,specificity,0.9834805313818729,0.02954580860752859
161.0,Morgan,average,specificity,0.9835938116643849,0.029199464990560007
162.0,Morgan,average,specificity,0.9834491056547264,0.02940465930543809
163.0,Morgan,average,specificity,0.9835013683127636,0.029208738859622572
164.0,Morgan,average,specificity,0.9837568847413906,0.029004426872354622
165.0,Morgan,average,specificity,0.9838586757171233,0.02887000869916101
166.0,Morgan,average,specificity,0.9839396496882002,0.02887761290442336
167.0,Morgan,average,specificity,0.983929685298406,0.028805639133344812
168.0,Morgan,average,specificity,0.9838549907715126,0.02919626383422349
169.0,Morgan,average,specificity,0.9837279116793628,0.029094014063105238
170.0,Morgan,average,specificity,0.9839401789989268,0.028949349258463136
171.0,Morgan,average,specificity,0.9837866015992133,0.029039544901015724
172.0,Morgan,average,specificity,0.9840385187877516,0.028748154369257085
173.0,Morgan,average,specificity,0.9840101849625743,0.028862009911141906
174.0,Morgan,average,specificity,0.9839535294625675,0.029135762179713698
175.0,Morgan,average,specificity,0.9842727687178932,0.028853509413996344
176.0,Morgan,average,specificity,0.9841723818939415,0.028830729666648694
177.0,Morgan,average,specificity,0.9843358340035776,0.028673720543420253
178.0,Morgan,average,specificity,0.9840227651161585,0.029013904751784718
179.0,Morgan,average,specificity,0.9842761245047861,0.028578539085921038
180.0,Morgan,average,specificity,0.9842476306511333,0.028597423683357586
181.0,Morgan,average,specificity,0.9844957078037792,0.028381680389329006
182.0,Morgan,average,specificity,0.9843344821831846,0.028188778373746087
183.0,Morgan,average,specificity,0.9843100850028127,0.02834673242919866
184.0,Morgan,average,specificity,0.984627148540962,0.028078823634228096
185.0,Morgan,average,specificity,0.9845185114580514,0.02796156231416552
186.0,Morgan,average,specificity,0.9849092727559073,0.027913035039880643
187.0,Morgan,average,specificity,0.984710717164529,0.027695286412907975
188.0,Morgan,average,specificity,0.984871821778713,0.027697165654954694
189.0,Morgan,average,specificity,0.9848967971687748,0.027547401746363553
190.0,Morgan,average,specificity,0.9849170504002969,0.027610838294964583
191.0,Morgan,average,specificity,0.9847218046026373,0.027624865603791845
192.0,Morgan,average,specificity,0.9848681136574804,0.027640461827770555
193.0,Morgan,average,specificity,0.9850651873637681,0.027396311293481572
194.0,Morgan,average,specificity,0.9850102023499165,0.02760651334960171
195.0,Morgan,average,specificity,0.9850691082582734,0.02736397388519152
196.0,Morgan,average,specificity,0.9850684539533445,0.02737875748579419
197.0,Morgan,average,specificity,0.9850747127710834,0.02742149455096402
198.0,Morgan,average,specificity,0.985178451421755,0.027483327648609217
199.0,Morgan,average,specificity,0.9852945994684869,0.027458796641420362
200.0,Morgan,average,specificity,0.9851123191489516,0.027554326929562032
1.0,Mordred,average,specificity,0.7822660512468121,0.07216364781320311
2.0,Mordred,average,specificity,0.7822660512468121,0.07216364781320311
3.0,Mordred,average,specificity,0.8153921792367658,0.07706194141783507
4.0,Mordred,average,specificity,0.8172477912818955,0.0765576751443224
5.0,Mordred,average,specificity,0.8302279688654771,0.07785485376181726
6.0,Mordred,average,specificity,0.8357569166040875,0.07596850204601778
7.0,Mordred,average,specificity,0.8435031912103276,0.08028882012727824
8.0,Mordred,average,specificity,0.8467182147575919,0.07812160328174732
9.0,Mordred,average,specificity,0.8514087723948804,0.07716917171471153
10.0,Mordred,average,specificity,0.8531057139917502,0.0779979450954506
11.0,Mordred,average,specificity,0.8537003188410442,0.08110645523468243
12.0,Mordred,average,specificity,0.8564259065944849,0.07972693932644918
13.0,Mordred,average,specificity,0.8592357155752159,0.07956692682179671
14.0,Mordred,average,specificity,0.8610706391411703,0.08153216864810314
15.0,Mordred,average,specificity,0.8629041255952572,0.08176517081001085
16.0,Mordred,average,specificity,0.863565171299361,0.08259211245430155
17.0,Mordred,average,specificity,0.8659258561543673,0.08254713504799537
18.0,Mordred,average,specificity,0.8690536386108673,0.08115725980506173
19.0,Mordred,average,specificity,0.8712651485954743,0.08339982663810146
20.0,Mordred,average,specificity,0.8717448815738159,0.08324616066105235
21.0,Mordred,average,specificity,0.8732435391288904,0.08588534269790137
22.0,Mordred,average,specificity,0.8754168684283096,0.08441431529266342
23.0,Mordred,average,specificity,0.8778682775637658,0.08660098554069728
24.0,Mordred,average,specificity,0.8777761080650021,0.08568000714052222
25.0,Mordred,average,specificity,0.8797233469568027,0.08609586899238744
26.0,Mordred,average,specificity,0.8809213351545461,0.0853761954271737
27.0,Mordred,average,specificity,0.8819245449914047,0.08777849611066985
28.0,Mordred,average,specificity,0.8845027076057377,0.0877776576151978
29.0,Mordred,average,specificity,0.8847084947034872,0.08766977542977968
30.0,Mordred,average,specificity,0.8848582931062645,0.08948583148543572
31.0,Mordred,average,specificity,0.886580617035285,0.08734473720637433
32.0,Mordred,average,specificity,0.8882298993919783,0.08662685701009121
33.0,Mordred,average,specificity,0.8882056320897048,0.08822416664398114
34.0,Mordred,average,specificity,0.8895822320602079,0.08758997450840782
35.0,Mordred,average,specificity,0.888684703015697,0.09146070956040689
36.0,Mordred,average,specificity,0.8885630821859563,0.09074025557856087
37.0,Mordred,average,specificity,0.8908987404257492,0.09044344611127762
38.0,Mordred,average,specificity,0.8910886177608819,0.09056132428778654
39.0,Mordred,average,specificity,0.8926519192885217,0.0909934978077661
40.0,Mordred,average,specificity,0.893181758740716,0.09107129363147493
41.0,Mordred,average,specificity,0.8935486387310244,0.09306717394197414
42.0,Mordred,average,specificity,0.8934949393521278,0.09304576278526953
43.0,Mordred,average,specificity,0.8941104089952283,0.0933084350578293
44.0,Mordred,average,specificity,0.8948252863935241,0.09209455714262768
45.0,Mordred,average,specificity,0.8950631227985187,0.0927287949569009
46.0,Mordred,average,specificity,0.8954880469442499,0.0928057377434312
47.0,Mordred,average,specificity,0.8969727372137125,0.09253847711436672
48.0,Mordred,average,specificity,0.8965832743811656,0.09260553470736864
49.0,Mordred,average,specificity,0.8988977433400622,0.09181978203205633
50.0,Mordred,average,specificity,0.8972722876331427,0.09378628019740212
51.0,Mordred,average,specificity,0.8989533883785703,0.0917289213182526
52.0,Mordred,average,specificity,0.8979771478363403,0.09375156186830262
53.0,Mordred,average,specificity,0.8989527476114567,0.09326361109468165
54.0,Mordred,average,specificity,0.8994830508955115,0.093603312910413
55.0,Mordred,average,specificity,0.9007690001099187,0.09260052260400337
56.0,Mordred,average,specificity,0.9007709799957155,0.0938406621266093
57.0,Mordred,average,specificity,0.901912387851624,0.09331280202262555
58.0,Mordred,average,specificity,0.9013650604495631,0.09310983104850924
59.0,Mordred,average,specificity,0.9028601885494635,0.09275207155590807
60.0,Mordred,average,specificity,0.9022447965427465,0.09309765431611518
61.0,Mordred,average,specificity,0.9037072911485043,0.09210294892920912
62.0,Mordred,average,specificity,0.9040676790101443,0.09106596451242684
63.0,Mordred,average,specificity,0.9033444955153371,0.09372109057547841
64.0,Mordred,average,specificity,0.9038964581944352,0.09302231120936287
65.0,Mordred,average,specificity,0.9046626308238359,0.09321195812311474
66.0,Mordred,average,specificity,0.9051413871918811,0.0934859190606148
67.0,Mordred,average,specificity,0.9059896728097049,0.09254578711126377
68.0,Mordred,average,specificity,0.9048025319690902,0.09322978451369691
69.0,Mordred,average,specificity,0.9058872206219368,0.09295483504553163
70.0,Mordred,average,specificity,0.9051448969266694,0.09368394305328114
71.0,Mordred,average,specificity,0.9053110996350939,0.09384932029098553
72.0,Mordred,average,specificity,0.905754706531307,0.0943999714699471
73.0,Mordred,average,specificity,0.9065387410367659,0.09395091751748166
74.0,Mordred,average,specificity,0.9073044993999622,0.09282988575370686
75.0,Mordred,average,specificity,0.9075528290311193,0.09266621079150916
76.0,Mordred,average,specificity,0.9076272797338543,0.09358317244543359
77.0,Mordred,average,specificity,0.9090586317221103,0.09164204149740146
78.0,Mordred,average,specificity,0.9086909954833513,0.09353761937428623
79.0,Mordred,average,specificity,0.9086736479017936,0.09362304538619272
80.0,Mordred,average,specificity,0.9083627068860349,0.09501325483007517
81.0,Mordred,average,specificity,0.9090029526953077,0.0943615708909731
82.0,Mordred,average,specificity,0.9090166462103165,0.09470883106342462
83.0,Mordred,average,specificity,0.910657139366442,0.0932453640106208
84.0,Mordred,average,specificity,0.9101900412133824,0.09412207404586402
85.0,Mordred,average,specificity,0.9116838663108972,0.09373335507850175
86.0,Mordred,average,specificity,0.9120944640300748,0.09280803010691877
87.0,Mordred,average,specificity,0.9121833663641691,0.09382445082596005
88.0,Mordred,average,specificity,0.9127863468321032,0.09234574995501
89.0,Mordred,average,specificity,0.9126499487576614,0.09307807855035805
90.0,Mordred,average,specificity,0.9130022950448106,0.09373753389778192
91.0,Mordred,average,specificity,0.91245114724706,0.09467191823314974
92.0,Mordred,average,specificity,0.9131978697429293,0.0937513909100841
93.0,Mordred,average,specificity,0.9132595846964741,0.09448147327424997
94.0,Mordred,average,specificity,0.9129904066285985,0.09421102927475648
95.0,Mordred,average,specificity,0.9133768727471184,0.09451921390191341
96.0,Mordred,average,specificity,0.9136153014896,0.0944346057117573
97.0,Mordred,average,specificity,0.9140682658340938,0.09442299825300543
98.0,Mordred,average,specificity,0.9145836450580422,0.09398751613346708
99.0,Mordred,average,specificity,0.9148260514762769,0.09361058315531795
100.0,Mordred,average,specificity,0.9148440351789963,0.09475594407991866
101.0,Mordred,average,specificity,0.9149207376467526,0.09521396128488595
102.0,Mordred,average,specificity,0.9152224782531995,0.09431242090680898
103.0,Mordred,average,specificity,0.9152426033768069,0.09428496324363422
104.0,Mordred,average,specificity,0.9143159731102454,0.09559973797326404
105.0,Mordred,average,specificity,0.915510475104024,0.09469848427372632
106.0,Mordred,average,specificity,0.9147008691687313,0.09606811317011933
107.0,Mordred,average,specificity,0.9154375968482681,0.0951494339470175
108.0,Mordred,average,specificity,0.9155295150316292,0.09520797958931138
109.0,Mordred,average,specificity,0.9164784746048871,0.09455735179429468
110.0,Mordred,average,specificity,0.915612978933637,0.09595539796790716
111.0,Mordred,average,specificity,0.9177839234023637,0.09237053506560935
112.0,Mordred,average,specificity,0.917365743356585,0.09314888198911525
113.0,Mordred,average,specificity,0.9188713063126898,0.0916262999851899
114.0,Mordred,average,specificity,0.9194670968612703,0.0917604745381377
115.0,Mordred,average,specificity,0.9204539297915062,0.09071939496414638
116.0,Mordred,average,specificity,0.9202777026314751,0.09142280600687332
117.0,Mordred,average,specificity,0.9199488622238187,0.0913999417005457
118.0,Mordred,average,specificity,0.9199723543427625,0.09208819399093636
119.0,Mordred,average,specificity,0.9203659106000848,0.09158665392022955
120.0,Mordred,average,specificity,0.9202281495100588,0.09165603837131503
121.0,Mordred,average,specificity,0.9206106600772915,0.09181156191179074
122.0,Mordred,average,specificity,0.9210708562838583,0.0914321962951123
123.0,Mordred,average,specificity,0.9219449487965425,0.0894920893450136
124.0,Mordred,average,specificity,0.9212297763913243,0.09163239090353986
125.0,Mordred,average,specificity,0.9215971438000374,0.09104577218119289
126.0,Mordred,average,specificity,0.9217647218511579,0.09174070808241841
127.0,Mordred,average,specificity,0.9224055299286543,0.09110433085243189
128.0,Mordred,average,specificity,0.9223197887799033,0.09104162161010158
129.0,Mordred,average,specificity,0.9224034626490304,0.09086620533162208
130.0,Mordred,average,specificity,0.922002890189365,0.09247569940855492
131.0,Mordred,average,specificity,0.9221779358564974,0.09240376137124959
132.0,Mordred,average,specificity,0.9219304915917844,0.09263687921549103
133.0,Mordred,average,specificity,0.9223800921342916,0.09294472211272169
134.0,Mordred,average,specificity,0.9225183714463385,0.09255228202065047
135.0,Mordred,average,specificity,0.9231776110292376,0.09182300597017959
136.0,Mordred,average,specificity,0.9230181166073078,0.09254810266823338
137.0,Mordred,average,specificity,0.9229477124336541,0.09200363003114986
138.0,Mordred,average,specificity,0.9230098733768556,0.0923834796785402
139.0,Mordred,average,specificity,0.9237622671009721,0.09162039236880222
140.0,Mordred,average,specificity,0.9239232711612563,0.09187378886726692
141.0,Mordred,average,specificity,0.924761891483233,0.0907648550189647
142.0,Mordred,average,specificity,0.9247905551297879,0.0910297793678565
143.0,Mordred,average,specificity,0.9250123688309272,0.09100460225651757
144.0,Mordred,average,specificity,0.9249808217521288,0.09131307421585957
145.0,Mordred,average,specificity,0.9254326917428572,0.09064419750186206
146.0,Mordred,average,specificity,0.9255637494198276,0.09147357576217408
147.0,Mordred,average,specificity,0.9247834056362477,0.0912350116423026
148.0,Mordred,average,specificity,0.9244590245807734,0.09210960868343761
149.0,Mordred,average,specificity,0.9244669178094399,0.09077163645205395
150.0,Mordred,average,specificity,0.9244393065331932,0.09161308850965431
151.0,Mordred,average,specificity,0.9239257438140617,0.09197461621032181
152.0,Mordred,average,specificity,0.9243369889427363,0.09142668582113012
153.0,Mordred,average,specificity,0.9246666604451685,0.09108205892651436
154.0,Mordred,average,specificity,0.9254758702278724,0.09060532046107855
155.0,Mordred,average,specificity,0.9249079133448816,0.09164377055089737
156.0,Mordred,average,specificity,0.9252676793320728,0.09168767334473069
157.0,Mordred,average,specificity,0.9255609287823268,0.09149269341631179
158.0,Mordred,average,specificity,0.92634622426122,0.09061402863442553
159.0,Mordred,average,specificity,0.9273561965767045,0.08997476432065672
160.0,Mordred,average,specificity,0.9270967706442284,0.09059999076636001
161.0,Mordred,average,specificity,0.9278869339812226,0.0901401364957054
162.0,Mordred,average,specificity,0.9279872619235539,0.09048682157935663
163.0,Mordred,average,specificity,0.9280170467100153,0.08932713544932264
164.0,Mordred,average,specificity,0.9281835264849747,0.09005221755878447
165.0,Mordred,average,specificity,0.9277480551577191,0.09048698947511954
166.0,Mordred,average,specificity,0.928394526560121,0.09009222453842806
167.0,Mordred,average,specificity,0.9286702626533605,0.08967190359532931
168.0,Mordred,average,specificity,0.929190308349809,0.08961720277851755
169.0,Mordred,average,specificity,0.9294103076846902,0.08931178445138804
170.0,Mordred,average,specificity,0.9296128721574783,0.08889813010211357
171.0,Mordred,average,specificity,0.9292404135471719,0.0893366742909062
172.0,Mordred,average,specificity,0.9295497287301534,0.08930828076033502
173.0,Mordred,average,specificity,0.9290990344012097,0.08976521657837414
174.0,Mordred,average,specificity,0.9293832839964707,0.08952598048970346
175.0,Mordred,average,specificity,0.9291161779967523,0.08975579282982707
176.0,Mordred,average,specificity,0.929057264477812,0.08943798930612844
177.0,Mordred,average,specificity,0.9292783127535279,0.08908789378383386
178.0,Mordred,average,specificity,0.9297986086527414,0.08889208332880438
179.0,Mordred,average,specificity,0.9294551336434179,0.08976895686818231
180.0,Mordred,average,specificity,0.9298648031657994,0.08932740892376388
181.0,Mordred,average,specificity,0.9304215111006354,0.08923047470149867
182.0,Mordred,average,specificity,0.9302751379988051,0.08919429980988884
183.0,Mordred,average,specificity,0.9305339148074414,0.08917859307642459
184.0,Mordred,average,specificity,0.930450718627692,0.08926813784344956
185.0,Mordred,average,specificity,0.9305243805056714,0.08982414642928603
186.0,Mordred,average,specificity,0.9304342783150149,0.08988274859884984
187.0,Mordred,average,specificity,0.9305425339847402,0.09001004699411198
188.0,Mordred,average,specificity,0.9308219069790887,0.08950057771038257
189.0,Mordred,average,specificity,0.930631122324306,0.0894263468660345
190.0,Mordred,average,specificity,0.9309317225008953,0.08948102969785769
191.0,Mordred,average,specificity,0.9309535647641216,0.08956993186289962
192.0,Mordred,average,specificity,0.9307672301466948,0.0900073580991668
193.0,Mordred,average,specificity,0.9310259405841451,0.08987347993547762
194.0,Mordred,average,specificity,0.9309154662969117,0.08949028883137378
195.0,Mordred,average,specificity,0.9308335985005166,0.0904945379606512
196.0,Mordred,average,specificity,0.9312595766872036,0.08994897224258476
197.0,Mordred,average,specificity,0.9320357194438135,0.08934645006320303
198.0,Mordred,average,specificity,0.9316108245937146,0.08966375074707872
199.0,Mordred,average,specificity,0.9321583375645501,0.08939445381366125
200.0,Mordred,average,specificity,0.93213077596132,0.08916858138817693
1.0,CheMeleon (fine-tuned),nr_er,balanced_accuracy,0.6961160468482074,0.020676561842440606
2.0,CheMeleon (fine-tuned),nr_er,balanced_accuracy,0.6961160468482074,0.020676561842440606
3.0,CheMeleon (fine-tuned),nr_er,balanced_accuracy,0.7089111095379679,0.023981911787943844
4.0,CheMeleon (fine-tuned),nr_er,balanced_accuracy,0.7091685544386238,0.024985656303887414
5.0,CheMeleon (fine-tuned),nr_er,balanced_accuracy,0.7173033767520883,0.014471630016631609
6.0,CheMeleon (fine-tuned),nr_er,balanced_accuracy,0.7188304662796734,0.013525792144083977
7.0,CheMeleon (fine-tuned),nr_er,balanced_accuracy,0.7170465217801689,0.014161567838568671
8.0,CheMeleon (fine-tuned),nr_er,balanced_accuracy,0.7203984182044143,0.013120360919909067
9.0,CheMeleon (fine-tuned),nr_er,balanced_accuracy,0.717483128038133,0.0122801394738823
10.0,CheMeleon (fine-tuned),nr_er,balanced_accuracy,0.717443052212626,0.011652062475280485
11.0,CheMeleon (fine-tuned),nr_er,balanced_accuracy,0.7158567338398855,0.013646247886284591
12.0,CheMeleon (fine-tuned),nr_er,balanced_accuracy,0.7193485023675806,0.011472737151201123
13.0,CheMeleon (fine-tuned),nr_er,balanced_accuracy,0.7166897722088506,0.010554004161635974
14.0,CheMeleon (fine-tuned),nr_er,balanced_accuracy,0.7172846170182642,0.010372467247393786
15.0,CheMeleon (fine-tuned),nr_er,balanced_accuracy,0.7160947307565246,0.011047451500329153
16.0,CheMeleon (fine-tuned),nr_er,balanced_accuracy,0.7173247911652273,0.01044963351078372
17.0,CheMeleon (fine-tuned),nr_er,balanced_accuracy,0.7181582228200167,0.010318886651198926
18.0,CheMeleon (fine-tuned),nr_er,balanced_accuracy,0.7184554485818113,0.010282480356864064
19.0,CheMeleon (fine-tuned),nr_er,balanced_accuracy,0.7182977999590984,0.011703610640322885
20.0,CheMeleon (fine-tuned),nr_er,balanced_accuracy,0.717860997058222,0.012903329021340712
21.0,CheMeleon (fine-tuned),nr_er,balanced_accuracy,0.7195679361933078,0.01138521035409728
22.0,CheMeleon (fine-tuned),nr_er,balanced_accuracy,0.7195273687605204,0.009984460954707668
23.0,CheMeleon (fine-tuned),nr_er,balanced_accuracy,0.7205989939748612,0.011280751482613625
24.0,CheMeleon (fine-tuned),nr_er,balanced_accuracy,0.7206579278556484,0.008958151440138203
25.0,CheMeleon (fine-tuned),nr_er,balanced_accuracy,0.7194283590542263,0.010016207056697729
26.0,CheMeleon (fine-tuned),nr_er,balanced_accuracy,0.7189323273081946,0.00982441013959499
27.0,CheMeleon (fine-tuned),nr_er,balanced_accuracy,0.7190714128399955,0.009559528774518966
28.0,CheMeleon (fine-tuned),nr_er,balanced_accuracy,0.7192698255384082,0.009270109858431465
29.0,CheMeleon (fine-tuned),nr_er,balanced_accuracy,0.7180398634511618,0.009640323178000823
30.0,CheMeleon (fine-tuned),nr_er,balanced_accuracy,0.7183375808202369,0.00976858960351991
31.0,CheMeleon (fine-tuned),nr_er,balanced_accuracy,0.7210758727012443,0.009444192440947094
32.0,CheMeleon (fine-tuned),nr_er,balanced_accuracy,0.7188734917488634,0.010699296726573687
33.0,CheMeleon (fine-tuned),nr_er,balanced_accuracy,0.7200042474869035,0.010521943572320086
34.0,CheMeleon (fine-tuned),nr_er,balanced_accuracy,0.7175041491654475,0.01265505106366405
35.0,CheMeleon (fine-tuned),nr_er,balanced_accuracy,0.72054015841553,0.0107219066752468
36.0,CheMeleon (fine-tuned),nr_er,balanced_accuracy,0.7200043458083597,0.010640998626670022
37.0,CheMeleon (fine-tuned),nr_er,balanced_accuracy,0.7213733934274073,0.010498078902241418
38.0,CheMeleon (fine-tuned),nr_er,balanced_accuracy,0.719805933109947,0.009580318798000054
39.0,CheMeleon (fine-tuned),nr_er,balanced_accuracy,0.7211750790504506,0.010609557316573119
40.0,CheMeleon (fine-tuned),nr_er,balanced_accuracy,0.7215717078043639,0.01050831684227677
41.0,CheMeleon (fine-tuned),nr_er,balanced_accuracy,0.7219093043560337,0.01135570445051561
42.0,CheMeleon (fine-tuned),nr_er,balanced_accuracy,0.7222067267607406,0.011348050420489223
43.0,CheMeleon (fine-tuned),nr_er,balanced_accuracy,0.7197468025862476,0.01421645454580172
44.0,CheMeleon (fine-tuned),nr_er,balanced_accuracy,0.7200443233124105,0.011929367757015306
45.0,CheMeleon (fine-tuned),nr_er,balanced_accuracy,0.720242441046455,0.013302484214149826
46.0,CheMeleon (fine-tuned),nr_er,balanced_accuracy,0.7211749807289947,0.012110932887282756
47.0,CheMeleon (fine-tuned),nr_er,balanced_accuracy,0.7208775583242877,0.012608815336648073
48.0,CheMeleon (fine-tuned),nr_er,balanced_accuracy,0.7207385711139428,0.010879206028299095
49.0,CheMeleon (fine-tuned),nr_er,balanced_accuracy,0.7205399617726179,0.011185586729662671
50.0,CheMeleon (fine-tuned),nr_er,balanced_accuracy,0.7214324256296506,0.011732786682858704
51.0,CheMeleon (fine-tuned),nr_er,balanced_accuracy,0.7210358951971936,0.012171994026925948
52.0,CheMeleon (fine-tuned),nr_er,balanced_accuracy,0.720936590526531,0.011672150751804913
53.0,CheMeleon (fine-tuned),nr_er,balanced_accuracy,0.7202423427249988,0.012233255853402205
54.0,CheMeleon (fine-tuned),nr_er,balanced_accuracy,0.720638971478912,0.011944201805179277
55.0,CheMeleon (fine-tuned),nr_er,balanced_accuracy,0.7214724031337014,0.010701481099434673
56.0,CheMeleon (fine-tuned),nr_er,balanced_accuracy,0.7216708158321141,0.009913441716965104
57.0,CheMeleon (fine-tuned),nr_er,balanced_accuracy,0.7207381778281183,0.013945905295471676
58.0,CheMeleon (fine-tuned),nr_er,balanced_accuracy,0.7207383744710306,0.013200822735364352
59.0,CheMeleon (fine-tuned),nr_er,balanced_accuracy,0.7199451169632042,0.013335364487352225
60.0,CheMeleon (fine-tuned),nr_er,balanced_accuracy,0.7204408537448677,0.013430588940462515
61.0,CheMeleon (fine-tuned),nr_er,balanced_accuracy,0.7210757743797883,0.012855668697127377
62.0,CheMeleon (fine-tuned),nr_er,balanced_accuracy,0.7213734917488634,0.012173458487458702
63.0,CheMeleon (fine-tuned),nr_er,balanced_accuracy,0.7211749807289947,0.0129320970811414
64.0,CheMeleon (fine-tuned),nr_er,balanced_accuracy,0.7212742853996571,0.012891232149900319
65.0,CheMeleon (fine-tuned),nr_er,balanced_accuracy,0.7210756760583321,0.013372311042038378
66.0,CheMeleon (fine-tuned),nr_er,balanced_accuracy,0.7213731967844951,0.012825182868551829
67.0,CheMeleon (fine-tuned),nr_er,balanced_accuracy,0.7211748824075385,0.013057474604859272
68.0,CheMeleon (fine-tuned),nr_er,balanced_accuracy,0.7220082157408718,0.011814369380373503
69.0,CheMeleon (fine-tuned),nr_er,balanced_accuracy,0.7213732951059513,0.012996197459760994
70.0,CheMeleon (fine-tuned),nr_er,balanced_accuracy,0.7211748824075386,0.013408054506190686
71.0,CheMeleon (fine-tuned),nr_er,balanced_accuracy,0.720242441046455,0.014037330616331679
72.0,CheMeleon (fine-tuned),nr_er,balanced_accuracy,0.7211750790504506,0.013498286015904708
73.0,CheMeleon (fine-tuned),nr_er,balanced_accuracy,0.7210758727012443,0.013342934851938876
74.0,CheMeleon (fine-tuned),nr_er,balanced_accuracy,0.7208777549672,0.013635103673629889
75.0,CheMeleon (fine-tuned),nr_er,balanced_accuracy,0.7205801359195809,0.013801047719392069
76.0,CheMeleon (fine-tuned),nr_er,balanced_accuracy,0.7218101963282836,0.012063595481763527
77.0,CheMeleon (fine-tuned),nr_er,balanced_accuracy,0.721314361225164,0.011955526869959463
78.0,CheMeleon (fine-tuned),nr_er,balanced_accuracy,0.7218101963282836,0.012048568098873955
79.0,CheMeleon (fine-tuned),nr_er,balanced_accuracy,0.7214133709314582,0.012213908428691056
80.0,CheMeleon (fine-tuned),nr_er,balanced_accuracy,0.7219090093916656,0.012690249521145273
81.0,CheMeleon (fine-tuned),nr_er,balanced_accuracy,0.721710695014709,0.012178321683146708
82.0,CheMeleon (fine-tuned),nr_er,balanced_accuracy,0.721710793336165,0.012823030410576534
83.0,CheMeleon (fine-tuned),nr_er,balanced_accuracy,0.721413174288546,0.012442217537346444
84.0,CheMeleon (fine-tuned),nr_er,balanced_accuracy,0.7218098030424591,0.012541947541759383
85.0,CheMeleon (fine-tuned),nr_er,balanced_accuracy,0.7209174375068825,0.012048731216520213
86.0,CheMeleon (fine-tuned),nr_er,balanced_accuracy,0.7216117836298709,0.012647330098058756
87.0,CheMeleon (fine-tuned),nr_er,balanced_accuracy,0.7214133709314582,0.012529902554555777
88.0,CheMeleon (fine-tuned),nr_er,balanced_accuracy,0.7214135675743704,0.012424676257471333
89.0,CheMeleon (fine-tuned),nr_er,balanced_accuracy,0.7211159485267513,0.012295175162148972
90.0,CheMeleon (fine-tuned),nr_er,balanced_accuracy,0.7207785486179936,0.012603073288534012
91.0,CheMeleon (fine-tuned),nr_er,balanced_accuracy,0.7212153515188698,0.0115392951076371
92.0,CheMeleon (fine-tuned),nr_er,balanced_accuracy,0.7202830084792424,0.012119686898595662
93.0,CheMeleon (fine-tuned),nr_er,balanced_accuracy,0.7214136658958265,0.011574961015313944
94.0,CheMeleon (fine-tuned),nr_er,balanced_accuracy,0.7203817232211682,0.01249668179112008
95.0,CheMeleon (fine-tuned),nr_er,balanced_accuracy,0.7203819198640804,0.010912759451380573
96.0,CheMeleon (fine-tuned),nr_er,balanced_accuracy,0.7207784502965375,0.012307945227269202
97.0,CheMeleon (fine-tuned),nr_er,balanced_accuracy,0.722445018641748,0.010767230277613301
98.0,CheMeleon (fine-tuned),nr_er,balanced_accuracy,0.7216115869869586,0.011868025793666104
99.0,CheMeleon (fine-tuned),nr_er,balanced_accuracy,0.7212148599115894,0.011591649279662095
100.0,CheMeleon (fine-tuned),nr_er,balanced_accuracy,0.7215123806377524,0.011860571426161289
101.0,CheMeleon (fine-tuned),nr_er,balanced_accuracy,0.7218499771894222,0.010859901382610343
102.0,CheMeleon (fine-tuned),nr_er,balanced_accuracy,0.7209178307927069,0.011888751751258645
103.0,CheMeleon (fine-tuned),nr_er,balanced_accuracy,0.7223460089354539,0.01051899051069069
104.0,CheMeleon (fine-tuned),nr_er,balanced_accuracy,0.7207785486179936,0.012709100137513269
105.0,CheMeleon (fine-tuned),nr_er,balanced_accuracy,0.7222467042647914,0.010743206220215759
106.0,CheMeleon (fine-tuned),nr_er,balanced_accuracy,0.7207783519750814,0.013254679097660997
107.0,CheMeleon (fine-tuned),nr_er,balanced_accuracy,0.7223459106139979,0.012532712174245154
108.0,CheMeleon (fine-tuned),nr_er,balanced_accuracy,0.7219092060345778,0.0115251994859477
109.0,CheMeleon (fine-tuned),nr_er,balanced_accuracy,0.7226433330187046,0.012462086168832922
110.0,CheMeleon (fine-tuned),nr_er,balanced_accuracy,0.7211750790504508,0.0127465024157773
111.0,CheMeleon (fine-tuned),nr_er,balanced_accuracy,0.7214134692529143,0.011783566103324322
112.0,CheMeleon (fine-tuned),nr_er,balanced_accuracy,0.7224452152846602,0.010871836164543926
113.0,CheMeleon (fine-tuned),nr_er,balanced_accuracy,0.722008412383784,0.011695346074841823
114.0,CheMeleon (fine-tuned),nr_er,balanced_accuracy,0.7226433330187046,0.011172217378099274
115.0,CheMeleon (fine-tuned),nr_er,balanced_accuracy,0.7221075204115344,0.01191456044260998
116.0,CheMeleon (fine-tuned),nr_er,balanced_accuracy,0.7225442249909545,0.011037110566124626
117.0,CheMeleon (fine-tuned),nr_er,balanced_accuracy,0.7214132726100021,0.011884710594533046
118.0,CheMeleon (fine-tuned),nr_er,balanced_accuracy,0.722444920320292,0.0107488348421382
119.0,CheMeleon (fine-tuned),nr_er,balanced_accuracy,0.7206792439473312,0.012576242316351396
120.0,CheMeleon (fine-tuned),nr_er,balanced_accuracy,0.722445018641748,0.010380971514700498
121.0,CheMeleon (fine-tuned),nr_er,balanced_accuracy,0.7208776566457439,0.01260881818702594
122.0,CheMeleon (fine-tuned),nr_er,balanced_accuracy,0.7202426376893671,0.013462920594725385
123.0,CheMeleon (fine-tuned),nr_er,balanced_accuracy,0.7198461072569101,0.013153501795600526
124.0,CheMeleon (fine-tuned),nr_er,balanced_accuracy,0.7202427360108232,0.013178297059929317
125.0,CheMeleon (fine-tuned),nr_er,balanced_accuracy,0.7198461072569101,0.013160707864403789
126.0,CheMeleon (fine-tuned),nr_er,balanced_accuracy,0.7200443233124105,0.013132604667161952
127.0,CheMeleon (fine-tuned),nr_er,balanced_accuracy,0.7201434313401608,0.013286295026052199
128.0,CheMeleon (fine-tuned),nr_er,balanced_accuracy,0.7205401584155301,0.013126455450274745
129.0,CheMeleon (fine-tuned),nr_er,balanced_accuracy,0.720580234241037,0.012301924197899996
130.0,CheMeleon (fine-tuned),nr_er,balanced_accuracy,0.7200442249909544,0.01286684797344091
131.0,CheMeleon (fine-tuned),nr_er,balanced_accuracy,0.7199451169632042,0.012769742338992881
132.0,CheMeleon (fine-tuned),nr_er,balanced_accuracy,0.720976568030582,0.012291152439270515
133.0,CheMeleon (fine-tuned),nr_er,balanced_accuracy,0.7214134692529143,0.011589220844430462
134.0,CheMeleon (fine-tuned),nr_er,balanced_accuracy,0.7219091077131216,0.011596086430793127
135.0,CheMeleon (fine-tuned),nr_er,balanced_accuracy,0.7214134692529143,0.011531012023678198
136.0,CheMeleon (fine-tuned),nr_er,balanced_accuracy,0.7211749807289947,0.012277593799146258
137.0,CheMeleon (fine-tuned),nr_er,balanced_accuracy,0.7209767646734941,0.012058370923966943
138.0,CheMeleon (fine-tuned),nr_er,balanced_accuracy,0.7214725014551575,0.012276443444086627
139.0,CheMeleon (fine-tuned),nr_er,balanced_accuracy,0.7211751773719068,0.012348463972472724
140.0,CheMeleon (fine-tuned),nr_er,balanced_accuracy,0.7214725014551575,0.012276443444086627
141.0,CheMeleon (fine-tuned),nr_er,balanced_accuracy,0.7209769613164063,0.012211425742693396
142.0,CheMeleon (fine-tuned),nr_er,balanced_accuracy,0.7209768629949502,0.012011869159102595
143.0,CheMeleon (fine-tuned),nr_er,balanced_accuracy,0.7208778532886561,0.012036131426244233
144.0,CheMeleon (fine-tuned),nr_er,balanced_accuracy,0.7213733934274074,0.012399995021844518
145.0,CheMeleon (fine-tuned),nr_er,balanced_accuracy,0.7210761676656127,0.012131122215349552
146.0,CheMeleon (fine-tuned),nr_er,balanced_accuracy,0.7201435296616169,0.013221843891622629
147.0,CheMeleon (fine-tuned),nr_er,balanced_accuracy,0.7208777549672,0.012055773865829348
148.0,CheMeleon (fine-tuned),nr_er,balanced_accuracy,0.7202426376893671,0.013324214255991496
149.0,CheMeleon (fine-tuned),nr_er,balanced_accuracy,0.7221074220900782,0.010992768451496814
150.0,CheMeleon (fine-tuned),nr_er,balanced_accuracy,0.7213732951059513,0.01214789810538299
151.0,CheMeleon (fine-tuned),nr_er,balanced_accuracy,0.7213732951059513,0.01214789810538299
152.0,CheMeleon (fine-tuned),nr_er,balanced_accuracy,0.7207383744710306,0.013061248685719251
153.0,CheMeleon (fine-tuned),nr_er,balanced_accuracy,0.7212743837211132,0.011809583566199025
154.0,CheMeleon (fine-tuned),nr_er,balanced_accuracy,0.7211751773719068,0.01174214306682625
155.0,CheMeleon (fine-tuned),nr_er,balanced_accuracy,0.7212743837211132,0.011809583566199025
156.0,CheMeleon (fine-tuned),nr_er,balanced_accuracy,0.7212743837211132,0.01211974900264016
157.0,CheMeleon (fine-tuned),nr_er,balanced_accuracy,0.7212743837211132,0.012216741041163614
158.0,CheMeleon (fine-tuned),nr_er,balanced_accuracy,0.7213734917488634,0.012395423844415132
159.0,CheMeleon (fine-tuned),nr_er,balanced_accuracy,0.7223060314314032,0.011421948727566881
160.0,CheMeleon (fine-tuned),nr_er,balanced_accuracy,0.7214726980980698,0.01230726812040864
161.0,CheMeleon (fine-tuned),nr_er,balanced_accuracy,0.7224050411376972,0.011436864967848404
162.0,CheMeleon (fine-tuned),nr_er,balanced_accuracy,0.7227025618638602,0.011299411158966332
163.0,CheMeleon (fine-tuned),nr_er,balanced_accuracy,0.7227025618638602,0.011299411158966332
164.0,CheMeleon (fine-tuned),nr_er,balanced_accuracy,0.7219684348797332,0.012253145962683358
165.0,CheMeleon (fine-tuned),nr_er,balanced_accuracy,0.7217700221813205,0.012496595005480103
166.0,CheMeleon (fine-tuned),nr_er,balanced_accuracy,0.7229008762408168,0.01214566438430206
167.0,CheMeleon (fine-tuned),nr_er,balanced_accuracy,0.7225041491654475,0.011981661620525877
168.0,CheMeleon (fine-tuned),nr_er,balanced_accuracy,0.7219683365582771,0.012990242511119382
169.0,CheMeleon (fine-tuned),nr_er,balanced_accuracy,0.7231392664432803,0.01115460871951663
170.0,CheMeleon (fine-tuned),nr_er,balanced_accuracy,0.7213333176019003,0.014195503315458586
171.0,CheMeleon (fine-tuned),nr_er,balanced_accuracy,0.720837580820237,0.014166794502796162
172.0,CheMeleon (fine-tuned),nr_er,balanced_accuracy,0.7217301429987257,0.014269357075274706
173.0,CheMeleon (fine-tuned),nr_er,balanced_accuracy,0.7219684348797332,0.01270471541324401
174.0,CheMeleon (fine-tuned),nr_er,balanced_accuracy,0.7225632796891469,0.012941459506484945
175.0,CheMeleon (fine-tuned),nr_er,balanced_accuracy,0.7213334159233564,0.013199023671934918
176.0,CheMeleon (fine-tuned),nr_er,balanced_accuracy,0.721531730300313,0.01412558400680705
177.0,CheMeleon (fine-tuned),nr_er,balanced_accuracy,0.7239326222725628,0.01296842590141977
178.0,CheMeleon (fine-tuned),nr_er,balanced_accuracy,0.7224642699828527,0.012775695844893494
179.0,CheMeleon (fine-tuned),nr_er,balanced_accuracy,0.7230992889392295,0.013154142573616518
180.0,CheMeleon (fine-tuned),nr_er,balanced_accuracy,0.7208967113439363,0.01255530303316091
181.0,CheMeleon (fine-tuned),nr_er,balanced_accuracy,0.7203017682130665,0.012356384445681918
182.0,CheMeleon (fine-tuned),nr_er,balanced_accuracy,0.7206983969669797,0.012207388199015916
183.0,CheMeleon (fine-tuned),nr_er,balanced_accuracy,0.7221668475781459,0.012081127248780212
184.0,CheMeleon (fine-tuned),nr_er,balanced_accuracy,0.7204010728837289,0.012480295322239371
185.0,CheMeleon (fine-tuned),nr_er,balanced_accuracy,0.7212343078956062,0.01099222749230441
186.0,CheMeleon (fine-tuned),nr_er,balanced_accuracy,0.7213336125662686,0.011139559994507352
187.0,CheMeleon (fine-tuned),nr_er,balanced_accuracy,0.7220677395503957,0.011999150807638168
188.0,CheMeleon (fine-tuned),nr_er,balanced_accuracy,0.7222661522488083,0.011791390060346036
189.0,CheMeleon (fine-tuned),nr_er,balanced_accuracy,0.7219687298441015,0.011894812257685862
190.0,CheMeleon (fine-tuned),nr_er,balanced_accuracy,0.7218295459908444,0.01258753125848417
191.0,CheMeleon (fine-tuned),nr_er,balanced_accuracy,0.721730339641638,0.010718525888605664
192.0,CheMeleon (fine-tuned),nr_er,balanced_accuracy,0.7217303396416379,0.012714959473055426
193.0,CheMeleon (fine-tuned),nr_er,balanced_accuracy,0.7206985936098919,0.011712493883867208
194.0,CheMeleon (fine-tuned),nr_er,balanced_accuracy,0.7202618890304718,0.012797211268933283
195.0,CheMeleon (fine-tuned),nr_er,balanced_accuracy,0.7208970063083047,0.011712195947472243
196.0,CheMeleon (fine-tuned),nr_er,balanced_accuracy,0.7209962126575109,0.01158265783782115
197.0,CheMeleon (fine-tuned),nr_er,balanced_accuracy,0.7206987902528041,0.01196186451982011
198.0,CheMeleon (fine-tuned),nr_er,balanced_accuracy,0.7218296443123003,0.012828068531957377
199.0,CheMeleon (fine-tuned),nr_er,balanced_accuracy,0.7216313299353437,0.013077427871371937
200.0,CheMeleon (fine-tuned),nr_er,balanced_accuracy,0.7212938317051301,0.011928263800194365
1.0,Chemprop (default),nr_er,balanced_accuracy,0.6722997388582126,0.01617496365429925
2.0,Chemprop (default),nr_er,balanced_accuracy,0.6722997388582126,0.01617496365429925
3.0,Chemprop (default),nr_er,balanced_accuracy,0.6734036725030283,0.006237794104951394
4.0,Chemprop (default),nr_er,balanced_accuracy,0.6780856222568314,0.005062059718158811
5.0,Chemprop (default),nr_er,balanced_accuracy,0.6674102325105794,0.010531538652465741
6.0,Chemprop (default),nr_er,balanced_accuracy,0.6727264146491103,0.00866364032192
7.0,Chemprop (default),nr_er,balanced_accuracy,0.6655836558277093,0.010298570705232383
8.0,Chemprop (default),nr_er,balanced_accuracy,0.667268885585288,0.007052931446429131
9.0,Chemprop (default),nr_er,balanced_accuracy,0.6641335716645429,0.012194085339911483
10.0,Chemprop (default),nr_er,balanced_accuracy,0.6626655143392012,0.00853439602147457
11.0,Chemprop (default),nr_er,balanced_accuracy,0.6588950831406233,0.006284395564671061
12.0,Chemprop (default),nr_er,balanced_accuracy,0.6578233596048264,0.005455645028776725
13.0,Chemprop (default),nr_er,balanced_accuracy,0.6572873503547438,0.009920010057286195
14.0,Chemprop (default),nr_er,balanced_accuracy,0.6563549089936602,0.00914620454489759
15.0,Chemprop (default),nr_er,balanced_accuracy,0.6519496554816178,0.014063972567360089
16.0,Chemprop (default),nr_er,balanced_accuracy,0.6550848710809067,0.013801012670508348
17.0,Chemprop (default),nr_er,balanced_accuracy,0.6523865567039502,0.012043734730535745
18.0,Chemprop (default),nr_er,balanced_accuracy,0.6519499504459861,0.012700850362878196
19.0,Chemprop (default),nr_er,balanced_accuracy,0.6491521347554549,0.009306298378945132
20.0,Chemprop (default),nr_er,balanced_accuracy,0.6485171157990781,0.012252913799503147
21.0,Chemprop (default),nr_er,balanced_accuracy,0.6477825955291268,0.013022747866348886
22.0,Chemprop (default),nr_er,balanced_accuracy,0.6470486651879119,0.011865135412716814
23.0,Chemprop (default),nr_er,balanced_accuracy,0.6444494588387056,0.010346238005705246
24.0,Chemprop (default),nr_er,balanced_accuracy,0.6468505474538675,0.011271610452710759
25.0,Chemprop (default),nr_er,balanced_accuracy,0.6477829888149511,0.010428474886658278
26.0,Chemprop (default),nr_er,balanced_accuracy,0.6476837824657448,0.015763244590422776
27.0,Chemprop (default),nr_er,balanced_accuracy,0.6447470778863247,0.012253964420870078
28.0,Chemprop (default),nr_er,balanced_accuracy,0.6452830871364073,0.014632054360139845
29.0,Chemprop (default),nr_er,balanced_accuracy,0.6457786272751586,0.012975115970786415
30.0,Chemprop (default),nr_er,balanced_accuracy,0.6441119606084917,0.015440284306825857
31.0,Chemprop (default),nr_er,balanced_accuracy,0.6435761480013215,0.017168751939850294
32.0,Chemprop (default),nr_er,balanced_accuracy,0.6407789222395268,0.019070263727279043
33.0,Chemprop (default),nr_er,balanced_accuracy,0.6420087860053172,0.014307818009705037
34.0,Chemprop (default),nr_er,balanced_accuracy,0.6390128525807416,0.015356122573174017
35.0,Chemprop (default),nr_er,balanced_accuracy,0.6377429129894443,0.01601303744241306
36.0,Chemprop (default),nr_er,balanced_accuracy,0.6383778336243648,0.015538552868335035
37.0,Chemprop (default),nr_er,balanced_accuracy,0.6392111669576982,0.015889263192974235
38.0,Chemprop (default),nr_er,balanced_accuracy,0.6375445002910315,0.015509791749898756
39.0,Chemprop (default),nr_er,balanced_accuracy,0.633774364056822,0.017520494658032376
40.0,Chemprop (default),nr_er,balanced_accuracy,0.6362743640568219,0.017235610632676104
41.0,Chemprop (default),nr_er,balanced_accuracy,0.6337744623782781,0.01905495057425329
42.0,Chemprop (default),nr_er,balanced_accuracy,0.634806110088568,0.017591023764415216
43.0,Chemprop (default),nr_er,balanced_accuracy,0.6357387480925638,0.018273092660390997
44.0,Chemprop (default),nr_er,balanced_accuracy,0.6350043261440684,0.017627590777309986
45.0,Chemprop (default),nr_er,balanced_accuracy,0.6351035324932748,0.017857095383006994
46.0,Chemprop (default),nr_er,balanced_accuracy,0.6350044244655246,0.020074536468207883
47.0,Chemprop (default),nr_er,balanced_accuracy,0.6367702974813976,0.017620780993905957
48.0,Chemprop (default),nr_er,balanced_accuracy,0.6334367675051521,0.016577219362557263
49.0,Chemprop (default),nr_er,balanced_accuracy,0.6336348852391964,0.01685939303604354
50.0,Chemprop (default),nr_er,balanced_accuracy,0.6345675232431922,0.015524462237671508
51.0,Chemprop (default),nr_er,balanced_accuracy,0.6343290347192726,0.014682675349615168
52.0,Chemprop (default),nr_er,balanced_accuracy,0.6339324059653595,0.014599292002832678
53.0,Chemprop (default),nr_er,balanced_accuracy,0.6348649456478992,0.013939896849094371
54.0,Chemprop (default),nr_er,balanced_accuracy,0.6321666312709425,0.014991142263965335
55.0,Chemprop (default),nr_er,balanced_accuracy,0.6331982789812324,0.014077634306507332
56.0,Chemprop (default),nr_er,balanced_accuracy,0.6316309169852282,0.014544978134069153
57.0,Chemprop (default),nr_er,balanced_accuracy,0.6333966916796452,0.012898396852590782
58.0,Chemprop (default),nr_er,balanced_accuracy,0.6330992692749382,0.014543427560860174
59.0,Chemprop (default),nr_er,balanced_accuracy,0.6325632600248557,0.015913117784126348
60.0,Chemprop (default),nr_er,balanced_accuracy,0.6314325042868154,0.017005847503026528
61.0,Chemprop (default),nr_er,balanced_accuracy,0.6297658376201488,0.017900976406581087
62.0,Chemprop (default),nr_er,balanced_accuracy,0.6292300250129784,0.019136364782577048
63.0,Chemprop (default),nr_er,balanced_accuracy,0.629428339389935,0.016314079258110303
64.0,Chemprop (default),nr_er,balanced_accuracy,0.6290317106360218,0.0157767129695574
65.0,Chemprop (default),nr_er,balanced_accuracy,0.6307974853304388,0.013457166990785701
66.0,Chemprop (default),nr_er,balanced_accuracy,0.6291308186637721,0.015511758331718303
67.0,Chemprop (default),nr_er,balanced_accuracy,0.6292298283700661,0.014288551412230609
68.0,Chemprop (default),nr_er,balanced_accuracy,0.6300632600248557,0.013591343112901777
69.0,Chemprop (default),nr_er,balanced_accuracy,0.6293289363978165,0.015554446913019689
70.0,Chemprop (default),nr_er,balanced_accuracy,0.6294281427470227,0.014235269008750879
71.0,Chemprop (default),nr_er,balanced_accuracy,0.62879302546919,0.01586417479007056
72.0,Chemprop (default),nr_er,balanced_accuracy,0.6279596921358566,0.013986334251400992
73.0,Chemprop (default),nr_er,balanced_accuracy,0.6296263588025234,0.013185695723375749
74.0,Chemprop (default),nr_er,balanced_accuracy,0.6304596921358566,0.012022487464064617
75.0,Chemprop (default),nr_er,balanced_accuracy,0.6297254668302735,0.013336215433067684
76.0,Chemprop (default),nr_er,balanced_accuracy,0.6255587018421508,0.0149172900411988
77.0,Chemprop (default),nr_er,balanced_accuracy,0.6254595938144005,0.014848414663120209
78.0,Chemprop (default),nr_er,balanced_accuracy,0.6263921334969402,0.014756138243126887
79.0,Chemprop (default),nr_er,balanced_accuracy,0.6239913398461466,0.014475287825916314
80.0,Chemprop (default),nr_er,balanced_accuracy,0.6231581048342694,0.015327658956543304
81.0,Chemprop (default),nr_er,balanced_accuracy,0.624090546195353,0.01514657424366467
82.0,Chemprop (default),nr_er,balanced_accuracy,0.6224238795286863,0.016156675764140035
83.0,Chemprop (default),nr_er,balanced_accuracy,0.6242889588937656,0.013492278183491661
84.0,Chemprop (default),nr_er,balanced_accuracy,0.6225229875564364,0.014649285019325728
85.0,Chemprop (default),nr_er,balanced_accuracy,0.6216897525445593,0.015642882893350925
86.0,Chemprop (default),nr_er,balanced_accuracy,0.6226220955841868,0.015099836360555247
87.0,Chemprop (default),nr_er,balanced_accuracy,0.6242888605723096,0.014065865016852589
88.0,Chemprop (default),nr_er,balanced_accuracy,0.6235547335881825,0.012541281199885578
89.0,Chemprop (default),nr_er,balanced_accuracy,0.6225230858778926,0.015585192428465365
90.0,Chemprop (default),nr_er,balanced_accuracy,0.6227214002548492,0.012163968774253913
91.0,Chemprop (default),nr_er,balanced_accuracy,0.6234555272389761,0.014695586826194318
92.0,Chemprop (default),nr_er,balanced_accuracy,0.6228205082825994,0.012148809696728624
93.0,Chemprop (default),nr_er,balanced_accuracy,0.621252949643683,0.012936993856221251
94.0,Chemprop (default),nr_er,balanced_accuracy,0.6219871749492661,0.013838015108972418
95.0,Chemprop (default),nr_er,balanced_accuracy,0.6218880669215159,0.013147710337273386
96.0,Chemprop (default),nr_er,balanced_accuracy,0.6229196163103496,0.012545007826671261
97.0,Chemprop (default),nr_er,balanced_accuracy,0.6220862829770164,0.013139114987423074
98.0,Chemprop (default),nr_er,balanced_accuracy,0.6221853910047667,0.013009818434623812
99.0,Chemprop (default),nr_er,balanced_accuracy,0.622284597353973,0.013035675611939778
100.0,Chemprop (default),nr_er,balanced_accuracy,0.6213520576714333,0.014168378344757152
101.0,Chemprop (default),nr_er,balanced_accuracy,0.6223837053817232,0.013226986146169517
102.0,Chemprop (default),nr_er,balanced_accuracy,0.6214512640206397,0.014199404486534188
103.0,Chemprop (default),nr_er,balanced_accuracy,0.6206179306873063,0.012555557261864492
104.0,Chemprop (default),nr_er,balanced_accuracy,0.6206179306873063,0.012555557261864492
105.0,Chemprop (default),nr_er,balanced_accuracy,0.6216494800761401,0.011491277137461472
106.0,Chemprop (default),nr_er,balanced_accuracy,0.6207170387150566,0.012057767010720139
107.0,Chemprop (default),nr_er,balanced_accuracy,0.6199828134094735,0.012360952430805299
108.0,Chemprop (default),nr_er,balanced_accuracy,0.6198837053817232,0.012174002105467627
109.0,Chemprop (default),nr_er,balanced_accuracy,0.6201810294649739,0.012419662242330327
110.0,Chemprop (default),nr_er,balanced_accuracy,0.6202802358141803,0.012392466681436183
111.0,Chemprop (default),nr_er,balanced_accuracy,0.6195461088300533,0.012684524529974256
112.0,Chemprop (default),nr_er,balanced_accuracy,0.6194470008023031,0.012498085553190836
113.0,Chemprop (default),nr_er,balanced_accuracy,0.6186136674689697,0.012296452425629103
114.0,Chemprop (default),nr_er,balanced_accuracy,0.61871277549672,0.01215617498293554
115.0,Chemprop (default),nr_er,balanced_accuracy,0.6195461088300533,0.012140652597659316
116.0,Chemprop (default),nr_er,balanced_accuracy,0.6195461088300533,0.012140652597659316
117.0,Chemprop (default),nr_er,balanced_accuracy,0.6195461088300533,0.012140652597659316
118.0,Chemprop (default),nr_er,balanced_accuracy,0.6195462071515094,0.012091893187618238
119.0,Chemprop (default),nr_er,balanced_accuracy,0.6190101979014269,0.011982082525463646
120.0,Chemprop (default),nr_er,balanced_accuracy,0.6181768645680935,0.010347375237153116
121.0,Chemprop (default),nr_er,balanced_accuracy,0.6175417472902607,0.011669098357835986
122.0,Chemprop (default),nr_er,balanced_accuracy,0.61837517894505,0.01057252126325814
123.0,Chemprop (default),nr_er,balanced_accuracy,0.618375080623594,0.010395546137394272
124.0,Chemprop (default),nr_er,balanced_accuracy,0.6185734933220067,0.010385551281404304
125.0,Chemprop (default),nr_er,balanced_accuracy,0.617640953639467,0.011708229629972184
126.0,Chemprop (default),nr_er,balanced_accuracy,0.6168077186275898,0.008734508050505798
127.0,Chemprop (default),nr_er,balanced_accuracy,0.6159742869728003,0.01178522770214188
128.0,Chemprop (default),nr_er,balanced_accuracy,0.6168077186275898,0.008773856840919525
129.0,Chemprop (default),nr_er,balanced_accuracy,0.6160734933220067,0.009970347360780443
130.0,Chemprop (default),nr_er,balanced_accuracy,0.6159743852942564,0.00884683477911377
131.0,Chemprop (default),nr_er,balanced_accuracy,0.6135734933220067,0.01290768966194225
132.0,Chemprop (default),nr_er,balanced_accuracy,0.6135734933220067,0.01037912281391177
133.0,Chemprop (default),nr_er,balanced_accuracy,0.6134742869728004,0.011458429387622083
134.0,Chemprop (default),nr_er,balanced_accuracy,0.6135734933220067,0.01037912281391177
135.0,Chemprop (default),nr_er,balanced_accuracy,0.6127401599886734,0.011597582336576408
136.0,Chemprop (default),nr_er,balanced_accuracy,0.61190682665534,0.012028169786423213
137.0,Chemprop (default),nr_er,balanced_accuracy,0.612640953639467,0.011579982267088668
138.0,Chemprop (default),nr_er,balanced_accuracy,0.61190682665534,0.012028169786423213
139.0,Chemprop (default),nr_er,balanced_accuracy,0.6110733950005506,0.014591906954619626
140.0,Chemprop (default),nr_er,balanced_accuracy,0.6103391696949675,0.011789477233727842
141.0,Chemprop (default),nr_er,balanced_accuracy,0.6095058363616342,0.014670992273448383
142.0,Chemprop (default),nr_er,balanced_accuracy,0.6098034554092532,0.010480570997617391
143.0,Chemprop (default),nr_er,balanced_accuracy,0.6097042490600468,0.01288541555724654
144.0,Chemprop (default),nr_er,balanced_accuracy,0.6088709157267136,0.01198451519818926
145.0,Chemprop (default),nr_er,balanced_accuracy,0.6071051410322966,0.013442591493256904
146.0,Chemprop (default),nr_er,balanced_accuracy,0.6080376807148363,0.013884226302233517
147.0,Chemprop (default),nr_er,balanced_accuracy,0.607204347381503,0.013474931779954208
148.0,Chemprop (default),nr_er,balanced_accuracy,0.6065693284251262,0.014995192517596763
149.0,Chemprop (default),nr_er,balanced_accuracy,0.6064701220759199,0.01491887868522437
150.0,Chemprop (default),nr_er,balanced_accuracy,0.605001868107666,0.014056041953571805
151.0,Chemprop (default),nr_er,balanced_accuracy,0.6049025634370034,0.01407117913764245
152.0,Chemprop (default),nr_er,balanced_accuracy,0.6040692301036701,0.013783417191830481
153.0,Chemprop (default),nr_er,balanced_accuracy,0.6049025634370035,0.013113059098838064
154.0,Chemprop (default),nr_er,balanced_accuracy,0.6032358967703368,0.01340945670106225
155.0,Chemprop (default),nr_er,balanced_accuracy,0.6024025634370035,0.012626736782668438
156.0,Chemprop (default),nr_er,balanced_accuracy,0.6015692301036701,0.012040245167574416
157.0,Chemprop (default),nr_er,balanced_accuracy,0.6025016714647536,0.0127128712845947
158.0,Chemprop (default),nr_er,balanced_accuracy,0.6017675444806267,0.011933106689368965
159.0,Chemprop (default),nr_er,balanced_accuracy,0.6018665541869208,0.011696090177638513
160.0,Chemprop (default),nr_er,balanced_accuracy,0.6012316335520003,0.011273799790499485
161.0,Chemprop (default),nr_er,balanced_accuracy,0.6003983002186668,0.01297958903201766
162.0,Chemprop (default),nr_er,balanced_accuracy,0.6004975065678733,0.013086240955008903
163.0,Chemprop (default),nr_er,balanced_accuracy,0.6003983002186668,0.01297958903201766
164.0,Chemprop (default),nr_er,balanced_accuracy,0.6003983002186668,0.01297958903201766
165.0,Chemprop (default),nr_er,balanced_accuracy,0.6012316335520003,0.013653150628080507
166.0,Chemprop (default),nr_er,balanced_accuracy,0.6004975065678733,0.012958705999292129
167.0,Chemprop (default),nr_er,balanced_accuracy,0.6013307415797505,0.01345057436918521
168.0,Chemprop (default),nr_er,balanced_accuracy,0.6005966145956234,0.012752230575777967
169.0,Chemprop (default),nr_er,balanced_accuracy,0.5997631829408341,0.016917471133725888
170.0,Chemprop (default),nr_er,balanced_accuracy,0.5983939386788742,0.017707473269166284
171.0,Chemprop (default),nr_er,balanced_accuracy,0.5992272720122076,0.01591900286647574
172.0,Chemprop (default),nr_er,balanced_accuracy,0.5992272720122076,0.01591900286647574
173.0,Chemprop (default),nr_er,balanced_accuracy,0.5992272720122076,0.01591900286647574
174.0,Chemprop (default),nr_er,balanced_accuracy,0.5983939386788742,0.017707473269166284
175.0,Chemprop (default),nr_er,balanced_accuracy,0.5975606053455409,0.019509972099879196
176.0,Chemprop (default),nr_er,balanced_accuracy,0.5975606053455409,0.019509972099879196
177.0,Chemprop (default),nr_er,balanced_accuracy,0.5974614973177907,0.019725095608411604
178.0,Chemprop (default),nr_er,balanced_accuracy,0.597560703666997,0.019732945142042723
179.0,Chemprop (default),nr_er,balanced_accuracy,0.5968265766828701,0.02163656557962135
180.0,Chemprop (default),nr_er,balanced_accuracy,0.5961915577264933,0.023327732689573166
181.0,Chemprop (default),nr_er,balanced_accuracy,0.596092351377287,0.021399993489333465
182.0,Chemprop (default),nr_er,balanced_accuracy,0.5961915577264933,0.021492572197007644
183.0,Chemprop (default),nr_er,balanced_accuracy,0.5961915577264933,0.021492572197007644
184.0,Chemprop (default),nr_er,balanced_accuracy,0.5945248910598266,0.025071688066987317
185.0,Chemprop (default),nr_er,balanced_accuracy,0.5936915577264933,0.025127726564279484
186.0,Chemprop (default),nr_er,balanced_accuracy,0.5920248910598266,0.024574757837328567
187.0,Chemprop (default),nr_er,balanced_accuracy,0.5920248910598266,0.027045037851356955
188.0,Chemprop (default),nr_er,balanced_accuracy,0.5911915577264933,0.02631456816174338
189.0,Chemprop (default),nr_er,balanced_accuracy,0.5920248910598266,0.027045037851356955
190.0,Chemprop (default),nr_er,balanced_accuracy,0.5920248910598266,0.027045037851356955
191.0,Chemprop (default),nr_er,balanced_accuracy,0.5920248910598266,0.027045037851356955
192.0,Chemprop (default),nr_er,balanced_accuracy,0.5911915577264933,0.02631456816174338
193.0,Chemprop (default),nr_er,balanced_accuracy,0.5920248910598266,0.027045037851356955
194.0,Chemprop (default),nr_er,balanced_accuracy,0.5921240974090329,0.027020640066074814
195.0,Chemprop (default),nr_er,balanced_accuracy,0.5921240974090329,0.027020640066074814
196.0,Chemprop (default),nr_er,balanced_accuracy,0.5912907640756997,0.028766994973507383
197.0,Chemprop (default),nr_er,balanced_accuracy,0.5912907640756997,0.026532008432267083
198.0,Chemprop (default),nr_er,balanced_accuracy,0.5887907640756996,0.02768255909453612
199.0,Chemprop (default),nr_er,balanced_accuracy,0.5897232054367831,0.026024384843293513
200.0,Chemprop (default),nr_er,balanced_accuracy,0.5879574307423663,0.029352382835077403
1.0,Chemprop (large),nr_er,balanced_accuracy,0.684420296694826,0.01327930395375929
2.0,Chemprop (large),nr_er,balanced_accuracy,0.684420296694826,0.01327930395375929
3.0,Chemprop (large),nr_er,balanced_accuracy,0.6813038408293611,0.010546645074213198
4.0,Chemprop (large),nr_er,balanced_accuracy,0.6814031455000236,0.010088133836717916
5.0,Chemprop (large),nr_er,balanced_accuracy,0.6821965996507622,0.011815059365563759
6.0,Chemprop (large),nr_er,balanced_accuracy,0.683565843912722,0.011236801284352118
7.0,Chemprop (large),nr_er,balanced_accuracy,0.6800928351188509,0.013357412529311791
8.0,Chemprop (large),nr_er,balanced_accuracy,0.680728149039596,0.012667958746011674
9.0,Chemprop (large),nr_er,balanced_accuracy,0.681759895071342,0.013042042592168172
10.0,Chemprop (large),nr_er,balanced_accuracy,0.6823950123491749,0.013759810950775485
11.0,Chemprop (large),nr_er,balanced_accuracy,0.6843590030990923,0.015931753890739805
12.0,Chemprop (large),nr_er,balanced_accuracy,0.6812241807856277,0.012822360046279145
13.0,Chemprop (large),nr_er,balanced_accuracy,0.6826524572498309,0.01345124180534953
14.0,Chemprop (large),nr_er,balanced_accuracy,0.6834859872260763,0.014055556336041644
15.0,Chemprop (large),nr_er,balanced_accuracy,0.6815216031903346,0.014493329326155132
16.0,Chemprop (large),nr_er,balanced_accuracy,0.679855034845124,0.014049838469075782
17.0,Chemprop (large),nr_er,balanced_accuracy,0.6807874762062076,0.015512873782501943
18.0,Chemprop (large),nr_er,balanced_accuracy,0.6807876728491198,0.013890687832893855
19.0,Chemprop (large),nr_er,balanced_accuracy,0.6794182319442478,0.01614595525436974
20.0,Chemprop (large),nr_er,balanced_accuracy,0.6794182319442478,0.013496159442000073
21.0,Chemprop (large),nr_er,balanced_accuracy,0.6794181336227918,0.013337014055938326
22.0,Chemprop (large),nr_er,balanced_accuracy,0.6785848986109145,0.013228331185782339
23.0,Chemprop (large),nr_er,balanced_accuracy,0.6771163496782922,0.01325615708031186
24.0,Chemprop (large),nr_er,balanced_accuracy,0.6797156543489546,0.012468424320881303
25.0,Chemprop (large),nr_er,balanced_accuracy,0.6804497813330816,0.01183465996499646
26.0,Chemprop (large),nr_er,balanced_accuracy,0.6802515652775811,0.01374049774508263
27.0,Chemprop (large),nr_er,balanced_accuracy,0.6797154577060425,0.011406625169287404
28.0,Chemprop (large),nr_er,balanced_accuracy,0.6804498796545377,0.012862233038988667
29.0,Chemprop (large),nr_er,balanced_accuracy,0.6783464100869948,0.014182168830344292
30.0,Chemprop (large),nr_er,balanced_accuracy,0.6804497813330816,0.012865327428224304
31.0,Chemprop (large),nr_er,balanced_accuracy,0.6807471054163324,0.011551985543803246
32.0,Chemprop (large),nr_er,balanced_accuracy,0.6796162513568361,0.011426564944913712
33.0,Chemprop (large),nr_er,balanced_accuracy,0.6790805370711219,0.011852506000883157
34.0,Chemprop (large),nr_er,balanced_accuracy,0.6806479973885822,0.013237748777947212
35.0,Chemprop (large),nr_er,balanced_accuracy,0.6817786548051662,0.012972566283188608
36.0,Chemprop (large),nr_er,balanced_accuracy,0.6801121847814117,0.014695823187997805
37.0,Chemprop (large),nr_er,balanced_accuracy,0.6801120864599557,0.013059397482636043
38.0,Chemprop (large),nr_er,balanced_accuracy,0.6791797434203282,0.014020964818306947
39.0,Chemprop (large),nr_er,balanced_accuracy,0.6787427438765397,0.012562195040818874
40.0,Chemprop (large),nr_er,balanced_accuracy,0.6789813307219155,0.012707692892829513
41.0,Chemprop (large),nr_er,balanced_accuracy,0.6783462134440826,0.00975799851224447
42.0,Chemprop (large),nr_er,balanced_accuracy,0.6775129784322054,0.011021091257195696
43.0,Chemprop (large),nr_er,balanced_accuracy,0.6779096071861186,0.010993302467790067
44.0,Chemprop (large),nr_er,balanced_accuracy,0.677711292809162,0.013910169272156287
45.0,Chemprop (large),nr_er,balanced_accuracy,0.6797744899082858,0.013230456498368008
46.0,Chemprop (large),nr_er,balanced_accuracy,0.6782071279122814,0.01390492543456578
47.0,Chemprop (large),nr_er,balanced_accuracy,0.6779096071861186,0.012911742858959732
48.0,Chemprop (large),nr_er,balanced_accuracy,0.6781079215630752,0.013422258769063401
49.0,Chemprop (large),nr_er,balanced_accuracy,0.6773736962574921,0.011067256415974556
50.0,Chemprop (large),nr_er,balanced_accuracy,0.6765404612456148,0.012284703938573508
51.0,Chemprop (large),nr_er,balanced_accuracy,0.6774729026066983,0.01077591325119788
52.0,Chemprop (large),nr_er,balanced_accuracy,0.6774729026066983,0.01077591325119788
53.0,Chemprop (large),nr_er,balanced_accuracy,0.6774729026066983,0.010693514437309017
54.0,Chemprop (large),nr_er,balanced_accuracy,0.6774730009281545,0.01055441211547145
55.0,Chemprop (large),nr_er,balanced_accuracy,0.6775720106344487,0.010842152547023828
56.0,Chemprop (large),nr_er,balanced_accuracy,0.6774729026066983,0.010761061502303078
57.0,Chemprop (large),nr_er,balanced_accuracy,0.6767385789796592,0.009402633616081723
58.0,Chemprop (large),nr_er,balanced_accuracy,0.6761035600232825,0.009724997255085705
59.0,Chemprop (large),nr_er,balanced_accuracy,0.6767385789796593,0.009458662932919323
60.0,Chemprop (large),nr_er,balanced_accuracy,0.6767386773011153,0.008973028330191335
61.0,Chemprop (large),nr_er,balanced_accuracy,0.6760044519955322,0.010526164318013663
62.0,Chemprop (large),nr_er,balanced_accuracy,0.675905343967782,0.009589055312789675
63.0,Chemprop (large),nr_er,balanced_accuracy,0.6768378836503217,0.009239377238842507
64.0,Chemprop (large),nr_er,balanced_accuracy,0.6754686393883619,0.009886548410824527
65.0,Chemprop (large),nr_er,balanced_accuracy,0.6753695313606116,0.010008202930589415
66.0,Chemprop (large),nr_er,balanced_accuracy,0.6754686393883619,0.010163491803406338
67.0,Chemprop (large),nr_er,balanced_accuracy,0.6757659634716127,0.009080143813105896
68.0,Chemprop (large),nr_er,balanced_accuracy,0.6755677474161121,0.010097363187769628
69.0,Chemprop (large),nr_er,balanced_accuracy,0.6747343157613226,0.010271634186577332
70.0,Chemprop (large),nr_er,balanced_accuracy,0.6756669537653185,0.011040479194362419
71.0,Chemprop (large),nr_er,balanced_accuracy,0.6749325318168232,0.0101546490020623
72.0,Chemprop (large),nr_er,balanced_accuracy,0.675131042836692,0.011065863462729215
73.0,Chemprop (large),nr_er,balanced_accuracy,0.6733650714993629,0.011023818043660174
74.0,Chemprop (large),nr_er,balanced_accuracy,0.6743968175311089,0.011704883728044424
75.0,Chemprop (large),nr_er,balanced_accuracy,0.6727301508644422,0.011728111283625697
76.0,Chemprop (large),nr_er,balanced_accuracy,0.6734643761700253,0.013027646939931366
77.0,Chemprop (large),nr_er,balanced_accuracy,0.6727301508644422,0.010664917409847976
78.0,Chemprop (large),nr_er,balanced_accuracy,0.6727301508644422,0.010362307969664896
79.0,Chemprop (large),nr_er,balanced_accuracy,0.6711625922255258,0.009889626173055098
80.0,Chemprop (large),nr_er,balanced_accuracy,0.6702301508644422,0.010403646221613558
81.0,Chemprop (large),nr_er,balanced_accuracy,0.6720951319080655,0.009883556312762293
82.0,Chemprop (large),nr_er,balanced_accuracy,0.6702302491858984,0.010492687179783338
83.0,Chemprop (large),nr_er,balanced_accuracy,0.6702301508644422,0.010388262268709878
84.0,Chemprop (large),nr_er,balanced_accuracy,0.6703293572136486,0.010344447185321437
85.0,Chemprop (large),nr_er,balanced_accuracy,0.6695951319080654,0.008825270930769421
86.0,Chemprop (large),nr_er,balanced_accuracy,0.6696943382572719,0.008771411425436465
87.0,Chemprop (large),nr_er,balanced_accuracy,0.6681267796183554,0.01038819008900126
88.0,Chemprop (large),nr_er,balanced_accuracy,0.6679284652413988,0.01057255225966363
89.0,Chemprop (large),nr_er,balanced_accuracy,0.6681268779398115,0.01048675074398221
90.0,Chemprop (large),nr_er,balanced_accuracy,0.6671943382572718,0.011963662457548362
91.0,Chemprop (large),nr_er,balanced_accuracy,0.667590868689729,0.011977289931755031
92.0,Chemprop (large),nr_er,balanced_accuracy,0.6681267796183554,0.01038819008900126
93.0,Chemprop (large),nr_er,balanced_accuracy,0.668325093995312,0.011606456359721613
94.0,Chemprop (large),nr_er,balanced_accuracy,0.6691584273286454,0.011669351043521054
95.0,Chemprop (large),nr_er,balanced_accuracy,0.6684242020230623,0.011737481806327395
96.0,Chemprop (large),nr_er,balanced_accuracy,0.6682258876461057,0.01161886921285088
97.0,Chemprop (large),nr_er,balanced_accuracy,0.668325093995312,0.011648693890156764
98.0,Chemprop (large),nr_er,balanced_accuracy,0.6682259859675618,0.011515592187113939
99.0,Chemprop (large),nr_er,balanced_accuracy,0.668325093995312,0.011376518481953937
100.0,Chemprop (large),nr_er,balanced_accuracy,0.6682258876461057,0.011661061782778927
101.0,Chemprop (large),nr_er,balanced_accuracy,0.6684243003445184,0.011354093423574758
102.0,Chemprop (large),nr_er,balanced_accuracy,0.669059220979439,0.01164089142433046
103.0,Chemprop (large),nr_er,balanced_accuracy,0.6672934462850221,0.01099768286380441
104.0,Chemprop (large),nr_er,balanced_accuracy,0.6673925543127723,0.01105105851496749
105.0,Chemprop (large),nr_er,balanced_accuracy,0.6674916623405226,0.01110859956255955
106.0,Chemprop (large),nr_er,balanced_accuracy,0.6684242020230623,0.01173119135714799
107.0,Chemprop (large),nr_er,balanced_accuracy,0.6684242020230623,0.01173119135714799
108.0,Chemprop (large),nr_er,balanced_accuracy,0.6667575353563956,0.01272178832259839
109.0,Chemprop (large),nr_er,balanced_accuracy,0.6677890847452295,0.013318511667746785
110.0,Chemprop (large),nr_er,balanced_accuracy,0.6676900750389353,0.012856373860634814
111.0,Chemprop (large),nr_er,balanced_accuracy,0.6661225164000188,0.012512538302874177
112.0,Chemprop (large),nr_er,balanced_accuracy,0.6661225164000188,0.012390182568723918
113.0,Chemprop (large),nr_er,balanced_accuracy,0.6660234083722687,0.012361710886284724
114.0,Chemprop (large),nr_er,balanced_accuracy,0.6660234083722687,0.012586292439278252
115.0,Chemprop (large),nr_er,balanced_accuracy,0.6662217227492252,0.012743620090559
116.0,Chemprop (large),nr_er,balanced_accuracy,0.6663208307769755,0.012774123246248246
117.0,Chemprop (large),nr_er,balanced_accuracy,0.6664199388047257,0.012578012524233193
118.0,Chemprop (large),nr_er,balanced_accuracy,0.6663208307769755,0.012774123246248246
119.0,Chemprop (large),nr_er,balanced_accuracy,0.6673523801658093,0.012780838326797285
120.0,Chemprop (large),nr_er,balanced_accuracy,0.6654874974436421,0.012849250402999612
121.0,Chemprop (large),nr_er,balanced_accuracy,0.6667173612094326,0.012762523166898625
122.0,Chemprop (large),nr_er,balanced_accuracy,0.666519046832476,0.012939238801842771
123.0,Chemprop (large),nr_er,balanced_accuracy,0.6676498025705161,0.014198664371379833
124.0,Chemprop (large),nr_er,balanced_accuracy,0.6665189485110199,0.013826806276848227
125.0,Chemprop (large),nr_er,balanced_accuracy,0.6667173612094326,0.013840126506063487
126.0,Chemprop (large),nr_er,balanced_accuracy,0.66661805653877,0.014003122718376636
127.0,Chemprop (large),nr_er,balanced_accuracy,0.6658839295546432,0.014082925573324974
128.0,Chemprop (large),nr_er,balanced_accuracy,0.6668163709157267,0.014183738528416886
129.0,Chemprop (large),nr_er,balanced_accuracy,0.6661814502808061,0.014224253679154383
130.0,Chemprop (large),nr_er,balanced_accuracy,0.6669156755863892,0.014390483575477094
131.0,Chemprop (large),nr_er,balanced_accuracy,0.6660822439315998,0.013196823114062726
132.0,Chemprop (large),nr_er,balanced_accuracy,0.666915577264933,0.01458657057926921
133.0,Chemprop (large),nr_er,balanced_accuracy,0.6659831359038495,0.013130463002205344
134.0,Chemprop (large),nr_er,balanced_accuracy,0.6650505962213098,0.013517479056228666
135.0,Chemprop (large),nr_er,balanced_accuracy,0.6651498025705161,0.01350226256709614
136.0,Chemprop (large),nr_er,balanced_accuracy,0.6651497042490601,0.013590451688924697
137.0,Chemprop (large),nr_er,balanced_accuracy,0.6652489105982664,0.012748543741284174
138.0,Chemprop (large),nr_er,balanced_accuracy,0.6652490089197225,0.013725452430217083
139.0,Chemprop (large),nr_er,balanced_accuracy,0.6652489105982664,0.013574411631455553
140.0,Chemprop (large),nr_er,balanced_accuracy,0.664415577264933,0.012282551995142837
141.0,Chemprop (large),nr_er,balanced_accuracy,0.6648122060188463,0.0130813548628606
142.0,Chemprop (large),nr_er,balanced_accuracy,0.6646139899633458,0.013066557775141275
143.0,Chemprop (large),nr_er,balanced_accuracy,0.6648122060188463,0.012572315498223907
144.0,Chemprop (large),nr_er,balanced_accuracy,0.6654473232966791,0.0127259252149901
145.0,Chemprop (large),nr_er,balanced_accuracy,0.6655464313244294,0.012552374913920151
146.0,Chemprop (large),nr_er,balanced_accuracy,0.6638797646577628,0.011490626904536698
147.0,Chemprop (large),nr_er,balanced_accuracy,0.6638797646577628,0.013020152763703358
148.0,Chemprop (large),nr_er,balanced_accuracy,0.6645147836141394,0.01306779017934051
149.0,Chemprop (large),nr_er,balanced_accuracy,0.6637805583085563,0.013014395358224717
150.0,Chemprop (large),nr_er,balanced_accuracy,0.66368135195935,0.013012417688017029
151.0,Chemprop (large),nr_er,balanced_accuracy,0.6638796663363066,0.01286080885555081
152.0,Chemprop (large),nr_er,balanced_accuracy,0.6638797646577628,0.013020152763703358
153.0,Chemprop (large),nr_er,balanced_accuracy,0.6639787743640568,0.012709230752075147
154.0,Chemprop (large),nr_er,balanced_accuracy,0.6638797646577628,0.013020152763703358
155.0,Chemprop (large),nr_er,balanced_accuracy,0.6638797646577628,0.013020152763703358
156.0,Chemprop (large),nr_er,balanced_accuracy,0.6630464313244293,0.014388594003272727
157.0,Chemprop (large),nr_er,balanced_accuracy,0.6638796663363066,0.01286080885555081
158.0,Chemprop (large),nr_er,balanced_accuracy,0.6621137933204335,0.013088376432261071
159.0,Chemprop (large),nr_er,balanced_accuracy,0.6629471266537669,0.01165080830128888
160.0,Chemprop (large),nr_er,balanced_accuracy,0.6621137933204335,0.013088376432261071
161.0,Chemprop (large),nr_er,balanced_accuracy,0.6629471266537669,0.01165080830128888
162.0,Chemprop (large),nr_er,balanced_accuracy,0.6624113140465966,0.013152915191100178
163.0,Chemprop (large),nr_er,balanced_accuracy,0.6624113140465966,0.012056847038732771
164.0,Chemprop (large),nr_er,balanced_accuracy,0.6624113140465966,0.012056847038732771
165.0,Chemprop (large),nr_er,balanced_accuracy,0.6625103237528907,0.011746351179116415
166.0,Chemprop (large),nr_er,balanced_accuracy,0.6624112157251404,0.011889743731817438
167.0,Chemprop (large),nr_er,balanced_accuracy,0.6616769904195573,0.013020518333446938
168.0,Chemprop (large),nr_er,balanced_accuracy,0.6617761967687636,0.010384985752991458
169.0,Chemprop (large),nr_er,balanced_accuracy,0.6619744128242642,0.013023517192204261
170.0,Chemprop (large),nr_er,balanced_accuracy,0.6611410794909308,0.014447602090256573
171.0,Chemprop (large),nr_er,balanced_accuracy,0.6611411778123869,0.01435780310216659
172.0,Chemprop (large),nr_er,balanced_accuracy,0.6605061588560102,0.01495246143177124
173.0,Chemprop (large),nr_er,balanced_accuracy,0.6605061588560102,0.01495246143177124
174.0,Chemprop (large),nr_er,balanced_accuracy,0.6605061588560102,0.01495246143177124
175.0,Chemprop (large),nr_er,balanced_accuracy,0.6606053652052165,0.014988699780299788
176.0,Chemprop (large),nr_er,balanced_accuracy,0.6607044732329668,0.014824889418266412
177.0,Chemprop (large),nr_er,balanced_accuracy,0.6606053652052165,0.014782320675123318
178.0,Chemprop (large),nr_er,balanced_accuracy,0.6606053652052165,0.014988699780299788
179.0,Chemprop (large),nr_er,balanced_accuracy,0.6607044732329668,0.014824889418266412
180.0,Chemprop (large),nr_er,balanced_accuracy,0.6606053652052165,0.014988699780299788
181.0,Chemprop (large),nr_er,balanced_accuracy,0.6599702479273837,0.015736499210399612
182.0,Chemprop (large),nr_er,balanced_accuracy,0.6599702479273837,0.016397603382218934
183.0,Chemprop (large),nr_er,balanced_accuracy,0.6591369145940504,0.017036180623396117
184.0,Chemprop (large),nr_er,balanced_accuracy,0.6591369145940504,0.017036180623396117
185.0,Chemprop (large),nr_er,balanced_accuracy,0.6590378065663002,0.0169877224606071
186.0,Chemprop (large),nr_er,balanced_accuracy,0.6591369145940504,0.017036180623396117
187.0,Chemprop (large),nr_er,balanced_accuracy,0.6590378065663002,0.0169877224606071
188.0,Chemprop (large),nr_er,balanced_accuracy,0.6592360226218006,0.017190593963903544
189.0,Chemprop (large),nr_er,balanced_accuracy,0.6592360226218006,0.017190593963903544
190.0,Chemprop (large),nr_er,balanced_accuracy,0.6592360226218006,0.017190593963903544
191.0,Chemprop (large),nr_er,balanced_accuracy,0.6592360226218006,0.017190593963903544
192.0,Chemprop (large),nr_er,balanced_accuracy,0.6592360226218006,0.017190593963903544
193.0,Chemprop (large),nr_er,balanced_accuracy,0.6593351306495508,0.017031219358109684
194.0,Chemprop (large),nr_er,balanced_accuracy,0.6574701496059276,0.01563390981607833
195.0,Chemprop (large),nr_er,balanced_accuracy,0.6576683656614282,0.015312878406515353
196.0,Chemprop (large),nr_er,balanced_accuracy,0.6575692576336778,0.015472639678127802
197.0,Chemprop (large),nr_er,balanced_accuracy,0.6577675720106344,0.015225623844692837
198.0,Chemprop (large),nr_er,balanced_accuracy,0.6576683656614282,0.015312878406515353
199.0,Chemprop (large),nr_er,balanced_accuracy,0.6578667783598409,0.015287474495457176
200.0,Chemprop (large),nr_er,balanced_accuracy,0.6577675720106344,0.015375178204860125
1.0,Morgan,nr_er,balanced_accuracy,0.6792254235688329,0.016372019051445186
2.0,Morgan,nr_er,balanced_accuracy,0.6808936633787972,0.016507234130290968
3.0,Morgan,nr_er,balanced_accuracy,0.669333360863341,0.029337001053742474
4.0,Morgan,nr_er,balanced_accuracy,0.6743336558277093,0.030118360103563082
5.0,Morgan,nr_er,balanced_accuracy,0.651714018279925,0.03247030978995613
6.0,Morgan,nr_er,balanced_accuracy,0.6606018256327969,0.026400992318865894
7.0,Morgan,nr_er,balanced_accuracy,0.649133669985999,0.023339808490569575
8.0,Morgan,nr_er,balanced_accuracy,0.6483591722119968,0.023599988050419116
9.0,Morgan,nr_er,balanced_accuracy,0.6422871537118315,0.026776361847736563
10.0,Morgan,nr_er,balanced_accuracy,0.6396478715371183,0.026374538370405036
11.0,Morgan,nr_er,balanced_accuracy,0.6361157322195479,0.02877555805840699
12.0,Morgan,nr_er,balanced_accuracy,0.6382787255966147,0.02747819082487614
13.0,Morgan,nr_er,balanced_accuracy,0.6310760496798653,0.029956396283903668
14.0,Morgan,nr_er,balanced_accuracy,0.6310763446442337,0.02813095210882516
15.0,Morgan,nr_er,balanced_accuracy,0.6300041295011563,0.031040328614828215
16.0,Morgan,nr_er,balanced_accuracy,0.6265714914971605,0.03039220537722564
17.0,Morgan,nr_er,balanced_accuracy,0.6242698058741171,0.029591390183845226
18.0,Morgan,nr_er,balanced_accuracy,0.6205000629257319,0.028500618126872903
19.0,Morgan,nr_er,balanced_accuracy,0.6227615744018122,0.028683072163971677
20.0,Morgan,nr_er,balanced_accuracy,0.6225632600248556,0.028904852176424915
21.0,Morgan,nr_er,balanced_accuracy,0.617662368052606,0.027411409070182937
22.0,Morgan,nr_er,balanced_accuracy,0.6180590951279752,0.02410966534449049
23.0,Morgan,nr_er,balanced_accuracy,0.6143880669215159,0.022617670731638864
24.0,Morgan,nr_er,balanced_accuracy,0.6146853910047667,0.021559378021512577
25.0,Morgan,nr_er,balanced_accuracy,0.6091496767190523,0.025678198145640943
26.0,Morgan,nr_er,balanced_accuracy,0.6084156480563815,0.02217034188285158
27.0,Morgan,nr_er,balanced_accuracy,0.6055779531832555,0.022233254393743414
28.0,Morgan,nr_er,balanced_accuracy,0.602879737127755,0.02705773788797534
29.0,Morgan,nr_er,balanced_accuracy,0.5996455118221719,0.02457212206724661
30.0,Morgan,nr_er,balanced_accuracy,0.5991097975364577,0.027282869753926693
31.0,Morgan,nr_er,balanced_accuracy,0.5943083085563263,0.020756233863185654
32.0,Morgan,nr_er,balanced_accuracy,0.5959748769015369,0.024589129329128264
33.0,Morgan,nr_er,balanced_accuracy,0.5953398579451602,0.020437483034713065
34.0,Morgan,nr_er,balanced_accuracy,0.5950423372189972,0.022587862238419576
35.0,Morgan,nr_er,balanced_accuracy,0.5933756705523306,0.02419844965986751
36.0,Morgan,nr_er,balanced_accuracy,0.5929389659729105,0.022943701547891115
37.0,Morgan,nr_er,balanced_accuracy,0.5900422388975411,0.01900782574119864
38.0,Morgan,nr_er,balanced_accuracy,0.5905379756792046,0.01682743016259329
39.0,Morgan,nr_er,balanced_accuracy,0.5881369853854987,0.019272989334912324
40.0,Morgan,nr_er,balanced_accuracy,0.5865696233894945,0.021328209708712652
41.0,Morgan,nr_er,balanced_accuracy,0.5852003791275348,0.019491503462669903
42.0,Morgan,nr_er,balanced_accuracy,0.5828987918259474,0.019527465732153235
43.0,Morgan,nr_er,balanced_accuracy,0.5802004774489908,0.020600427914695164
44.0,Morgan,nr_er,balanced_accuracy,0.5811329188100745,0.017689655597862182
45.0,Morgan,nr_er,balanced_accuracy,0.5793671441156575,0.019655753727397324
46.0,Morgan,nr_er,balanced_accuracy,0.5796644681989083,0.01649923806749487
47.0,Morgan,nr_er,balanced_accuracy,0.5777995854767412,0.018048285511898566
48.0,Morgan,nr_er,balanced_accuracy,0.5789304395362374,0.017229133889124594
49.0,Morgan,nr_er,balanced_accuracy,0.5779979981751537,0.018536130114304845
50.0,Morgan,nr_er,balanced_accuracy,0.5781962142306543,0.018192845320965725
51.0,Morgan,nr_er,balanced_accuracy,0.5781962142306543,0.018719312269275982
52.0,Morgan,nr_er,balanced_accuracy,0.5782953222584044,0.01725541009812026
53.0,Morgan,nr_er,balanced_accuracy,0.5781961159091982,0.01892447600581864
54.0,Morgan,nr_er,balanced_accuracy,0.5776602049805717,0.018364050257474854
55.0,Morgan,nr_er,balanced_accuracy,0.5782953222584045,0.018888453738401118
56.0,Morgan,nr_er,balanced_accuracy,0.5768268716472383,0.017241416714547313
57.0,Morgan,nr_er,balanced_accuracy,0.5750610969528214,0.015459026058634324
58.0,Morgan,nr_er,balanced_accuracy,0.573493538313905,0.016408460748296137
59.0,Morgan,nr_er,balanced_accuracy,0.5732952239369484,0.016235690589359874
60.0,Morgan,nr_er,balanced_accuracy,0.5733944302861548,0.01614845607259288
61.0,Morgan,nr_er,balanced_accuracy,0.5725610969528214,0.015973485825225956
62.0,Morgan,nr_er,balanced_accuracy,0.5733944302861548,0.01614845607259288
63.0,Morgan,nr_er,balanced_accuracy,0.5717277636194881,0.017314566330762077
64.0,Morgan,nr_er,balanced_accuracy,0.5718268716472383,0.017443980697112352
65.0,Morgan,nr_er,balanced_accuracy,0.5719260779964447,0.017469340793431733
66.0,Morgan,nr_er,balanced_accuracy,0.5719260779964447,0.017469340793431733
67.0,Morgan,nr_er,balanced_accuracy,0.5710927446631114,0.016735840590352425
68.0,Morgan,nr_er,balanced_accuracy,0.5703586176789843,0.017420658929367446
69.0,Morgan,nr_er,balanced_accuracy,0.569525284345651,0.018237990436399995
70.0,Morgan,nr_er,balanced_accuracy,0.568791059040068,0.018095887374655416
71.0,Morgan,nr_er,balanced_accuracy,0.5652594113297781,0.016408051898524262
72.0,Morgan,nr_er,balanced_accuracy,0.5654576273852785,0.018473108660564078
73.0,Morgan,nr_er,balanced_accuracy,0.5635926463416553,0.017560136972186623
74.0,Morgan,nr_er,balanced_accuracy,0.564525186024195,0.01807508163028204
75.0,Morgan,nr_er,balanced_accuracy,0.5637910590400679,0.01748710478513022
76.0,Morgan,nr_er,balanced_accuracy,0.5622235004011515,0.017038608020715655
77.0,Morgan,nr_er,balanced_accuracy,0.562322805071814,0.016784738518820713
78.0,Morgan,nr_er,balanced_accuracy,0.5614894717384807,0.016848615640280427
79.0,Morgan,nr_er,balanced_accuracy,0.5615886780876871,0.016763104512019383
80.0,Morgan,nr_er,balanced_accuracy,0.5615885797662309,0.01702942310672642
81.0,Morgan,nr_er,balanced_accuracy,0.5606561384051474,0.015370640732854579
82.0,Morgan,nr_er,balanced_accuracy,0.5599219130995643,0.015139160576230135
83.0,Morgan,nr_er,balanced_accuracy,0.5599219130995643,0.0150544109491185
84.0,Morgan,nr_er,balanced_accuracy,0.559822706750358,0.01513592022191961
85.0,Morgan,nr_er,balanced_accuracy,0.5607552464328975,0.015459534428089977
86.0,Morgan,nr_er,balanced_accuracy,0.5600211194487705,0.015589792135034421
87.0,Morgan,nr_er,balanced_accuracy,0.5592869924646436,0.015116066569979663
88.0,Morgan,nr_er,balanced_accuracy,0.5601203257979769,0.01673318510232245
89.0,Morgan,nr_er,balanced_accuracy,0.55938619881385,0.015042957355569245
90.0,Morgan,nr_er,balanced_accuracy,0.5577195321471833,0.013178316334645066
91.0,Morgan,nr_er,balanced_accuracy,0.5577195321471833,0.013178316334645066
92.0,Morgan,nr_er,balanced_accuracy,0.5578187384963897,0.013171954756679866
93.0,Morgan,nr_er,balanced_accuracy,0.5561520718297229,0.012881652729203216
94.0,Morgan,nr_er,balanced_accuracy,0.555417944845596,0.014952541209122393
95.0,Morgan,nr_er,balanced_accuracy,0.5546837195400129,0.012712330987057045
96.0,Morgan,nr_er,balanced_accuracy,0.5522828275677631,0.013778389043749818
97.0,Morgan,nr_er,balanced_accuracy,0.5529178465241399,0.015307272210046756
98.0,Morgan,nr_er,balanced_accuracy,0.5530169545518901,0.01725695855917919
99.0,Morgan,nr_er,balanced_accuracy,0.5534135833058034,0.017028307956594695
100.0,Morgan,nr_er,balanced_accuracy,0.5518462213097991,0.017718075930729583
101.0,Morgan,nr_er,balanced_accuracy,0.5494453293375494,0.016863886540218784
102.0,Morgan,nr_er,balanced_accuracy,0.5519453293375494,0.017689205415680097
103.0,Morgan,nr_er,balanced_accuracy,0.5494453293375494,0.01759317106402446
104.0,Morgan,nr_er,balanced_accuracy,0.5502786626708828,0.01933595013931766
105.0,Morgan,nr_er,balanced_accuracy,0.548611996004216,0.017775542869733752
106.0,Morgan,nr_er,balanced_accuracy,0.546111996004216,0.015410268742707098
107.0,Morgan,nr_er,balanced_accuracy,0.5453777706986329,0.015626996432192956
108.0,Morgan,nr_er,balanced_accuracy,0.5445444373652997,0.016110127485638254
109.0,Morgan,nr_er,balanced_accuracy,0.5420444373652996,0.01870013084225859
110.0,Morgan,nr_er,balanced_accuracy,0.5412111040319664,0.017152918831172988
111.0,Morgan,nr_er,balanced_accuracy,0.5396436437145059,0.015207494810910252
112.0,Morgan,nr_er,balanced_accuracy,0.5380759867541334,0.01532453194022218
113.0,Morgan,nr_er,balanced_accuracy,0.535377770698633,0.016632888801895312
114.0,Morgan,nr_er,balanced_accuracy,0.5348418597700064,0.016871274891205754
115.0,Morgan,nr_er,balanced_accuracy,0.5307743994525461,0.01643095748085679
116.0,Morgan,nr_er,balanced_accuracy,0.5317067424921735,0.0192749590154692
117.0,Morgan,nr_er,balanced_accuracy,0.5274409677977567,0.01631225851498708
118.0,Morgan,nr_er,balanced_accuracy,0.5300400758255069,0.01908851714656816
119.0,Morgan,nr_er,balanced_accuracy,0.5258735074802964,0.015260441602281705
120.0,Morgan,nr_er,balanced_accuracy,0.521071821857253,0.010511998676729658
121.0,Morgan,nr_er,balanced_accuracy,0.5203375965516699,0.010008006261461134
122.0,Morgan,nr_er,balanced_accuracy,0.5170042632183366,0.009288146303198573
123.0,Morgan,nr_er,balanced_accuracy,0.5146033712460868,0.007331199139817073
124.0,Morgan,nr_er,balanced_accuracy,0.5137700379127534,0.007345239697432205
125.0,Morgan,nr_er,balanced_accuracy,0.5106349206349206,0.00610195665598295
126.0,Morgan,nr_er,balanced_accuracy,0.511468253968254,0.005218291689163026
127.0,Morgan,nr_er,balanced_accuracy,0.5099007936507937,0.006856156463813112
128.0,Morgan,nr_er,balanced_accuracy,0.508234126984127,0.005005744369659857
129.0,Morgan,nr_er,balanced_accuracy,0.5065674603174604,0.005463739583779121
130.0,Morgan,nr_er,balanced_accuracy,0.5057341269841269,0.0046902680371721656
131.0,Morgan,nr_er,balanced_accuracy,0.5057341269841269,0.0046902680371721656
132.0,Morgan,nr_er,balanced_accuracy,0.5049007936507937,0.0033727240770143594
133.0,Morgan,nr_er,balanced_accuracy,0.503234126984127,0.0034634242278721934
134.0,Morgan,nr_er,balanced_accuracy,0.503234126984127,0.0034634242278721934
135.0,Morgan,nr_er,balanced_accuracy,0.5024007936507936,0.0022009504864007705
136.0,Morgan,nr_er,balanced_accuracy,0.5024007936507936,0.0022009504864007705
137.0,Morgan,nr_er,balanced_accuracy,0.5024007936507936,0.0022009504864007705
138.0,Morgan,nr_er,balanced_accuracy,0.5016666666666667,0.002282177322938199
139.0,Morgan,nr_er,balanced_accuracy,0.5016666666666667,0.002282177322938199
140.0,Morgan,nr_er,balanced_accuracy,0.5016666666666667,0.002282177322938199
141.0,Morgan,nr_er,balanced_accuracy,0.5016666666666667,0.002282177322938199
142.0,Morgan,nr_er,balanced_accuracy,0.5016666666666667,0.002282177322938199
143.0,Morgan,nr_er,balanced_accuracy,0.5016666666666667,0.002282177322938199
144.0,Morgan,nr_er,balanced_accuracy,0.5016666666666667,0.002282177322938199
145.0,Morgan,nr_er,balanced_accuracy,0.5008333333333332,0.0018633899812498039
146.0,Morgan,nr_er,balanced_accuracy,0.5008333333333332,0.0018633899812498039
147.0,Morgan,nr_er,balanced_accuracy,0.5008333333333332,0.0018633899812498039
148.0,Morgan,nr_er,balanced_accuracy,0.5008333333333332,0.0018633899812498039
149.0,Morgan,nr_er,balanced_accuracy,0.5008333333333332,0.0018633899812498039
150.0,Morgan,nr_er,balanced_accuracy,0.5008333333333332,0.0018633899812498039
151.0,Morgan,nr_er,balanced_accuracy,0.5,0.0
152.0,Morgan,nr_er,balanced_accuracy,0.5,0.0
153.0,Morgan,nr_er,balanced_accuracy,0.5,0.0
154.0,Morgan,nr_er,balanced_accuracy,0.5,0.0
155.0,Morgan,nr_er,balanced_accuracy,0.5,0.0
156.0,Morgan,nr_er,balanced_accuracy,0.5,0.0
157.0,Morgan,nr_er,balanced_accuracy,0.5,0.0
158.0,Morgan,nr_er,balanced_accuracy,0.5,0.0
159.0,Morgan,nr_er,balanced_accuracy,0.5,0.0
160.0,Morgan,nr_er,balanced_accuracy,0.5,0.0
161.0,Morgan,nr_er,balanced_accuracy,0.5,0.0
162.0,Morgan,nr_er,balanced_accuracy,0.5,0.0
163.0,Morgan,nr_er,balanced_accuracy,0.5,0.0
164.0,Morgan,nr_er,balanced_accuracy,0.5,0.0
165.0,Morgan,nr_er,balanced_accuracy,0.5,0.0
166.0,Morgan,nr_er,balanced_accuracy,0.5,0.0
167.0,Morgan,nr_er,balanced_accuracy,0.5,0.0
168.0,Morgan,nr_er,balanced_accuracy,0.5,0.0
169.0,Morgan,nr_er,balanced_accuracy,0.5,0.0
170.0,Morgan,nr_er,balanced_accuracy,0.5,0.0
171.0,Morgan,nr_er,balanced_accuracy,0.5,0.0
172.0,Morgan,nr_er,balanced_accuracy,0.5,0.0
173.0,Morgan,nr_er,balanced_accuracy,0.5,0.0
174.0,Morgan,nr_er,balanced_accuracy,0.5,0.0
175.0,Morgan,nr_er,balanced_accuracy,0.5,0.0
176.0,Morgan,nr_er,balanced_accuracy,0.5,0.0
177.0,Morgan,nr_er,balanced_accuracy,0.5,0.0
178.0,Morgan,nr_er,balanced_accuracy,0.5,0.0
179.0,Morgan,nr_er,balanced_accuracy,0.5,0.0
180.0,Morgan,nr_er,balanced_accuracy,0.5,0.0
181.0,Morgan,nr_er,balanced_accuracy,0.5,0.0
182.0,Morgan,nr_er,balanced_accuracy,0.5,0.0
183.0,Morgan,nr_er,balanced_accuracy,0.5,0.0
184.0,Morgan,nr_er,balanced_accuracy,0.5,0.0
185.0,Morgan,nr_er,balanced_accuracy,0.5,0.0
186.0,Morgan,nr_er,balanced_accuracy,0.5,0.0
187.0,Morgan,nr_er,balanced_accuracy,0.5,0.0
188.0,Morgan,nr_er,balanced_accuracy,0.5,0.0
189.0,Morgan,nr_er,balanced_accuracy,0.5,0.0
190.0,Morgan,nr_er,balanced_accuracy,0.5,0.0
191.0,Morgan,nr_er,balanced_accuracy,0.5,0.0
192.0,Morgan,nr_er,balanced_accuracy,0.5,0.0
193.0,Morgan,nr_er,balanced_accuracy,0.5,0.0
194.0,Morgan,nr_er,balanced_accuracy,0.5,0.0
195.0,Morgan,nr_er,balanced_accuracy,0.5,0.0
196.0,Morgan,nr_er,balanced_accuracy,0.5,0.0
197.0,Morgan,nr_er,balanced_accuracy,0.5,0.0
198.0,Morgan,nr_er,balanced_accuracy,0.5,0.0
199.0,Morgan,nr_er,balanced_accuracy,0.5,0.0
200.0,Morgan,nr_er,balanced_accuracy,0.5,0.0
1.0,Mordred,nr_er,balanced_accuracy,0.6903967467396604,0.019530550678606283
2.0,Mordred,nr_er,balanced_accuracy,0.6903967467396604,0.019530550678606283
3.0,Mordred,nr_er,balanced_accuracy,0.6777473374549687,0.011943911558618119
4.0,Mordred,nr_er,balanced_accuracy,0.6823106328755486,0.012021757042222183
5.0,Mordred,nr_er,balanced_accuracy,0.6640549931568266,0.017692319182092457
6.0,Mordred,nr_er,balanced_accuracy,0.6710784093948117,0.015470682584053356
7.0,Mordred,nr_er,balanced_accuracy,0.653498356065254,0.015349926697450658
8.0,Mordred,nr_er,balanced_accuracy,0.6608590738905408,0.014858753497655683
9.0,Mordred,nr_er,balanced_accuracy,0.6546479698585744,0.009756099476330484
10.0,Mordred,nr_er,balanced_accuracy,0.6578821951641576,0.010815420310113845
11.0,Mordred,nr_er,balanced_accuracy,0.6470491567951925,0.008220144072003298
12.0,Mordred,nr_er,balanced_accuracy,0.644112157251404,0.009612723712307496
13.0,Mordred,nr_er,balanced_accuracy,0.64694985212453,0.010622945343744684
14.0,Mordred,nr_er,balanced_accuracy,0.6453821951641575,0.015911262506235112
15.0,Mordred,nr_er,balanced_accuracy,0.6463148331681532,0.01455027884489047
16.0,Mordred,nr_er,balanced_accuracy,0.6450446969339436,0.00785248768847094
17.0,Mordred,nr_er,balanced_accuracy,0.6458781285887332,0.010189083388207976
18.0,Mordred,nr_er,balanced_accuracy,0.6444097762990231,0.009350072150576476
19.0,Mordred,nr_er,balanced_accuracy,0.6413740620133088,0.011919034288277985
20.0,Mordred,nr_er,balanced_accuracy,0.6392704941243098,0.010214763629173826
21.0,Mordred,nr_er,balanced_accuracy,0.637603729136187,0.013721873352117487
22.0,Mordred,nr_er,balanced_accuracy,0.6371670245567669,0.014588570409938027
23.0,Mordred,nr_er,balanced_accuracy,0.6350049160728051,0.014059659013149109
24.0,Mordred,nr_er,balanced_accuracy,0.6352030338068495,0.016156092768716507
25.0,Mordred,nr_er,balanced_accuracy,0.6294690051441786,0.012980984303117818
26.0,Mordred,nr_er,balanced_accuracy,0.6280996625607627,0.011992814854548702
27.0,Mordred,nr_er,balanced_accuracy,0.6312346815171395,0.009666101422822935
28.0,Mordred,nr_er,balanced_accuracy,0.6265324972076707,0.010864490286846966
29.0,Mordred,nr_er,balanced_accuracy,0.6272663292274293,0.013113179761656935
30.0,Mordred,nr_er,balanced_accuracy,0.6254603803860495,0.011127281888482252
31.0,Mordred,nr_er,balanced_accuracy,0.624627047052716,0.013760862961083382
32.0,Mordred,nr_er,balanced_accuracy,0.623456215489169,0.012918462440001369
33.0,Mordred,nr_er,balanced_accuracy,0.6236945073701763,0.013514077650272122
34.0,Mordred,nr_er,balanced_accuracy,0.623456313810625,0.013155609560163812
35.0,Mordred,nr_er,balanced_accuracy,0.6249246661003351,0.014682168980121346
36.0,Mordred,nr_er,balanced_accuracy,0.620956313810625,0.012894489652781546
37.0,Mordred,nr_er,balanced_accuracy,0.6215911361240896,0.014749544433403866
38.0,Mordred,nr_er,balanced_accuracy,0.6176227838343795,0.014677992497708878
39.0,Mordred,nr_er,balanced_accuracy,0.6194877648780027,0.012738697707756146
40.0,Mordred,nr_er,balanced_accuracy,0.6167894505010462,0.0132250382417827
41.0,Mordred,nr_er,balanced_accuracy,0.6165912344455456,0.013937367373487178
42.0,Mordred,nr_er,balanced_accuracy,0.6142895488225022,0.01615742462229427
43.0,Mordred,nr_er,balanced_accuracy,0.6133569108185065,0.014278426488849897
44.0,Mordred,nr_er,balanced_accuracy,0.6111544315446694,0.015605064978246956
45.0,Mordred,nr_er,balanced_accuracy,0.6118887551717086,0.018161996597546335
46.0,Mordred,nr_er,balanced_accuracy,0.6085553235169192,0.01867294854664237
47.0,Mordred,nr_er,balanced_accuracy,0.6103212948542482,0.014936254936947089
48.0,Mordred,nr_er,balanced_accuracy,0.6068886568502525,0.015153098378029292
49.0,Mordred,nr_er,balanced_accuracy,0.6103210982113361,0.016884750534735173
50.0,Mordred,nr_er,balanced_accuracy,0.6052218918621297,0.015694546244731666
51.0,Mordred,nr_er,balanced_accuracy,0.6084560188462567,0.015582173028887633
52.0,Mordred,nr_er,balanced_accuracy,0.6064918314534271,0.01545133529520146
53.0,Mordred,nr_er,balanced_accuracy,0.6085550285525508,0.017377383330718164
54.0,Mordred,nr_er,balanced_accuracy,0.6059561171677128,0.015597379038210454
55.0,Mordred,nr_er,balanced_accuracy,0.60532099988988,0.016327465684346443
56.0,Mordred,nr_er,balanced_accuracy,0.6022851872827096,0.01751545523339848
57.0,Mordred,nr_er,balanced_accuracy,0.6019875682350906,0.016793689039350135
58.0,Mordred,nr_er,balanced_accuracy,0.6008166383500873,0.01710048847560204
59.0,Mordred,nr_er,balanced_accuracy,0.6001817177151667,0.016511840854177243
60.0,Mordred,nr_er,balanced_accuracy,0.6006776511397424,0.018955993659548125
61.0,Mordred,nr_er,balanced_accuracy,0.6005783464690799,0.016836980678627305
62.0,Mordred,nr_er,balanced_accuracy,0.6001418385325719,0.020915262452973177
63.0,Mordred,nr_er,balanced_accuracy,0.5954793367627857,0.01842383549985103
64.0,Mordred,nr_er,balanced_accuracy,0.5967093971714884,0.016589750227461914
65.0,Mordred,nr_er,balanced_accuracy,0.5956777494611984,0.0178349082548663
66.0,Mordred,nr_er,balanced_accuracy,0.5959751718659053,0.018206080326473518
67.0,Mordred,nr_er,balanced_accuracy,0.592641936854028,0.014888367467506157
68.0,Mordred,nr_er,balanced_accuracy,0.5927410448817783,0.01723265393334063
69.0,Mordred,nr_er,balanced_accuracy,0.5913717022983624,0.015981921676654923
70.0,Mordred,nr_er,balanced_accuracy,0.5913718989412746,0.017948895665418674
71.0,Mordred,nr_er,balanced_accuracy,0.5913717022983624,0.019768512301664477
72.0,Mordred,nr_er,balanced_accuracy,0.5897051339531518,0.020166985489523573
73.0,Mordred,nr_er,balanced_accuracy,0.5879392609372788,0.01826024761588331
74.0,Mordred,nr_er,balanced_accuracy,0.588038368965029,0.020056385953883784
75.0,Mordred,nr_er,balanced_accuracy,0.5862723976277,0.018389565271480737
76.0,Mordred,nr_er,balanced_accuracy,0.5864707120046565,0.019074542576769847
77.0,Mordred,nr_er,balanced_accuracy,0.5864708103261126,0.018369316247762817
78.0,Mordred,nr_er,balanced_accuracy,0.5856374769927792,0.019619223474675287
79.0,Mordred,nr_er,balanced_accuracy,0.5849032516871961,0.018832796347805564
80.0,Mordred,nr_er,balanced_accuracy,0.5851016643856088,0.02113369909307381
81.0,Mordred,nr_er,balanced_accuracy,0.5843674390800258,0.02023848802161279
82.0,Mordred,nr_er,balanced_accuracy,0.5853990867903157,0.019324130892400048
83.0,Mordred,nr_er,balanced_accuracy,0.5833946269290669,0.019441102845779743
84.0,Mordred,nr_er,balanced_accuracy,0.5849622838894395,0.022968646460254972
85.0,Mordred,nr_er,balanced_accuracy,0.5811921476552299,0.019690443262798885
86.0,Mordred,nr_er,balanced_accuracy,0.5803587160004404,0.01928534120764493
87.0,Mordred,nr_er,balanced_accuracy,0.5778588143218966,0.02068074542181289
88.0,Mordred,nr_er,balanced_accuracy,0.5777596079726902,0.020061815592250114
89.0,Mordred,nr_er,balanced_accuracy,0.5745254809885633,0.01609174408394074
90.0,Mordred,nr_er,balanced_accuracy,0.5739894717384806,0.019700571860946106
91.0,Mordred,nr_er,balanced_accuracy,0.5689895700599368,0.02168523062942353
92.0,Mordred,nr_er,balanced_accuracy,0.5706562367266035,0.02363940725392591
93.0,Mordred,nr_er,balanced_accuracy,0.5707553447543537,0.020921107183980738
94.0,Mordred,nr_er,balanced_accuracy,0.5717868941431875,0.022062715533674865
95.0,Mordred,nr_er,balanced_accuracy,0.5684536591313103,0.02032067421767931
96.0,Mordred,nr_er,balanced_accuracy,0.5678186401749336,0.019926191088032237
97.0,Mordred,nr_er,balanced_accuracy,0.5680170528733463,0.019426751695947986
98.0,Mordred,nr_er,balanced_accuracy,0.5673820339169695,0.01995746597242098
99.0,Mordred,nr_er,balanced_accuracy,0.5641478086113864,0.019711402385915056
100.0,Mordred,nr_er,balanced_accuracy,0.5600803482939261,0.01876103629057424
101.0,Mordred,nr_er,balanced_accuracy,0.5566478086113864,0.018422704092848373
102.0,Mordred,nr_er,balanced_accuracy,0.5599811419447198,0.01884844611782345
103.0,Mordred,nr_er,balanced_accuracy,0.5549811419447197,0.01912296412682938
104.0,Mordred,nr_er,balanced_accuracy,0.5541478086113865,0.016637831915917327
105.0,Mordred,nr_er,balanced_accuracy,0.5534135833058034,0.017020086187437142
106.0,Mordred,nr_er,balanced_accuracy,0.5544451326946371,0.0171361078206478
107.0,Mordred,nr_er,balanced_accuracy,0.5527784660279705,0.01633838866218014
108.0,Mordred,nr_er,balanced_accuracy,0.5520442407223873,0.01571224022862143
109.0,Mordred,nr_er,balanced_accuracy,0.552976682083471,0.016655760986522723
110.0,Mordred,nr_er,balanced_accuracy,0.5513100154168044,0.015305608792174165
111.0,Mordred,nr_er,balanced_accuracy,0.5513100154168044,0.015305608792174165
112.0,Mordred,nr_er,balanced_accuracy,0.5480758884326773,0.014930331958204817
113.0,Mordred,nr_er,balanced_accuracy,0.5481749964604277,0.015684924685835693
114.0,Mordred,nr_er,balanced_accuracy,0.5448416631270943,0.011496904179136833
115.0,Mordred,nr_er,balanced_accuracy,0.5440083297937609,0.014285022508335576
116.0,Mordred,nr_er,balanced_accuracy,0.543274202809634,0.01266090732840763
117.0,Mordred,nr_er,balanced_accuracy,0.5424408694763005,0.013125807692726093
118.0,Mordred,nr_er,balanced_accuracy,0.5425399775040509,0.011996454394905322
119.0,Mordred,nr_er,balanced_accuracy,0.5417066441707175,0.012565313104125399
120.0,Mordred,nr_er,balanced_accuracy,0.5401391838532572,0.014101528587346982
121.0,Mordred,nr_er,balanced_accuracy,0.5401391838532572,0.013067007739148501
122.0,Mordred,nr_er,balanced_accuracy,0.5393058505199239,0.013800815892734795
123.0,Mordred,nr_er,balanced_accuracy,0.5384725171865905,0.013748322608776785
124.0,Mordred,nr_er,balanced_accuracy,0.5384725171865905,0.013748322608776785
125.0,Mordred,nr_er,balanced_accuracy,0.5368058505199238,0.015331791664147262
126.0,Mordred,nr_er,balanced_accuracy,0.5351391838532572,0.011251551351779802
127.0,Mordred,nr_er,balanced_accuracy,0.5343058505199239,0.01043180364316424
128.0,Mordred,nr_er,balanced_accuracy,0.5319050568691301,0.011391180909873585
129.0,Mordred,nr_er,balanced_accuracy,0.5319050568691301,0.012214125601561135
130.0,Mordred,nr_er,balanced_accuracy,0.5310717235357969,0.011165809045194344
131.0,Mordred,nr_er,balanced_accuracy,0.5319050568691301,0.012214125601561135
132.0,Mordred,nr_er,balanced_accuracy,0.5319050568691301,0.011391180909873585
133.0,Mordred,nr_er,balanced_accuracy,0.5310717235357969,0.012234439523976712
134.0,Mordred,nr_er,balanced_accuracy,0.5303375965516699,0.011971191325367416
135.0,Mordred,nr_er,balanced_accuracy,0.5302383902024635,0.0119524762483348
136.0,Mordred,nr_er,balanced_accuracy,0.5302383902024635,0.0119524762483348
137.0,Mordred,nr_er,balanced_accuracy,0.5294050568691302,0.01296119322225824
138.0,Mordred,nr_er,balanced_accuracy,0.5286709298850033,0.011421562450175511
139.0,Mordred,nr_er,balanced_accuracy,0.52783759655167,0.01123733818348127
140.0,Mordred,nr_er,balanced_accuracy,0.52783759655167,0.01123733818348127
141.0,Mordred,nr_er,balanced_accuracy,0.52783759655167,0.01123733818348127
142.0,Mordred,nr_er,balanced_accuracy,0.5261709298850032,0.010469936714966101
143.0,Mordred,nr_er,balanced_accuracy,0.5255358126071703,0.0105128618170991
144.0,Mordred,nr_er,balanced_accuracy,0.5262700379127535,0.01034737912880026
145.0,Mordred,nr_er,balanced_accuracy,0.5255358126071703,0.012051659047933698
146.0,Mordred,nr_er,balanced_accuracy,0.5255358126071703,0.012051659047933698
147.0,Mordred,nr_er,balanced_accuracy,0.5247024792738371,0.010316404728248362
148.0,Mordred,nr_er,balanced_accuracy,0.5247024792738371,0.008849844117754831
149.0,Mordred,nr_er,balanced_accuracy,0.5230358126071704,0.0074997825223722895
150.0,Mordred,nr_er,balanced_accuracy,0.5239683522897101,0.007499832854884484
151.0,Mordred,nr_er,balanced_accuracy,0.5214683522897101,0.006806428758142579
152.0,Mordred,nr_er,balanced_accuracy,0.5206350189563768,0.00581046811452398
153.0,Mordred,nr_er,balanced_accuracy,0.5198016856230434,0.004526907922624183
154.0,Mordred,nr_er,balanced_accuracy,0.51896835228971,0.005522355209020092
155.0,Mordred,nr_er,balanced_accuracy,0.5182341269841271,0.004578778744339968
156.0,Mordred,nr_er,balanced_accuracy,0.518234225305583,0.004799115185728871
157.0,Mordred,nr_er,balanced_accuracy,0.5181350189563767,0.004626304848044841
158.0,Mordred,nr_er,balanced_accuracy,0.5181350189563767,0.004626304848044841
159.0,Mordred,nr_er,balanced_accuracy,0.5173016856230435,0.004387873116207764
160.0,Mordred,nr_er,balanced_accuracy,0.5173016856230435,0.004387873116207764
161.0,Mordred,nr_er,balanced_accuracy,0.5165674603174604,0.0027742324313709795
162.0,Mordred,nr_er,balanced_accuracy,0.5166666666666667,0.00294627825494398
163.0,Mordred,nr_er,balanced_accuracy,0.5165674603174604,0.0027742324313709795
164.0,Mordred,nr_er,balanced_accuracy,0.5165674603174604,0.0027742324313709795
165.0,Mordred,nr_er,balanced_accuracy,0.5149007936507937,0.0035343088614670157
166.0,Mordred,nr_er,balanced_accuracy,0.515734126984127,0.0033108772117541444
167.0,Mordred,nr_er,balanced_accuracy,0.5140674603174603,0.004578778744340004
168.0,Mordred,nr_er,balanced_accuracy,0.513234126984127,0.0033727240770144032
169.0,Mordred,nr_er,balanced_accuracy,0.5124007936507937,0.004046840883803811
170.0,Mordred,nr_er,balanced_accuracy,0.5108333333333334,0.003726779962499671
171.0,Mordred,nr_er,balanced_accuracy,0.5116666666666666,0.0034860834438919888
172.0,Mordred,nr_er,balanced_accuracy,0.51,0.004750730937913073
173.0,Mordred,nr_er,balanced_accuracy,0.5108333333333334,0.004750730937913073
174.0,Mordred,nr_er,balanced_accuracy,0.5108333333333334,0.004750730937913073
175.0,Mordred,nr_er,balanced_accuracy,0.5108333333333334,0.004750730937913073
176.0,Mordred,nr_er,balanced_accuracy,0.5083333333333333,0.006588078458684092
177.0,Mordred,nr_er,balanced_accuracy,0.5066666666666666,0.004750730937913081
178.0,Mordred,nr_er,balanced_accuracy,0.5066666666666666,0.004750730937913081
179.0,Mordred,nr_er,balanced_accuracy,0.5066666666666666,0.004750730937913081
180.0,Mordred,nr_er,balanced_accuracy,0.5066666666666666,0.004750730937913081
181.0,Mordred,nr_er,balanced_accuracy,0.5058333333333334,0.0047507309379130605
182.0,Mordred,nr_er,balanced_accuracy,0.5066666666666666,0.004750730937913081
183.0,Mordred,nr_er,balanced_accuracy,0.5058333333333334,0.0047507309379130605
184.0,Mordred,nr_er,balanced_accuracy,0.5058333333333334,0.0047507309379130605
185.0,Mordred,nr_er,balanced_accuracy,0.5058333333333334,0.0047507309379130605
186.0,Mordred,nr_er,balanced_accuracy,0.5058333333333334,0.0047507309379130605
187.0,Mordred,nr_er,balanced_accuracy,0.5058333333333334,0.0047507309379130605
188.0,Mordred,nr_er,balanced_accuracy,0.5041666666666667,0.00510310363079827
189.0,Mordred,nr_er,balanced_accuracy,0.5058333333333334,0.0047507309379130605
190.0,Mordred,nr_er,balanced_accuracy,0.5041666666666667,0.00510310363079827
191.0,Mordred,nr_er,balanced_accuracy,0.505,0.004564354645876354
192.0,Mordred,nr_er,balanced_accuracy,0.5033333333333333,0.00543266867100219
193.0,Mordred,nr_er,balanced_accuracy,0.5041666666666667,0.00510310363079827
194.0,Mordred,nr_er,balanced_accuracy,0.5025000000000001,0.0037267799624996394
195.0,Mordred,nr_er,balanced_accuracy,0.5025000000000001,0.0037267799624996394
196.0,Mordred,nr_er,balanced_accuracy,0.5016666666666667,0.002282177322938199
197.0,Mordred,nr_er,balanced_accuracy,0.5016666666666667,0.002282177322938199
198.0,Mordred,nr_er,balanced_accuracy,0.5016666666666667,0.002282177322938199
199.0,Mordred,nr_er,balanced_accuracy,0.5016666666666667,0.002282177322938199
200.0,Mordred,nr_er,balanced_accuracy,0.5016666666666667,0.002282177322938199
1.0,CheMeleon (fine-tuned),nr_er,sensitivity,0.48166666666666663,0.04385899122313588
2.0,CheMeleon (fine-tuned),nr_er,sensitivity,0.48166666666666663,0.04385899122313588
3.0,CheMeleon (fine-tuned),nr_er,sensitivity,0.49833333333333324,0.04617298392398356
4.0,CheMeleon (fine-tuned),nr_er,sensitivity,0.4966666666666667,0.0515724948225527
5.0,CheMeleon (fine-tuned),nr_er,sensitivity,0.5133333333333333,0.02862594006219611
6.0,CheMeleon (fine-tuned),nr_er,sensitivity,0.5149999999999999,0.027259045389660223
7.0,CheMeleon (fine-tuned),nr_er,sensitivity,0.5149999999999999,0.02595401917066242
8.0,CheMeleon (fine-tuned),nr_er,sensitivity,0.5183333333333333,0.02527625148017186
9.0,CheMeleon (fine-tuned),nr_er,sensitivity,0.5166666666666666,0.022821773229381944
10.0,CheMeleon (fine-tuned),nr_er,sensitivity,0.515,0.020749832663314562
11.0,CheMeleon (fine-tuned),nr_er,sensitivity,0.515,0.025954019170662382
12.0,CheMeleon (fine-tuned),nr_er,sensitivity,0.5199999999999999,0.02006932429798718
13.0,CheMeleon (fine-tuned),nr_er,sensitivity,0.5166666666666666,0.01863389981249826
14.0,CheMeleon (fine-tuned),nr_er,sensitivity,0.5166666666666666,0.017677669529663716
15.0,CheMeleon (fine-tuned),nr_er,sensitivity,0.5166666666666667,0.01767766952966369
16.0,CheMeleon (fine-tuned),nr_er,sensitivity,0.5183333333333333,0.018066236157232345
17.0,CheMeleon (fine-tuned),nr_er,sensitivity,0.52,0.01825741858350555
18.0,CheMeleon (fine-tuned),nr_er,sensitivity,0.52,0.018257418583505557
19.0,CheMeleon (fine-tuned),nr_er,sensitivity,0.5216666666666667,0.018257418583505543
20.0,CheMeleon (fine-tuned),nr_er,sensitivity,0.52,0.019184774055368916
21.0,CheMeleon (fine-tuned),nr_er,sensitivity,0.525,0.015590239111558105
22.0,CheMeleon (fine-tuned),nr_er,sensitivity,0.5233333333333333,0.014907119849998597
23.0,CheMeleon (fine-tuned),nr_er,sensitivity,0.5266666666666666,0.014907119849998622
24.0,CheMeleon (fine-tuned),nr_er,sensitivity,0.525,0.011785113019775799
25.0,CheMeleon (fine-tuned),nr_er,sensitivity,0.5233333333333333,0.012360330811826107
26.0,CheMeleon (fine-tuned),nr_er,sensitivity,0.5233333333333333,0.012360330811826102
27.0,CheMeleon (fine-tuned),nr_er,sensitivity,0.525,0.013176156917368237
28.0,CheMeleon (fine-tuned),nr_er,sensitivity,0.525,0.011785113019775799
29.0,CheMeleon (fine-tuned),nr_er,sensitivity,0.5233333333333333,0.012360330811826102
30.0,CheMeleon (fine-tuned),nr_er,sensitivity,0.5233333333333333,0.014907119849998615
31.0,CheMeleon (fine-tuned),nr_er,sensitivity,0.53,0.015138251770487441
32.0,CheMeleon (fine-tuned),nr_er,sensitivity,0.525,0.015590239111558091
33.0,CheMeleon (fine-tuned),nr_er,sensitivity,0.5266666666666666,0.014907119849998608
34.0,CheMeleon (fine-tuned),nr_er,sensitivity,0.5216666666666667,0.019184774055368906
35.0,CheMeleon (fine-tuned),nr_er,sensitivity,0.5283333333333333,0.0172803677944398
36.0,CheMeleon (fine-tuned),nr_er,sensitivity,0.5266666666666666,0.014907119849998571
37.0,CheMeleon (fine-tuned),nr_er,sensitivity,0.53,0.016244657241348284
38.0,CheMeleon (fine-tuned),nr_er,sensitivity,0.5266666666666666,0.014907119849998608
39.0,CheMeleon (fine-tuned),nr_er,sensitivity,0.53,0.016244657241348284
40.0,CheMeleon (fine-tuned),nr_er,sensitivity,0.53,0.016244657241348284
41.0,CheMeleon (fine-tuned),nr_er,sensitivity,0.5316666666666666,0.01806623615723235
42.0,CheMeleon (fine-tuned),nr_er,sensitivity,0.5316666666666666,0.01806623615723235
43.0,CheMeleon (fine-tuned),nr_er,sensitivity,0.5283333333333333,0.024008100484813305
44.0,CheMeleon (fine-tuned),nr_er,sensitivity,0.5283333333333333,0.019184774055368906
45.0,CheMeleon (fine-tuned),nr_er,sensitivity,0.5283333333333333,0.02173067468400885
46.0,CheMeleon (fine-tuned),nr_er,sensitivity,0.53,0.020916500663351906
47.0,CheMeleon (fine-tuned),nr_er,sensitivity,0.53,0.020916500663351906
48.0,CheMeleon (fine-tuned),nr_er,sensitivity,0.5283333333333333,0.019184774055368937
49.0,CheMeleon (fine-tuned),nr_er,sensitivity,0.5283333333333333,0.019184774055368937
50.0,CheMeleon (fine-tuned),nr_er,sensitivity,0.5283333333333333,0.019184774055368937
51.0,CheMeleon (fine-tuned),nr_er,sensitivity,0.5283333333333333,0.019184774055368937
52.0,CheMeleon (fine-tuned),nr_er,sensitivity,0.5283333333333333,0.019184774055368937
53.0,CheMeleon (fine-tuned),nr_er,sensitivity,0.5283333333333333,0.019184774055368937
54.0,CheMeleon (fine-tuned),nr_er,sensitivity,0.5283333333333333,0.019184774055368937
55.0,CheMeleon (fine-tuned),nr_er,sensitivity,0.53,0.01624465724134833
56.0,CheMeleon (fine-tuned),nr_er,sensitivity,0.53,0.01624465724134833
57.0,CheMeleon (fine-tuned),nr_er,sensitivity,0.5283333333333333,0.02173067468400885
58.0,CheMeleon (fine-tuned),nr_er,sensitivity,0.5283333333333333,0.02173067468400885
59.0,CheMeleon (fine-tuned),nr_er,sensitivity,0.5283333333333333,0.02173067468400885
60.0,CheMeleon (fine-tuned),nr_er,sensitivity,0.5283333333333333,0.02173067468400885
61.0,CheMeleon (fine-tuned),nr_er,sensitivity,0.53,0.01918477405536892
62.0,CheMeleon (fine-tuned),nr_er,sensitivity,0.53,0.01918477405536892
63.0,CheMeleon (fine-tuned),nr_er,sensitivity,0.53,0.01918477405536892
64.0,CheMeleon (fine-tuned),nr_er,sensitivity,0.53,0.01918477405536892
65.0,CheMeleon (fine-tuned),nr_er,sensitivity,0.53,0.01918477405536892
66.0,CheMeleon (fine-tuned),nr_er,sensitivity,0.53,0.01918477405536892
67.0,CheMeleon (fine-tuned),nr_er,sensitivity,0.53,0.01918477405536892
68.0,CheMeleon (fine-tuned),nr_er,sensitivity,0.5316666666666666,0.01806623615723235
69.0,CheMeleon (fine-tuned),nr_er,sensitivity,0.53,0.01918477405536892
70.0,CheMeleon (fine-tuned),nr_er,sensitivity,0.53,0.01918477405536892
71.0,CheMeleon (fine-tuned),nr_er,sensitivity,0.5283333333333333,0.020069324297987183
72.0,CheMeleon (fine-tuned),nr_er,sensitivity,0.53,0.01918477405536892
73.0,CheMeleon (fine-tuned),nr_er,sensitivity,0.53,0.01918477405536892
74.0,CheMeleon (fine-tuned),nr_er,sensitivity,0.53,0.01918477405536892
75.0,CheMeleon (fine-tuned),nr_er,sensitivity,0.53,0.01918477405536892
76.0,CheMeleon (fine-tuned),nr_er,sensitivity,0.5316666666666666,0.01806623615723235
77.0,CheMeleon (fine-tuned),nr_er,sensitivity,0.5316666666666666,0.01806623615723235
78.0,CheMeleon (fine-tuned),nr_er,sensitivity,0.5316666666666666,0.01806623615723235
79.0,CheMeleon (fine-tuned),nr_er,sensitivity,0.5316666666666666,0.01806623615723235
80.0,CheMeleon (fine-tuned),nr_er,sensitivity,0.5316666666666666,0.01806623615723235
81.0,CheMeleon (fine-tuned),nr_er,sensitivity,0.5316666666666666,0.01806623615723235
82.0,CheMeleon (fine-tuned),nr_er,sensitivity,0.5316666666666666,0.01806623615723235
83.0,CheMeleon (fine-tuned),nr_er,sensitivity,0.5316666666666666,0.01806623615723235
84.0,CheMeleon (fine-tuned),nr_er,sensitivity,0.5316666666666666,0.01806623615723235
85.0,CheMeleon (fine-tuned),nr_er,sensitivity,0.5316666666666666,0.01806623615723235
86.0,CheMeleon (fine-tuned),nr_er,sensitivity,0.5316666666666666,0.01806623615723235
87.0,CheMeleon (fine-tuned),nr_er,sensitivity,0.5316666666666666,0.01806623615723235
88.0,CheMeleon (fine-tuned),nr_er,sensitivity,0.5316666666666666,0.01806623615723235
89.0,CheMeleon (fine-tuned),nr_er,sensitivity,0.5316666666666666,0.01806623615723235
90.0,CheMeleon (fine-tuned),nr_er,sensitivity,0.53,0.01918477405536892
91.0,CheMeleon (fine-tuned),nr_er,sensitivity,0.5316666666666666,0.01806623615723235
92.0,CheMeleon (fine-tuned),nr_er,sensitivity,0.53,0.01918477405536892
93.0,CheMeleon (fine-tuned),nr_er,sensitivity,0.5316666666666666,0.019002923751652315
94.0,CheMeleon (fine-tuned),nr_er,sensitivity,0.53,0.01918477405536892
95.0,CheMeleon (fine-tuned),nr_er,sensitivity,0.53,0.017280367794439772
96.0,CheMeleon (fine-tuned),nr_er,sensitivity,0.53,0.01918477405536892
97.0,CheMeleon (fine-tuned),nr_er,sensitivity,0.5333333333333334,0.01767766952966372
98.0,CheMeleon (fine-tuned),nr_er,sensitivity,0.5316666666666666,0.01806623615723235
99.0,CheMeleon (fine-tuned),nr_er,sensitivity,0.5316666666666666,0.01806623615723235
100.0,CheMeleon (fine-tuned),nr_er,sensitivity,0.5316666666666666,0.01806623615723235
101.0,CheMeleon (fine-tuned),nr_er,sensitivity,0.5333333333333334,0.01767766952966372
102.0,CheMeleon (fine-tuned),nr_er,sensitivity,0.5316666666666666,0.01806623615723235
103.0,CheMeleon (fine-tuned),nr_er,sensitivity,0.5333333333333334,0.01767766952966372
104.0,CheMeleon (fine-tuned),nr_er,sensitivity,0.53,0.01918477405536892
105.0,CheMeleon (fine-tuned),nr_er,sensitivity,0.5333333333333334,0.01767766952966372
106.0,CheMeleon (fine-tuned),nr_er,sensitivity,0.53,0.01918477405536892
107.0,CheMeleon (fine-tuned),nr_er,sensitivity,0.5333333333333334,0.020412414523193173
108.0,CheMeleon (fine-tuned),nr_er,sensitivity,0.5316666666666666,0.01806623615723235
109.0,CheMeleon (fine-tuned),nr_er,sensitivity,0.5333333333333334,0.020412414523193173
110.0,CheMeleon (fine-tuned),nr_er,sensitivity,0.53,0.01918477405536892
111.0,CheMeleon (fine-tuned),nr_er,sensitivity,0.5316666666666666,0.01806623615723235
112.0,CheMeleon (fine-tuned),nr_er,sensitivity,0.5333333333333334,0.01767766952966372
113.0,CheMeleon (fine-tuned),nr_er,sensitivity,0.5316666666666666,0.01806623615723235
114.0,CheMeleon (fine-tuned),nr_er,sensitivity,0.5333333333333334,0.01767766952966372
115.0,CheMeleon (fine-tuned),nr_er,sensitivity,0.5316666666666666,0.01806623615723235
116.0,CheMeleon (fine-tuned),nr_er,sensitivity,0.5333333333333334,0.01767766952966372
117.0,CheMeleon (fine-tuned),nr_er,sensitivity,0.5316666666666666,0.020749832663314566
118.0,CheMeleon (fine-tuned),nr_er,sensitivity,0.5333333333333334,0.01767766952966372
119.0,CheMeleon (fine-tuned),nr_er,sensitivity,0.53,0.020916500663351906
120.0,CheMeleon (fine-tuned),nr_er,sensitivity,0.5333333333333334,0.01767766952966372
121.0,CheMeleon (fine-tuned),nr_er,sensitivity,0.53,0.020916500663351906
122.0,CheMeleon (fine-tuned),nr_er,sensitivity,0.5283333333333333,0.02173067468400885
123.0,CheMeleon (fine-tuned),nr_er,sensitivity,0.5283333333333333,0.02173067468400885
124.0,CheMeleon (fine-tuned),nr_er,sensitivity,0.5283333333333333,0.02173067468400885
125.0,CheMeleon (fine-tuned),nr_er,sensitivity,0.5283333333333333,0.02173067468400885
126.0,CheMeleon (fine-tuned),nr_er,sensitivity,0.5283333333333333,0.02173067468400885
127.0,CheMeleon (fine-tuned),nr_er,sensitivity,0.5283333333333333,0.02173067468400885
128.0,CheMeleon (fine-tuned),nr_er,sensitivity,0.5283333333333333,0.02173067468400885
129.0,CheMeleon (fine-tuned),nr_er,sensitivity,0.53,0.01918477405536892
130.0,CheMeleon (fine-tuned),nr_er,sensitivity,0.5283333333333333,0.02173067468400885
131.0,CheMeleon (fine-tuned),nr_er,sensitivity,0.5283333333333333,0.02173067468400885
132.0,CheMeleon (fine-tuned),nr_er,sensitivity,0.53,0.020916500663351906
133.0,CheMeleon (fine-tuned),nr_er,sensitivity,0.5316666666666666,0.01806623615723235
134.0,CheMeleon (fine-tuned),nr_er,sensitivity,0.5316666666666666,0.01806623615723235
135.0,CheMeleon (fine-tuned),nr_er,sensitivity,0.5316666666666666,0.01806623615723235
136.0,CheMeleon (fine-tuned),nr_er,sensitivity,0.53,0.020916500663351906
137.0,CheMeleon (fine-tuned),nr_er,sensitivity,0.53,0.020916500663351906
138.0,CheMeleon (fine-tuned),nr_er,sensitivity,0.53,0.020916500663351906
139.0,CheMeleon (fine-tuned),nr_er,sensitivity,0.53,0.020916500663351906
140.0,CheMeleon (fine-tuned),nr_er,sensitivity,0.53,0.020916500663351906
141.0,CheMeleon (fine-tuned),nr_er,sensitivity,0.53,0.020916500663351906
142.0,CheMeleon (fine-tuned),nr_er,sensitivity,0.53,0.020916500663351906
143.0,CheMeleon (fine-tuned),nr_er,sensitivity,0.53,0.020916500663351906
144.0,CheMeleon (fine-tuned),nr_er,sensitivity,0.53,0.020916500663351906
145.0,CheMeleon (fine-tuned),nr_er,sensitivity,0.53,0.020916500663351906
146.0,CheMeleon (fine-tuned),nr_er,sensitivity,0.5283333333333333,0.024008100484813305
147.0,CheMeleon (fine-tuned),nr_er,sensitivity,0.53,0.020916500663351906
148.0,CheMeleon (fine-tuned),nr_er,sensitivity,0.5283333333333333,0.024008100484813305
149.0,CheMeleon (fine-tuned),nr_er,sensitivity,0.5316666666666666,0.01806623615723235
150.0,CheMeleon (fine-tuned),nr_er,sensitivity,0.53,0.020916500663351906
151.0,CheMeleon (fine-tuned),nr_er,sensitivity,0.53,0.020916500663351906
152.0,CheMeleon (fine-tuned),nr_er,sensitivity,0.5283333333333333,0.024008100484813305
153.0,CheMeleon (fine-tuned),nr_er,sensitivity,0.53,0.020916500663351906
154.0,CheMeleon (fine-tuned),nr_er,sensitivity,0.53,0.020916500663351906
155.0,CheMeleon (fine-tuned),nr_er,sensitivity,0.53,0.020916500663351906
156.0,CheMeleon (fine-tuned),nr_er,sensitivity,0.53,0.020916500663351906
157.0,CheMeleon (fine-tuned),nr_er,sensitivity,0.53,0.020916500663351906
158.0,CheMeleon (fine-tuned),nr_er,sensitivity,0.53,0.020916500663351906
159.0,CheMeleon (fine-tuned),nr_er,sensitivity,0.5316666666666666,0.01806623615723235
160.0,CheMeleon (fine-tuned),nr_er,sensitivity,0.53,0.01918477405536892
161.0,CheMeleon (fine-tuned),nr_er,sensitivity,0.5316666666666666,0.01806623615723235
162.0,CheMeleon (fine-tuned),nr_er,sensitivity,0.5316666666666666,0.01806623615723235
163.0,CheMeleon (fine-tuned),nr_er,sensitivity,0.5316666666666666,0.01806623615723235
164.0,CheMeleon (fine-tuned),nr_er,sensitivity,0.53,0.01918477405536892
165.0,CheMeleon (fine-tuned),nr_er,sensitivity,0.53,0.01918477405536892
166.0,CheMeleon (fine-tuned),nr_er,sensitivity,0.5316666666666666,0.019002923751652315
167.0,CheMeleon (fine-tuned),nr_er,sensitivity,0.5316666666666666,0.019002923751652315
168.0,CheMeleon (fine-tuned),nr_er,sensitivity,0.53,0.02173067468400884
169.0,CheMeleon (fine-tuned),nr_er,sensitivity,0.5333333333333334,0.01767766952966372
170.0,CheMeleon (fine-tuned),nr_er,sensitivity,0.5283333333333333,0.02472066162365228
171.0,CheMeleon (fine-tuned),nr_er,sensitivity,0.5283333333333333,0.02472066162365228
172.0,CheMeleon (fine-tuned),nr_er,sensitivity,0.5283333333333333,0.02472066162365228
173.0,CheMeleon (fine-tuned),nr_er,sensitivity,0.53,0.02173067468400884
174.0,CheMeleon (fine-tuned),nr_er,sensitivity,0.53,0.02173067468400884
175.0,CheMeleon (fine-tuned),nr_er,sensitivity,0.5283333333333333,0.02173067468400885
176.0,CheMeleon (fine-tuned),nr_er,sensitivity,0.5283333333333333,0.02472066162365228
177.0,CheMeleon (fine-tuned),nr_er,sensitivity,0.5333333333333334,0.022821773229381937
178.0,CheMeleon (fine-tuned),nr_er,sensitivity,0.53,0.02173067468400884
179.0,CheMeleon (fine-tuned),nr_er,sensitivity,0.5316666666666666,0.023863035105460586
180.0,CheMeleon (fine-tuned),nr_er,sensitivity,0.5266666666666666,0.023124061542519392
181.0,CheMeleon (fine-tuned),nr_er,sensitivity,0.5266666666666666,0.021570298509241345
182.0,CheMeleon (fine-tuned),nr_er,sensitivity,0.5266666666666666,0.021570298509241345
183.0,CheMeleon (fine-tuned),nr_er,sensitivity,0.53,0.022515426810177198
184.0,CheMeleon (fine-tuned),nr_er,sensitivity,0.5266666666666666,0.023124061542519392
185.0,CheMeleon (fine-tuned),nr_er,sensitivity,0.5283333333333333,0.020069324297987187
186.0,CheMeleon (fine-tuned),nr_er,sensitivity,0.5283333333333333,0.020069324297987187
187.0,CheMeleon (fine-tuned),nr_er,sensitivity,0.53,0.022515426810177198
188.0,CheMeleon (fine-tuned),nr_er,sensitivity,0.53,0.022515426810177198
189.0,CheMeleon (fine-tuned),nr_er,sensitivity,0.53,0.022515426810177198
190.0,CheMeleon (fine-tuned),nr_er,sensitivity,0.5283333333333333,0.024008100484813246
191.0,CheMeleon (fine-tuned),nr_er,sensitivity,0.5283333333333333,0.021730674684008862
192.0,CheMeleon (fine-tuned),nr_er,sensitivity,0.5283333333333333,0.024008100484813246
193.0,CheMeleon (fine-tuned),nr_er,sensitivity,0.5266666666666666,0.02312406154251939
194.0,CheMeleon (fine-tuned),nr_er,sensitivity,0.525,0.025685058345704122
195.0,CheMeleon (fine-tuned),nr_er,sensitivity,0.5266666666666666,0.02312406154251939
196.0,CheMeleon (fine-tuned),nr_er,sensitivity,0.5266666666666666,0.02312406154251939
197.0,CheMeleon (fine-tuned),nr_er,sensitivity,0.5266666666666666,0.02312406154251939
198.0,CheMeleon (fine-tuned),nr_er,sensitivity,0.5283333333333333,0.024008100484813246
199.0,CheMeleon (fine-tuned),nr_er,sensitivity,0.5283333333333333,0.024008100484813246
200.0,CheMeleon (fine-tuned),nr_er,sensitivity,0.5266666666666666,0.021570298509241345
1.0,Chemprop (default),nr_er,sensitivity,0.4066666666666666,0.03405469456950428
2.0,Chemprop (default),nr_er,sensitivity,0.4066666666666666,0.03405469456950428
3.0,Chemprop (default),nr_er,sensitivity,0.3866666666666666,0.004564354645876366
4.0,Chemprop (default),nr_er,sensitivity,0.39166666666666666,0.008333333333333363
5.0,Chemprop (default),nr_er,sensitivity,0.3683333333333333,0.01602948671805946
6.0,Chemprop (default),nr_er,sensitivity,0.37499999999999994,0.013176156917368266
7.0,Chemprop (default),nr_er,sensitivity,0.3583333333333333,0.019543398999264286
8.0,Chemprop (default),nr_er,sensitivity,0.3583333333333333,0.011785113019775799
9.0,Chemprop (default),nr_er,sensitivity,0.3516666666666667,0.019895560643855534
10.0,Chemprop (default),nr_er,sensitivity,0.3483333333333333,0.016029486718059423
11.0,Chemprop (default),nr_er,sensitivity,0.33999999999999997,0.010865337342004412
12.0,Chemprop (default),nr_er,sensitivity,0.3366666666666666,0.007453559924999297
13.0,Chemprop (default),nr_er,sensitivity,0.33499999999999996,0.014907119849998601
14.0,Chemprop (default),nr_er,sensitivity,0.3333333333333333,0.013176156917368273
15.0,Chemprop (default),nr_er,sensitivity,0.32333333333333336,0.023124061542519354
16.0,Chemprop (default),nr_er,sensitivity,0.32999999999999996,0.023273733406281572
17.0,Chemprop (default),nr_er,sensitivity,0.32499999999999996,0.02041241452319317
18.0,Chemprop (default),nr_er,sensitivity,0.3233333333333333,0.021570298509241324
19.0,Chemprop (default),nr_er,sensitivity,0.3183333333333333,0.014907119849998603
20.0,Chemprop (default),nr_er,sensitivity,0.31666666666666665,0.019543398999264293
21.0,Chemprop (default),nr_er,sensitivity,0.315,0.021570298509241314
22.0,Chemprop (default),nr_er,sensitivity,0.31333333333333335,0.019184774055368885
23.0,Chemprop (default),nr_er,sensitivity,0.30833333333333335,0.015590239111558095
24.0,Chemprop (default),nr_er,sensitivity,0.31333333333333335,0.01728036779443976
25.0,Chemprop (default),nr_er,sensitivity,0.315,0.01602948671805945
26.0,Chemprop (default),nr_er,sensitivity,0.315,0.027259045389660196
27.0,Chemprop (default),nr_er,sensitivity,0.3083333333333333,0.019543398999264286
28.0,Chemprop (default),nr_er,sensitivity,0.30999999999999994,0.02457980200625438
29.0,Chemprop (default),nr_er,sensitivity,0.31,0.020749832663314545
30.0,Chemprop (default),nr_er,sensitivity,0.30666666666666664,0.02595401917066237
31.0,Chemprop (default),nr_er,sensitivity,0.305,0.028625940062196126
32.0,Chemprop (default),nr_er,sensitivity,0.3,0.03333333333333332
33.0,Chemprop (default),nr_er,sensitivity,0.30166666666666664,0.023124061542519357
34.0,Chemprop (default),nr_er,sensitivity,0.29666666666666663,0.025413251136628165
35.0,Chemprop (default),nr_er,sensitivity,0.29333333333333333,0.026614532371118868
36.0,Chemprop (default),nr_er,sensitivity,0.29499999999999993,0.026087459737497536
37.0,Chemprop (default),nr_er,sensitivity,0.29666666666666663,0.025413251136628148
38.0,Chemprop (default),nr_er,sensitivity,0.2933333333333333,0.025276251480171825
39.0,Chemprop (default),nr_er,sensitivity,0.285,0.029107081994288277
40.0,Chemprop (default),nr_er,sensitivity,0.2899999999999999,0.030276503540974883
41.0,Chemprop (default),nr_er,sensitivity,0.285,0.033019354593598234
42.0,Chemprop (default),nr_er,sensitivity,0.2866666666666666,0.03039097088135075
43.0,Chemprop (default),nr_er,sensitivity,0.2883333333333333,0.032058973436118875
44.0,Chemprop (default),nr_er,sensitivity,0.2866666666666666,0.03039097088135075
45.0,Chemprop (default),nr_er,sensitivity,0.2866666666666666,0.03039097088135075
46.0,Chemprop (default),nr_er,sensitivity,0.2866666666666666,0.03515837184954832
47.0,Chemprop (default),nr_er,sensitivity,0.29,0.03027650354097492
48.0,Chemprop (default),nr_er,sensitivity,0.2833333333333333,0.02700308624336607
49.0,Chemprop (default),nr_er,sensitivity,0.2833333333333333,0.027003086243366073
50.0,Chemprop (default),nr_er,sensitivity,0.285,0.02457980200625437
51.0,Chemprop (default),nr_er,sensitivity,0.2833333333333333,0.02357022603955158
52.0,Chemprop (default),nr_er,sensitivity,0.2833333333333333,0.022821773229381923
53.0,Chemprop (default),nr_er,sensitivity,0.285,0.021570298509241307
54.0,Chemprop (default),nr_er,sensitivity,0.27999999999999997,0.02400810048481321
55.0,Chemprop (default),nr_er,sensitivity,0.2816666666666666,0.021570298509241304
56.0,Chemprop (default),nr_er,sensitivity,0.2783333333333333,0.02327373340628156
57.0,Chemprop (default),nr_er,sensitivity,0.2816666666666666,0.0190029237516523
58.0,Chemprop (default),nr_er,sensitivity,0.2816666666666666,0.023124061542519336
59.0,Chemprop (default),nr_er,sensitivity,0.27999999999999997,0.02541325113662816
60.0,Chemprop (default),nr_er,sensitivity,0.2783333333333333,0.027386127875258282
61.0,Chemprop (default),nr_er,sensitivity,0.275,0.029462782549439483
62.0,Chemprop (default),nr_er,sensitivity,0.2733333333333333,0.03140240613569463
63.0,Chemprop (default),nr_er,sensitivity,0.2733333333333333,0.025954019170662417
64.0,Chemprop (default),nr_er,sensitivity,0.2733333333333333,0.02527625148017183
65.0,Chemprop (default),nr_er,sensitivity,0.27666666666666667,0.019895560643855538
66.0,Chemprop (default),nr_er,sensitivity,0.2733333333333333,0.023863035105460603
67.0,Chemprop (default),nr_er,sensitivity,0.2733333333333333,0.02157029850924133
68.0,Chemprop (default),nr_er,sensitivity,0.275,0.020412414523193173
69.0,Chemprop (default),nr_er,sensitivity,0.2733333333333333,0.02457980200625438
70.0,Chemprop (default),nr_er,sensitivity,0.2733333333333333,0.021570298509241314
71.0,Chemprop (default),nr_er,sensitivity,0.27166666666666667,0.026087459737497546
72.0,Chemprop (default),nr_er,sensitivity,0.26999999999999996,0.022515426810177187
73.0,Chemprop (default),nr_er,sensitivity,0.2733333333333333,0.02074983266331457
74.0,Chemprop (default),nr_er,sensitivity,0.275,0.017677669529663702
75.0,Chemprop (default),nr_er,sensitivity,0.2733333333333333,0.02074983266331457
76.0,Chemprop (default),nr_er,sensitivity,0.265,0.024579802006254394
77.0,Chemprop (default),nr_er,sensitivity,0.265,0.024579802006254394
78.0,Chemprop (default),nr_er,sensitivity,0.26666666666666666,0.02429563289518877
79.0,Chemprop (default),nr_er,sensitivity,0.2616666666666666,0.024720661623652218
80.0,Chemprop (default),nr_er,sensitivity,0.25999999999999995,0.026614532371118858
81.0,Chemprop (default),nr_er,sensitivity,0.2616666666666666,0.024720661623652215
82.0,Chemprop (default),nr_er,sensitivity,0.2583333333333333,0.027638539919628332
83.0,Chemprop (default),nr_er,sensitivity,0.2616666666666666,0.022515426810177173
84.0,Chemprop (default),nr_er,sensitivity,0.2583333333333333,0.02500000000000001
85.0,Chemprop (default),nr_er,sensitivity,0.25666666666666665,0.027259045389660216
86.0,Chemprop (default),nr_er,sensitivity,0.2583333333333333,0.02700308624336609
87.0,Chemprop (default),nr_er,sensitivity,0.2616666666666666,0.02472066162365222
88.0,Chemprop (default),nr_er,sensitivity,0.25999999999999995,0.02157029850924133
89.0,Chemprop (default),nr_er,sensitivity,0.2583333333333333,0.027003086243366087
90.0,Chemprop (default),nr_er,sensitivity,0.2583333333333333,0.021245914639969964
91.0,Chemprop (default),nr_er,sensitivity,0.25999999999999995,0.025276251480171843
92.0,Chemprop (default),nr_er,sensitivity,0.2583333333333333,0.021245914639969964
93.0,Chemprop (default),nr_er,sensitivity,0.255,0.02173067468400885
94.0,Chemprop (default),nr_er,sensitivity,0.25666666666666665,0.023863035105460607
95.0,Chemprop (default),nr_er,sensitivity,0.25666666666666665,0.02157029850924133
96.0,Chemprop (default),nr_er,sensitivity,0.2583333333333333,0.021245914639969964
97.0,Chemprop (default),nr_er,sensitivity,0.25666666666666665,0.02157029850924133
98.0,Chemprop (default),nr_er,sensitivity,0.25666666666666665,0.02157029850924133
99.0,Chemprop (default),nr_er,sensitivity,0.25666666666666665,0.02157029850924133
100.0,Chemprop (default),nr_er,sensitivity,0.255,0.02400810048481324
101.0,Chemprop (default),nr_er,sensitivity,0.25666666666666665,0.02157029850924133
102.0,Chemprop (default),nr_er,sensitivity,0.255,0.02400810048481324
103.0,Chemprop (default),nr_er,sensitivity,0.2533333333333333,0.020916500663351892
104.0,Chemprop (default),nr_er,sensitivity,0.2533333333333333,0.020916500663351892
105.0,Chemprop (default),nr_er,sensitivity,0.255,0.018257418583505547
106.0,Chemprop (default),nr_er,sensitivity,0.2533333333333333,0.020916500663351892
107.0,Chemprop (default),nr_er,sensitivity,0.25166666666666665,0.021570298509241314
108.0,Chemprop (default),nr_er,sensitivity,0.25166666666666665,0.021570298509241314
109.0,Chemprop (default),nr_er,sensitivity,0.25166666666666665,0.021570298509241314
110.0,Chemprop (default),nr_er,sensitivity,0.25166666666666665,0.021570298509241314
111.0,Chemprop (default),nr_er,sensitivity,0.25,0.021245914639969943
112.0,Chemprop (default),nr_er,sensitivity,0.25,0.021245914639969943
113.0,Chemprop (default),nr_er,sensitivity,0.2483333333333333,0.021570298509241314
114.0,Chemprop (default),nr_er,sensitivity,0.2483333333333333,0.021570298509241314
115.0,Chemprop (default),nr_er,sensitivity,0.25,0.02124591463996994
116.0,Chemprop (default),nr_er,sensitivity,0.25,0.02124591463996994
117.0,Chemprop (default),nr_er,sensitivity,0.25,0.02124591463996994
118.0,Chemprop (default),nr_er,sensitivity,0.25,0.02124591463996994
119.0,Chemprop (default),nr_er,sensitivity,0.24833333333333335,0.0223606797749979
120.0,Chemprop (default),nr_er,sensitivity,0.24666666666666667,0.019184774055368913
121.0,Chemprop (default),nr_er,sensitivity,0.24499999999999997,0.021730674684008865
122.0,Chemprop (default),nr_er,sensitivity,0.24666666666666667,0.019184774055368913
123.0,Chemprop (default),nr_er,sensitivity,0.24666666666666667,0.019184774055368913
124.0,Chemprop (default),nr_er,sensitivity,0.24666666666666667,0.019184774055368913
125.0,Chemprop (default),nr_er,sensitivity,0.24499999999999997,0.021730674684008865
126.0,Chemprop (default),nr_er,sensitivity,0.24333333333333332,0.016029486718059434
127.0,Chemprop (default),nr_er,sensitivity,0.24166666666666664,0.02204792759220492
128.0,Chemprop (default),nr_er,sensitivity,0.24333333333333332,0.016029486718059434
129.0,Chemprop (default),nr_er,sensitivity,0.2416666666666666,0.01863389981249825
130.0,Chemprop (default),nr_er,sensitivity,0.24166666666666664,0.01666666666666665
131.0,Chemprop (default),nr_er,sensitivity,0.23666666666666664,0.024720661623652187
132.0,Chemprop (default),nr_er,sensitivity,0.23666666666666664,0.02091650066335188
133.0,Chemprop (default),nr_er,sensitivity,0.23666666666666664,0.022515426810177153
134.0,Chemprop (default),nr_er,sensitivity,0.23666666666666664,0.02091650066335188
135.0,Chemprop (default),nr_er,sensitivity,0.23499999999999996,0.023124061542519336
136.0,Chemprop (default),nr_er,sensitivity,0.2333333333333333,0.02429563289518875
137.0,Chemprop (default),nr_er,sensitivity,0.23499999999999996,0.023124061542519336
138.0,Chemprop (default),nr_er,sensitivity,0.2333333333333333,0.02429563289518875
139.0,Chemprop (default),nr_er,sensitivity,0.23166666666666663,0.028504385627478448
140.0,Chemprop (default),nr_er,sensitivity,0.22999999999999998,0.024008100484813215
141.0,Chemprop (default),nr_er,sensitivity,0.22833333333333333,0.029226129861250304
142.0,Chemprop (default),nr_er,sensitivity,0.22833333333333333,0.02173067468400883
143.0,Chemprop (default),nr_er,sensitivity,0.22833333333333333,0.02472066162365221
144.0,Chemprop (default),nr_er,sensitivity,0.22666666666666666,0.024579802006254405
145.0,Chemprop (default),nr_er,sensitivity,0.2233333333333333,0.0259540191706624
146.0,Chemprop (default),nr_er,sensitivity,0.225,0.027638539919628346
147.0,Chemprop (default),nr_er,sensitivity,0.2233333333333333,0.0259540191706624
148.0,Chemprop (default),nr_er,sensitivity,0.22166666666666662,0.029226129861250293
149.0,Chemprop (default),nr_er,sensitivity,0.22166666666666662,0.029226129861250293
150.0,Chemprop (default),nr_er,sensitivity,0.21833333333333332,0.027888667551135834
151.0,Chemprop (default),nr_er,sensitivity,0.21833333333333332,0.027888667551135834
152.0,Chemprop (default),nr_er,sensitivity,0.21666666666666665,0.02635231383473648
153.0,Chemprop (default),nr_er,sensitivity,0.21833333333333332,0.025954019170662382
154.0,Chemprop (default),nr_er,sensitivity,0.215,0.02725904538966019
155.0,Chemprop (default),nr_er,sensitivity,0.21333333333333332,0.026087459737497525
156.0,Chemprop (default),nr_er,sensitivity,0.21166666666666661,0.02541325113662815
157.0,Chemprop (default),nr_er,sensitivity,0.21333333333333332,0.026087459737497525
158.0,Chemprop (default),nr_er,sensitivity,0.21166666666666661,0.02541325113662815
159.0,Chemprop (default),nr_er,sensitivity,0.21166666666666661,0.02541325113662815
160.0,Chemprop (default),nr_er,sensitivity,0.20999999999999996,0.024579802006254356
161.0,Chemprop (default),nr_er,sensitivity,0.20833333333333331,0.02763853991962833
162.0,Chemprop (default),nr_er,sensitivity,0.20833333333333331,0.02763853991962833
163.0,Chemprop (default),nr_er,sensitivity,0.20833333333333331,0.02763853991962833
164.0,Chemprop (default),nr_er,sensitivity,0.20833333333333331,0.02763853991962833
165.0,Chemprop (default),nr_er,sensitivity,0.20999999999999996,0.02850438562747846
166.0,Chemprop (default),nr_er,sensitivity,0.20833333333333331,0.02763853991962833
167.0,Chemprop (default),nr_er,sensitivity,0.20999999999999996,0.02850438562747846
168.0,Chemprop (default),nr_er,sensitivity,0.20833333333333331,0.02763853991962833
169.0,Chemprop (default),nr_er,sensitivity,0.20666666666666664,0.035059473279937706
170.0,Chemprop (default),nr_er,sensitivity,0.20333333333333328,0.0375462677535627
171.0,Chemprop (default),nr_er,sensitivity,0.205,0.03415650255319863
172.0,Chemprop (default),nr_er,sensitivity,0.205,0.03415650255319863
173.0,Chemprop (default),nr_er,sensitivity,0.205,0.03415650255319863
174.0,Chemprop (default),nr_er,sensitivity,0.20333333333333328,0.0375462677535627
175.0,Chemprop (default),nr_er,sensitivity,0.2016666666666666,0.04099457958749613
176.0,Chemprop (default),nr_er,sensitivity,0.2016666666666666,0.04099457958749613
177.0,Chemprop (default),nr_er,sensitivity,0.2016666666666666,0.04099457958749613
178.0,Chemprop (default),nr_er,sensitivity,0.2016666666666666,0.04099457958749613
179.0,Chemprop (default),nr_er,sensitivity,0.19999999999999996,0.04448782605013044
180.0,Chemprop (default),nr_er,sensitivity,0.19833333333333328,0.048016200969626444
181.0,Chemprop (default),nr_er,sensitivity,0.19833333333333328,0.04464365078659622
182.0,Chemprop (default),nr_er,sensitivity,0.19833333333333328,0.04464365078659622
183.0,Chemprop (default),nr_er,sensitivity,0.19833333333333328,0.04464365078659622
184.0,Chemprop (default),nr_er,sensitivity,0.19499999999999992,0.05157249482255266
185.0,Chemprop (default),nr_er,sensitivity,0.19333333333333327,0.051841103383319286
186.0,Chemprop (default),nr_er,sensitivity,0.18999999999999995,0.050483770769536515
187.0,Chemprop (default),nr_er,sensitivity,0.18999999999999995,0.05571504883482256
188.0,Chemprop (default),nr_er,sensitivity,0.1883333333333333,0.05387743291748202
189.0,Chemprop (default),nr_er,sensitivity,0.18999999999999995,0.05571504883482256
190.0,Chemprop (default),nr_er,sensitivity,0.18999999999999995,0.05571504883482256
191.0,Chemprop (default),nr_er,sensitivity,0.18999999999999995,0.05571504883482256
192.0,Chemprop (default),nr_er,sensitivity,0.1883333333333333,0.05387743291748202
193.0,Chemprop (default),nr_er,sensitivity,0.18999999999999995,0.05571504883482256
194.0,Chemprop (default),nr_er,sensitivity,0.18999999999999995,0.05571504883482256
195.0,Chemprop (default),nr_er,sensitivity,0.18999999999999995,0.05571504883482256
196.0,Chemprop (default),nr_er,sensitivity,0.1883333333333333,0.05910207742165714
197.0,Chemprop (default),nr_er,sensitivity,0.1883333333333333,0.05483561292120698
198.0,Chemprop (default),nr_er,sensitivity,0.1833333333333333,0.05682575707077441
199.0,Chemprop (default),nr_er,sensitivity,0.18499999999999997,0.05348935511960402
200.0,Chemprop (default),nr_er,sensitivity,0.18166666666666662,0.05962847939999438
1.0,Chemprop (large),nr_er,sensitivity,0.41999999999999993,0.017280367794439765
2.0,Chemprop (large),nr_er,sensitivity,0.41999999999999993,0.017280367794439765
3.0,Chemprop (large),nr_er,sensitivity,0.41,0.016029486718059444
4.0,Chemprop (large),nr_er,sensitivity,0.41,0.012360330811826116
5.0,Chemprop (large),nr_er,sensitivity,0.41,0.014907119849998596
6.0,Chemprop (large),nr_er,sensitivity,0.4133333333333333,0.015138251770487436
7.0,Chemprop (large),nr_er,sensitivity,0.40499999999999997,0.01728036779443978
8.0,Chemprop (large),nr_er,sensitivity,0.4066666666666666,0.016029486718059455
9.0,Chemprop (large),nr_er,sensitivity,0.4083333333333333,0.01767766952966369
10.0,Chemprop (large),nr_er,sensitivity,0.41,0.018066236157232334
11.0,Chemprop (large),nr_er,sensitivity,0.4133333333333333,0.020916500663351878
12.0,Chemprop (large),nr_er,sensitivity,0.4066666666666666,0.016029486718059455
13.0,Chemprop (large),nr_er,sensitivity,0.4083333333333333,0.0176776695296637
14.0,Chemprop (large),nr_er,sensitivity,0.41,0.019002923751652308
15.0,Chemprop (large),nr_er,sensitivity,0.4066666666666666,0.01989556064385553
16.0,Chemprop (large),nr_er,sensitivity,0.4033333333333333,0.019184774055368895
17.0,Chemprop (large),nr_er,sensitivity,0.40499999999999997,0.021730674684008827
18.0,Chemprop (large),nr_er,sensitivity,0.40499999999999997,0.0191847740553689
19.0,Chemprop (large),nr_er,sensitivity,0.40166666666666667,0.023124061542519336
20.0,Chemprop (large),nr_er,sensitivity,0.40166666666666667,0.019002923751652297
21.0,Chemprop (large),nr_er,sensitivity,0.40166666666666667,0.018066236157232324
22.0,Chemprop (large),nr_er,sensitivity,0.4,0.017677669529663678
23.0,Chemprop (large),nr_er,sensitivity,0.3966666666666666,0.018257418583505543
24.0,Chemprop (large),nr_er,sensitivity,0.40166666666666667,0.014907119849998597
25.0,Chemprop (large),nr_er,sensitivity,0.4033333333333333,0.015138251770487457
26.0,Chemprop (large),nr_er,sensitivity,0.4033333333333333,0.0191847740553689
27.0,Chemprop (large),nr_er,sensitivity,0.40166666666666667,0.01602948671805946
28.0,Chemprop (large),nr_er,sensitivity,0.4033333333333333,0.019184774055368895
29.0,Chemprop (large),nr_er,sensitivity,0.3983333333333333,0.022360679774997887
30.0,Chemprop (large),nr_er,sensitivity,0.4033333333333333,0.019184774055368895
31.0,Chemprop (large),nr_er,sensitivity,0.4033333333333333,0.016244657241348288
32.0,Chemprop (large),nr_er,sensitivity,0.40166666666666667,0.01602948671805946
33.0,Chemprop (large),nr_er,sensitivity,0.4,0.015590239111558102
34.0,Chemprop (large),nr_er,sensitivity,0.4033333333333333,0.019184774055368895
35.0,Chemprop (large),nr_er,sensitivity,0.40499999999999997,0.0191847740553689
36.0,Chemprop (large),nr_er,sensitivity,0.40166666666666667,0.021570298509241297
37.0,Chemprop (large),nr_er,sensitivity,0.40166666666666667,0.018066236157232348
38.0,Chemprop (large),nr_er,sensitivity,0.39999999999999997,0.019543398999264296
39.0,Chemprop (large),nr_er,sensitivity,0.3983333333333333,0.016029486718059472
40.0,Chemprop (large),nr_er,sensitivity,0.39999999999999997,0.016666666666666694
41.0,Chemprop (large),nr_er,sensitivity,0.3983333333333333,0.010865337342004457
42.0,Chemprop (large),nr_er,sensitivity,0.3966666666666666,0.01263812574008595
43.0,Chemprop (large),nr_er,sensitivity,0.3966666666666666,0.01263812574008595
44.0,Chemprop (large),nr_er,sensitivity,0.3966666666666666,0.018257418583505543
45.0,Chemprop (large),nr_er,sensitivity,0.4,0.0155902391115581
46.0,Chemprop (large),nr_er,sensitivity,0.3966666666666666,0.02006932429798717
47.0,Chemprop (large),nr_er,sensitivity,0.39666666666666667,0.0191847740553689
48.0,Chemprop (large),nr_er,sensitivity,0.39666666666666667,0.02173067468400883
49.0,Chemprop (large),nr_er,sensitivity,0.39499999999999996,0.0200693242979872
50.0,Chemprop (large),nr_er,sensitivity,0.3933333333333333,0.02157029850924134
51.0,Chemprop (large),nr_er,sensitivity,0.39499999999999996,0.0200693242979872
52.0,Chemprop (large),nr_er,sensitivity,0.39499999999999996,0.0200693242979872
53.0,Chemprop (large),nr_er,sensitivity,0.39499999999999996,0.0200693242979872
54.0,Chemprop (large),nr_er,sensitivity,0.39499999999999996,0.0200693242979872
55.0,Chemprop (large),nr_er,sensitivity,0.39499999999999996,0.0200693242979872
56.0,Chemprop (large),nr_er,sensitivity,0.39499999999999996,0.0200693242979872
57.0,Chemprop (large),nr_er,sensitivity,0.3933333333333333,0.01806623615723236
58.0,Chemprop (large),nr_er,sensitivity,0.3916666666666666,0.01767766952966371
59.0,Chemprop (large),nr_er,sensitivity,0.3933333333333333,0.01806623615723236
60.0,Chemprop (large),nr_er,sensitivity,0.3933333333333333,0.01806623615723236
61.0,Chemprop (large),nr_er,sensitivity,0.39166666666666666,0.019543398999264314
62.0,Chemprop (large),nr_er,sensitivity,0.39166666666666666,0.021245914639969953
63.0,Chemprop (large),nr_er,sensitivity,0.3933333333333333,0.01806623615723236
64.0,Chemprop (large),nr_er,sensitivity,0.38999999999999996,0.020749832663314562
65.0,Chemprop (large),nr_er,sensitivity,0.38999999999999996,0.020749832663314562
66.0,Chemprop (large),nr_er,sensitivity,0.38999999999999996,0.020749832663314562
67.0,Chemprop (large),nr_er,sensitivity,0.38999999999999996,0.01602948671805948
68.0,Chemprop (large),nr_er,sensitivity,0.38999999999999996,0.020749832663314562
69.0,Chemprop (large),nr_er,sensitivity,0.3883333333333333,0.017280367794439786
70.0,Chemprop (large),nr_er,sensitivity,0.38999999999999996,0.019002923751652315
71.0,Chemprop (large),nr_er,sensitivity,0.3883333333333333,0.017280367794439786
72.0,Chemprop (large),nr_er,sensitivity,0.3883333333333333,0.021730674684008834
73.0,Chemprop (large),nr_er,sensitivity,0.38499999999999995,0.01989556064385555
74.0,Chemprop (large),nr_er,sensitivity,0.3866666666666666,0.021730674684008834
75.0,Chemprop (large),nr_er,sensitivity,0.3833333333333333,0.02124591463996997
76.0,Chemprop (large),nr_er,sensitivity,0.38499999999999995,0.023124061542519374
77.0,Chemprop (large),nr_er,sensitivity,0.3833333333333333,0.01666666666666672
78.0,Chemprop (large),nr_er,sensitivity,0.3833333333333333,0.018633899812498255
79.0,Chemprop (large),nr_er,sensitivity,0.38,0.017280367794439797
80.0,Chemprop (large),nr_er,sensitivity,0.3783333333333333,0.02006932429798718
81.0,Chemprop (large),nr_er,sensitivity,0.38166666666666665,0.014907119849998639
82.0,Chemprop (large),nr_er,sensitivity,0.3783333333333333,0.02006932429798718
83.0,Chemprop (large),nr_er,sensitivity,0.3783333333333333,0.02006932429798718
84.0,Chemprop (large),nr_er,sensitivity,0.3783333333333333,0.02006932429798718
85.0,Chemprop (large),nr_er,sensitivity,0.3766666666666666,0.018066236157232324
86.0,Chemprop (large),nr_er,sensitivity,0.3766666666666666,0.018066236157232324
87.0,Chemprop (large),nr_er,sensitivity,0.3733333333333333,0.019002923751652287
88.0,Chemprop (large),nr_er,sensitivity,0.3733333333333333,0.019002923751652287
89.0,Chemprop (large),nr_er,sensitivity,0.3733333333333333,0.019002923751652287
90.0,Chemprop (large),nr_er,sensitivity,0.37166666666666665,0.02091650066335187
91.0,Chemprop (large),nr_er,sensitivity,0.37166666666666665,0.02091650066335187
92.0,Chemprop (large),nr_er,sensitivity,0.3733333333333333,0.019002923751652287
93.0,Chemprop (large),nr_er,sensitivity,0.3733333333333333,0.02157029850924129
94.0,Chemprop (large),nr_er,sensitivity,0.37499999999999994,0.022821773229381902
95.0,Chemprop (large),nr_er,sensitivity,0.3733333333333333,0.02157029850924129
96.0,Chemprop (large),nr_er,sensitivity,0.3733333333333333,0.02157029850924129
97.0,Chemprop (large),nr_er,sensitivity,0.3733333333333333,0.02157029850924129
98.0,Chemprop (large),nr_er,sensitivity,0.3733333333333333,0.02157029850924129
99.0,Chemprop (large),nr_er,sensitivity,0.3733333333333333,0.02157029850924129
100.0,Chemprop (large),nr_er,sensitivity,0.3733333333333333,0.02157029850924129
101.0,Chemprop (large),nr_er,sensitivity,0.3733333333333333,0.02157029850924129
102.0,Chemprop (large),nr_er,sensitivity,0.37499999999999994,0.022821773229381902
103.0,Chemprop (large),nr_er,sensitivity,0.37166666666666665,0.02006932429798715
104.0,Chemprop (large),nr_er,sensitivity,0.37166666666666665,0.02006932429798715
105.0,Chemprop (large),nr_er,sensitivity,0.37166666666666665,0.02006932429798715
106.0,Chemprop (large),nr_er,sensitivity,0.3733333333333333,0.02157029850924129
107.0,Chemprop (large),nr_er,sensitivity,0.3733333333333333,0.02157029850924129
108.0,Chemprop (large),nr_er,sensitivity,0.37,0.02251542681017714
109.0,Chemprop (large),nr_er,sensitivity,0.37166666666666665,0.0240081004848132
110.0,Chemprop (large),nr_er,sensitivity,0.37166666666666665,0.024008100484813194
111.0,Chemprop (large),nr_er,sensitivity,0.3683333333333333,0.021570298509241293
112.0,Chemprop (large),nr_er,sensitivity,0.3683333333333333,0.021570298509241293
113.0,Chemprop (large),nr_er,sensitivity,0.3683333333333333,0.021570298509241293
114.0,Chemprop (large),nr_er,sensitivity,0.3683333333333333,0.021570298509241293
115.0,Chemprop (large),nr_er,sensitivity,0.3683333333333333,0.021570298509241293
116.0,Chemprop (large),nr_er,sensitivity,0.3683333333333333,0.021570298509241293
117.0,Chemprop (large),nr_er,sensitivity,0.3683333333333333,0.021570298509241293
118.0,Chemprop (large),nr_er,sensitivity,0.3683333333333333,0.021570298509241293
119.0,Chemprop (large),nr_er,sensitivity,0.37,0.02251542681017714
120.0,Chemprop (large),nr_er,sensitivity,0.36666666666666664,0.02357022603955156
121.0,Chemprop (large),nr_er,sensitivity,0.3683333333333333,0.024579802006254352
122.0,Chemprop (large),nr_er,sensitivity,0.3683333333333333,0.024579802006254352
123.0,Chemprop (large),nr_er,sensitivity,0.37,0.02674467755980202
124.0,Chemprop (large),nr_er,sensitivity,0.36833333333333335,0.025954019170662392
125.0,Chemprop (large),nr_er,sensitivity,0.36833333333333335,0.025954019170662392
126.0,Chemprop (large),nr_er,sensitivity,0.36833333333333335,0.025954019170662392
127.0,Chemprop (large),nr_er,sensitivity,0.3666666666666667,0.025000000000000005
128.0,Chemprop (large),nr_er,sensitivity,0.36833333333333335,0.025954019170662392
129.0,Chemprop (large),nr_er,sensitivity,0.3666666666666667,0.025000000000000005
130.0,Chemprop (large),nr_er,sensitivity,0.36833333333333335,0.025954019170662396
131.0,Chemprop (large),nr_er,sensitivity,0.36666666666666664,0.02357022603955156
132.0,Chemprop (large),nr_er,sensitivity,0.36833333333333335,0.025954019170662396
133.0,Chemprop (large),nr_er,sensitivity,0.36666666666666664,0.02357022603955156
134.0,Chemprop (large),nr_er,sensitivity,0.365,0.02595401917066237
135.0,Chemprop (large),nr_er,sensitivity,0.365,0.02595401917066237
136.0,Chemprop (large),nr_er,sensitivity,0.365,0.02595401917066237
137.0,Chemprop (large),nr_er,sensitivity,0.365,0.022360679774997876
138.0,Chemprop (large),nr_er,sensitivity,0.365,0.02595401917066237
139.0,Chemprop (large),nr_er,sensitivity,0.365,0.02595401917066237
140.0,Chemprop (large),nr_er,sensitivity,0.36333333333333334,0.02400810048481321
141.0,Chemprop (large),nr_er,sensitivity,0.36333333333333334,0.024720661623652194
142.0,Chemprop (large),nr_er,sensitivity,0.36333333333333334,0.024720661623652194
143.0,Chemprop (large),nr_er,sensitivity,0.3633333333333333,0.0217306746840088
144.0,Chemprop (large),nr_er,sensitivity,0.365,0.022360679774997876
145.0,Chemprop (large),nr_er,sensitivity,0.365,0.022360679774997876
146.0,Chemprop (large),nr_er,sensitivity,0.3616666666666667,0.022515426810177156
147.0,Chemprop (large),nr_er,sensitivity,0.36166666666666664,0.0240081004848132
148.0,Chemprop (large),nr_er,sensitivity,0.36333333333333334,0.024720661623652194
149.0,Chemprop (large),nr_er,sensitivity,0.36166666666666664,0.0240081004848132
150.0,Chemprop (large),nr_er,sensitivity,0.36166666666666664,0.0240081004848132
151.0,Chemprop (large),nr_er,sensitivity,0.36166666666666664,0.0240081004848132
152.0,Chemprop (large),nr_er,sensitivity,0.36166666666666664,0.0240081004848132
153.0,Chemprop (large),nr_er,sensitivity,0.36166666666666664,0.0240081004848132
154.0,Chemprop (large),nr_er,sensitivity,0.36166666666666664,0.0240081004848132
155.0,Chemprop (large),nr_er,sensitivity,0.36166666666666664,0.0240081004848132
156.0,Chemprop (large),nr_er,sensitivity,0.36,0.025954019170662368
157.0,Chemprop (large),nr_er,sensitivity,0.36166666666666664,0.0240081004848132
158.0,Chemprop (large),nr_er,sensitivity,0.3583333333333333,0.02357022603955157
159.0,Chemprop (large),nr_er,sensitivity,0.36,0.021570298509241293
160.0,Chemprop (large),nr_er,sensitivity,0.3583333333333333,0.02357022603955157
161.0,Chemprop (large),nr_er,sensitivity,0.36,0.021570298509241293
162.0,Chemprop (large),nr_er,sensitivity,0.3583333333333333,0.02357022603955157
163.0,Chemprop (large),nr_er,sensitivity,0.3583333333333333,0.024295632895188733
164.0,Chemprop (large),nr_er,sensitivity,0.3583333333333333,0.024295632895188733
165.0,Chemprop (large),nr_er,sensitivity,0.3583333333333333,0.024295632895188733
166.0,Chemprop (large),nr_er,sensitivity,0.3583333333333333,0.024295632895188733
167.0,Chemprop (large),nr_er,sensitivity,0.35666666666666663,0.02595401917066237
168.0,Chemprop (large),nr_er,sensitivity,0.35666666666666663,0.022360679774997883
169.0,Chemprop (large),nr_er,sensitivity,0.35666666666666663,0.02595401917066237
170.0,Chemprop (large),nr_er,sensitivity,0.355,0.028012893856619318
171.0,Chemprop (large),nr_er,sensitivity,0.355,0.028012893856619318
172.0,Chemprop (large),nr_er,sensitivity,0.35333333333333333,0.030390970881350777
173.0,Chemprop (large),nr_er,sensitivity,0.35333333333333333,0.030390970881350777
174.0,Chemprop (large),nr_er,sensitivity,0.35333333333333333,0.030390970881350777
175.0,Chemprop (large),nr_er,sensitivity,0.35333333333333333,0.030390970881350777
176.0,Chemprop (large),nr_er,sensitivity,0.35333333333333333,0.030390970881350777
177.0,Chemprop (large),nr_er,sensitivity,0.35333333333333333,0.030390970881350777
178.0,Chemprop (large),nr_er,sensitivity,0.35333333333333333,0.030390970881350777
179.0,Chemprop (large),nr_er,sensitivity,0.35333333333333333,0.030390970881350777
180.0,Chemprop (large),nr_er,sensitivity,0.35333333333333333,0.030390970881350777
181.0,Chemprop (large),nr_er,sensitivity,0.3516666666666667,0.033019354593598234
182.0,Chemprop (large),nr_er,sensitivity,0.3516666666666666,0.032489314482696575
183.0,Chemprop (large),nr_er,sensitivity,0.35,0.03486083443891983
184.0,Chemprop (large),nr_er,sensitivity,0.35,0.03486083443891983
185.0,Chemprop (large),nr_er,sensitivity,0.35,0.03486083443891983
186.0,Chemprop (large),nr_er,sensitivity,0.35,0.03486083443891983
187.0,Chemprop (large),nr_er,sensitivity,0.35,0.03486083443891983
188.0,Chemprop (large),nr_er,sensitivity,0.35,0.03486083443891983
189.0,Chemprop (large),nr_er,sensitivity,0.35,0.03486083443891983
190.0,Chemprop (large),nr_er,sensitivity,0.35,0.03486083443891983
191.0,Chemprop (large),nr_er,sensitivity,0.35,0.03486083443891983
192.0,Chemprop (large),nr_er,sensitivity,0.35,0.03486083443891983
193.0,Chemprop (large),nr_er,sensitivity,0.35,0.03486083443891983
194.0,Chemprop (large),nr_er,sensitivity,0.3466666666666666,0.032058973436118944
195.0,Chemprop (large),nr_er,sensitivity,0.3466666666666666,0.032058973436118944
196.0,Chemprop (large),nr_er,sensitivity,0.3466666666666666,0.032058973436118944
197.0,Chemprop (large),nr_er,sensitivity,0.3466666666666666,0.032058973436118944
198.0,Chemprop (large),nr_er,sensitivity,0.3466666666666666,0.032058973436118944
199.0,Chemprop (large),nr_er,sensitivity,0.3466666666666666,0.032058973436118944
200.0,Chemprop (large),nr_er,sensitivity,0.3466666666666666,0.032058973436118944
1.0,Morgan,nr_er,sensitivity,0.42666666666666664,0.03301935459359824
2.0,Morgan,nr_er,sensitivity,0.4383333333333333,0.03466105723847573
3.0,Morgan,nr_er,sensitivity,0.37,0.059395098937351516
4.0,Morgan,nr_er,sensitivity,0.38,0.060839040828146625
5.0,Morgan,nr_er,sensitivity,0.32999999999999996,0.06362869722940359
6.0,Morgan,nr_er,sensitivity,0.34500000000000003,0.053554230043532096
7.0,Morgan,nr_er,sensitivity,0.32166666666666666,0.04662200243566455
8.0,Morgan,nr_er,sensitivity,0.3183333333333333,0.048016200969626444
9.0,Morgan,nr_er,sensitivity,0.305,0.05419870847169704
10.0,Morgan,nr_er,sensitivity,0.2983333333333333,0.052836224947157846
11.0,Morgan,nr_er,sensitivity,0.29166666666666663,0.05863019699779287
12.0,Morgan,nr_er,sensitivity,0.295,0.05546520430764579
13.0,Morgan,nr_er,sensitivity,0.2799999999999999,0.05939509893735156
14.0,Morgan,nr_er,sensitivity,0.27999999999999997,0.05670341945401335
15.0,Morgan,nr_er,sensitivity,0.27666666666666667,0.06219369385681762
16.0,Morgan,nr_er,sensitivity,0.26999999999999996,0.05968668193156659
17.0,Morgan,nr_er,sensitivity,0.265,0.0575543221661067
18.0,Morgan,nr_er,sensitivity,0.25666666666666665,0.05725188012439226
19.0,Morgan,nr_er,sensitivity,0.25999999999999995,0.05633481260385192
20.0,Morgan,nr_er,sensitivity,0.25999999999999995,0.05725188012439224
21.0,Morgan,nr_er,sensitivity,0.24999999999999994,0.05368374469468803
22.0,Morgan,nr_er,sensitivity,0.24999999999999994,0.04859126579037752
23.0,Morgan,nr_er,sensitivity,0.24166666666666664,0.04526158538000091
24.0,Morgan,nr_er,sensitivity,0.24166666666666664,0.04289845892077919
25.0,Morgan,nr_er,sensitivity,0.22999999999999993,0.050552502960343665
26.0,Morgan,nr_er,sensitivity,0.22833333333333333,0.044331453594234634
27.0,Morgan,nr_er,sensitivity,0.22166666666666662,0.044331453594234634
28.0,Morgan,nr_er,sensitivity,0.21666666666666665,0.054645321035850014
29.0,Morgan,nr_er,sensitivity,0.20999999999999996,0.04944132324730442
30.0,Morgan,nr_er,sensitivity,0.20833333333333331,0.054645321035850014
31.0,Morgan,nr_er,sensitivity,0.1983333333333333,0.04224597285212191
32.0,Morgan,nr_er,sensitivity,0.20166666666666666,0.04944132324730444
33.0,Morgan,nr_er,sensitivity,0.19999999999999998,0.04124789556921528
34.0,Morgan,nr_er,sensitivity,0.19999999999999996,0.045261585380000885
35.0,Morgan,nr_er,sensitivity,0.19666666666666663,0.04951150259170982
36.0,Morgan,nr_er,sensitivity,0.19499999999999998,0.04662200243566455
37.0,Morgan,nr_er,sensitivity,0.18999999999999995,0.03881938232950707
38.0,Morgan,nr_er,sensitivity,0.18999999999999995,0.03405469456950425
39.0,Morgan,nr_er,sensitivity,0.18499999999999997,0.03881938232950704
40.0,Morgan,nr_er,sensitivity,0.1816666666666666,0.04306003560921271
41.0,Morgan,nr_er,sensitivity,0.17833333333333332,0.038459935864047744
42.0,Morgan,nr_er,sensitivity,0.17333333333333328,0.03881938232950707
43.0,Morgan,nr_er,sensitivity,0.16833333333333328,0.04099457958749616
44.0,Morgan,nr_er,sensitivity,0.16999999999999996,0.035648749393679076
45.0,Morgan,nr_er,sensitivity,0.1666666666666666,0.03952847075210474
46.0,Morgan,nr_er,sensitivity,0.1666666666666666,0.03280836614171588
47.0,Morgan,nr_er,sensitivity,0.16333333333333327,0.03564874939367906
48.0,Morgan,nr_er,sensitivity,0.16499999999999995,0.03405469456950425
49.0,Morgan,nr_er,sensitivity,0.16333333333333327,0.03660980439414801
50.0,Morgan,nr_er,sensitivity,0.16333333333333327,0.03564874939367906
51.0,Morgan,nr_er,sensitivity,0.16333333333333327,0.03660980439414801
52.0,Morgan,nr_er,sensitivity,0.16333333333333327,0.033644382063643945
53.0,Morgan,nr_er,sensitivity,0.16333333333333327,0.03660980439414801
54.0,Morgan,nr_er,sensitivity,0.16166666666666663,0.035158371849548335
55.0,Morgan,nr_er,sensitivity,0.16333333333333327,0.03660980439414801
56.0,Morgan,nr_er,sensitivity,0.15999999999999998,0.033019354593598255
57.0,Morgan,nr_er,sensitivity,0.15666666666666665,0.02969754946867579
58.0,Morgan,nr_er,sensitivity,0.1533333333333333,0.03151278400198173
59.0,Morgan,nr_er,sensitivity,0.1533333333333333,0.03151278400198173
60.0,Morgan,nr_er,sensitivity,0.1533333333333333,0.03151278400198173
61.0,Morgan,nr_er,sensitivity,0.15166666666666664,0.030844592538869585
62.0,Morgan,nr_er,sensitivity,0.1533333333333333,0.03151278400198173
63.0,Morgan,nr_er,sensitivity,0.14999999999999997,0.03385016001931648
64.0,Morgan,nr_er,sensitivity,0.14999999999999997,0.03385016001931648
65.0,Morgan,nr_er,sensitivity,0.14999999999999997,0.03385016001931648
66.0,Morgan,nr_er,sensitivity,0.14999999999999997,0.03385016001931648
67.0,Morgan,nr_er,sensitivity,0.1483333333333333,0.03248931448269652
68.0,Morgan,nr_er,sensitivity,0.14666666666666664,0.03364438206364388
69.0,Morgan,nr_er,sensitivity,0.14499999999999996,0.035158371849548294
70.0,Morgan,nr_er,sensitivity,0.14333333333333328,0.03456073558887952
71.0,Morgan,nr_er,sensitivity,0.13666666666666666,0.03151278400198173
72.0,Morgan,nr_er,sensitivity,0.13666666666666666,0.03515837184954833
73.0,Morgan,nr_er,sensitivity,0.1333333333333333,0.03333333333333335
74.0,Morgan,nr_er,sensitivity,0.13499999999999995,0.034560735588879544
75.0,Morgan,nr_er,sensitivity,0.1333333333333333,0.03333333333333335
76.0,Morgan,nr_er,sensitivity,0.12999999999999995,0.032058973436118916
77.0,Morgan,nr_er,sensitivity,0.12999999999999995,0.032058973436118916
78.0,Morgan,nr_er,sensitivity,0.1283333333333333,0.032058973436118916
79.0,Morgan,nr_er,sensitivity,0.1283333333333333,0.032058973436118916
80.0,Morgan,nr_er,sensitivity,0.1283333333333333,0.032058973436118916
81.0,Morgan,nr_er,sensitivity,0.12666666666666662,0.029107081994288297
82.0,Morgan,nr_er,sensitivity,0.12499999999999996,0.02825970826302195
83.0,Morgan,nr_er,sensitivity,0.12499999999999996,0.02825970826302195
84.0,Morgan,nr_er,sensitivity,0.12499999999999996,0.02825970826302195
85.0,Morgan,nr_er,sensitivity,0.12666666666666662,0.029107081994288297
86.0,Morgan,nr_er,sensitivity,0.12499999999999996,0.029462782549439476
87.0,Morgan,nr_er,sensitivity,0.1233333333333333,0.02850438562747845
88.0,Morgan,nr_er,sensitivity,0.12499999999999996,0.031732387941099637
89.0,Morgan,nr_er,sensitivity,0.1233333333333333,0.02850438562747845
90.0,Morgan,nr_er,sensitivity,0.11999999999999997,0.02472066162365222
91.0,Morgan,nr_er,sensitivity,0.11999999999999997,0.02472066162365222
92.0,Morgan,nr_er,sensitivity,0.11999999999999997,0.02472066162365222
93.0,Morgan,nr_er,sensitivity,0.11666666666666665,0.024295632895188764
94.0,Morgan,nr_er,sensitivity,0.11499999999999999,0.028504385627478448
95.0,Morgan,nr_er,sensitivity,0.11333333333333331,0.024008100484813232
96.0,Morgan,nr_er,sensitivity,0.10833333333333331,0.026352313834736504
97.0,Morgan,nr_er,sensitivity,0.10999999999999996,0.029107081994288308
98.0,Morgan,nr_er,sensitivity,0.10999999999999996,0.03301935459359824
99.0,Morgan,nr_er,sensitivity,0.10999999999999996,0.03301935459359824
100.0,Morgan,nr_er,sensitivity,0.10666666666666665,0.03456073558887952
101.0,Morgan,nr_er,sensitivity,0.10166666666666664,0.03301935459359824
102.0,Morgan,nr_er,sensitivity,0.10666666666666665,0.03456073558887952
103.0,Morgan,nr_er,sensitivity,0.10166666666666664,0.034560735588879544
104.0,Morgan,nr_er,sensitivity,0.1033333333333333,0.038005847503304595
105.0,Morgan,nr_er,sensitivity,0.09999999999999996,0.034860834438919824
106.0,Morgan,nr_er,sensitivity,0.09499999999999997,0.030390970881350777
107.0,Morgan,nr_er,sensitivity,0.09333333333333331,0.030844592538869574
108.0,Morgan,nr_er,sensitivity,0.09166666666666665,0.03173238794109961
109.0,Morgan,nr_er,sensitivity,0.08666666666666664,0.03708099243547831
110.0,Morgan,nr_er,sensitivity,0.08499999999999999,0.03405469456950426
111.0,Morgan,nr_er,sensitivity,0.08166666666666664,0.030276503540974935
112.0,Morgan,nr_er,sensitivity,0.0783333333333333,0.03039097088135081
113.0,Morgan,nr_er,sensitivity,0.07333333333333329,0.03301935459359826
114.0,Morgan,nr_er,sensitivity,0.07166666666666664,0.03364438206364393
115.0,Morgan,nr_er,sensitivity,0.0633333333333333,0.033124344857253
116.0,Morgan,nr_er,sensitivity,0.06499999999999996,0.03881938232950704
117.0,Morgan,nr_er,sensitivity,0.05666666666666664,0.033019354593598255
118.0,Morgan,nr_er,sensitivity,0.06166666666666663,0.03845993586404774
119.0,Morgan,nr_er,sensitivity,0.053333333333333274,0.03095695936834451
120.0,Morgan,nr_er,sensitivity,0.0433333333333333,0.021570298509241304
121.0,Morgan,nr_er,sensitivity,0.041666666666666616,0.020412414523193152
122.0,Morgan,nr_er,sensitivity,0.03499999999999996,0.019002923751652287
123.0,Morgan,nr_er,sensitivity,0.02999999999999998,0.015138251770487466
124.0,Morgan,nr_er,sensitivity,0.02833333333333332,0.015138251770487469
125.0,Morgan,nr_er,sensitivity,0.02166666666666664,0.01263812574008592
126.0,Morgan,nr_er,sensitivity,0.0233333333333333,0.01086533734200442
127.0,Morgan,nr_er,sensitivity,0.01999999999999996,0.013944333775567917
128.0,Morgan,nr_er,sensitivity,0.016666666666666642,0.010206207261596576
129.0,Morgan,nr_er,sensitivity,0.013333333333333319,0.011180339887498955
130.0,Morgan,nr_er,sensitivity,0.011666666666666641,0.009501461875826147
131.0,Morgan,nr_er,sensitivity,0.011666666666666641,0.009501461875826147
132.0,Morgan,nr_er,sensitivity,0.00999999999999996,0.006972166887783935
133.0,Morgan,nr_er,sensitivity,0.00666666666666664,0.006972166887783935
134.0,Morgan,nr_er,sensitivity,0.00666666666666664,0.006972166887783935
135.0,Morgan,nr_er,sensitivity,0.00499999999999998,0.004564354645876367
136.0,Morgan,nr_er,sensitivity,0.00499999999999998,0.004564354645876367
137.0,Morgan,nr_er,sensitivity,0.00499999999999998,0.004564354645876367
138.0,Morgan,nr_er,sensitivity,0.00333333333333332,0.004564354645876366
139.0,Morgan,nr_er,sensitivity,0.00333333333333332,0.004564354645876366
140.0,Morgan,nr_er,sensitivity,0.00333333333333332,0.004564354645876366
141.0,Morgan,nr_er,sensitivity,0.00333333333333332,0.004564354645876366
142.0,Morgan,nr_er,sensitivity,0.00333333333333332,0.004564354645876366
143.0,Morgan,nr_er,sensitivity,0.00333333333333332,0.004564354645876366
144.0,Morgan,nr_er,sensitivity,0.00333333333333332,0.004564354645876366
145.0,Morgan,nr_er,sensitivity,0.00166666666666666,0.0037267799624996346
146.0,Morgan,nr_er,sensitivity,0.00166666666666666,0.0037267799624996346
147.0,Morgan,nr_er,sensitivity,0.00166666666666666,0.0037267799624996346
148.0,Morgan,nr_er,sensitivity,0.00166666666666666,0.0037267799624996346
149.0,Morgan,nr_er,sensitivity,0.00166666666666666,0.0037267799624996346
150.0,Morgan,nr_er,sensitivity,0.00166666666666666,0.0037267799624996346
151.0,Morgan,nr_er,sensitivity,0.0,0.0
152.0,Morgan,nr_er,sensitivity,0.0,0.0
153.0,Morgan,nr_er,sensitivity,0.0,0.0
154.0,Morgan,nr_er,sensitivity,0.0,0.0
155.0,Morgan,nr_er,sensitivity,0.0,0.0
156.0,Morgan,nr_er,sensitivity,0.0,0.0
157.0,Morgan,nr_er,sensitivity,0.0,0.0
158.0,Morgan,nr_er,sensitivity,0.0,0.0
159.0,Morgan,nr_er,sensitivity,0.0,0.0
160.0,Morgan,nr_er,sensitivity,0.0,0.0
161.0,Morgan,nr_er,sensitivity,0.0,0.0
162.0,Morgan,nr_er,sensitivity,0.0,0.0
163.0,Morgan,nr_er,sensitivity,0.0,0.0
164.0,Morgan,nr_er,sensitivity,0.0,0.0
165.0,Morgan,nr_er,sensitivity,0.0,0.0
166.0,Morgan,nr_er,sensitivity,0.0,0.0
167.0,Morgan,nr_er,sensitivity,0.0,0.0
168.0,Morgan,nr_er,sensitivity,0.0,0.0
169.0,Morgan,nr_er,sensitivity,0.0,0.0
170.0,Morgan,nr_er,sensitivity,0.0,0.0
171.0,Morgan,nr_er,sensitivity,0.0,0.0
172.0,Morgan,nr_er,sensitivity,0.0,0.0
173.0,Morgan,nr_er,sensitivity,0.0,0.0
174.0,Morgan,nr_er,sensitivity,0.0,0.0
175.0,Morgan,nr_er,sensitivity,0.0,0.0
176.0,Morgan,nr_er,sensitivity,0.0,0.0
177.0,Morgan,nr_er,sensitivity,0.0,0.0
178.0,Morgan,nr_er,sensitivity,0.0,0.0
179.0,Morgan,nr_er,sensitivity,0.0,0.0
180.0,Morgan,nr_er,sensitivity,0.0,0.0
181.0,Morgan,nr_er,sensitivity,0.0,0.0
182.0,Morgan,nr_er,sensitivity,0.0,0.0
183.0,Morgan,nr_er,sensitivity,0.0,0.0
184.0,Morgan,nr_er,sensitivity,0.0,0.0
185.0,Morgan,nr_er,sensitivity,0.0,0.0
186.0,Morgan,nr_er,sensitivity,0.0,0.0
187.0,Morgan,nr_er,sensitivity,0.0,0.0
188.0,Morgan,nr_er,sensitivity,0.0,0.0
189.0,Morgan,nr_er,sensitivity,0.0,0.0
190.0,Morgan,nr_er,sensitivity,0.0,0.0
191.0,Morgan,nr_er,sensitivity,0.0,0.0
192.0,Morgan,nr_er,sensitivity,0.0,0.0
193.0,Morgan,nr_er,sensitivity,0.0,0.0
194.0,Morgan,nr_er,sensitivity,0.0,0.0
195.0,Morgan,nr_er,sensitivity,0.0,0.0
196.0,Morgan,nr_er,sensitivity,0.0,0.0
197.0,Morgan,nr_er,sensitivity,0.0,0.0
198.0,Morgan,nr_er,sensitivity,0.0,0.0
199.0,Morgan,nr_er,sensitivity,0.0,0.0
200.0,Morgan,nr_er,sensitivity,0.0,0.0
1.0,Mordred,nr_er,sensitivity,0.45,0.0390867979985286
2.0,Mordred,nr_er,sensitivity,0.45,0.0390867979985286
3.0,Mordred,nr_er,sensitivity,0.39,0.029107081994288315
4.0,Mordred,nr_er,sensitivity,0.3983333333333333,0.023863035105460624
5.0,Mordred,nr_er,sensitivity,0.35666666666666663,0.036036247184066096
6.0,Mordred,nr_er,sensitivity,0.3683333333333333,0.03456073558887959
7.0,Mordred,nr_er,sensitivity,0.32999999999999996,0.03364438206364389
8.0,Mordred,nr_er,sensitivity,0.3433333333333333,0.029697549468675793
9.0,Mordred,nr_er,sensitivity,0.3283333333333333,0.019184774055368923
10.0,Mordred,nr_er,sensitivity,0.33499999999999996,0.02236067977499789
11.0,Mordred,nr_er,sensitivity,0.31333333333333335,0.01728036779443975
12.0,Mordred,nr_er,sensitivity,0.30666666666666664,0.0190029237516523
13.0,Mordred,nr_er,sensitivity,0.31333333333333335,0.02173067468400881
14.0,Mordred,nr_er,sensitivity,0.30999999999999994,0.030844592538869592
15.0,Mordred,nr_er,sensitivity,0.31166666666666665,0.028012893856619342
16.0,Mordred,nr_er,sensitivity,0.3083333333333333,0.016666666666666646
17.0,Mordred,nr_er,sensitivity,0.30999999999999994,0.019002923751652277
18.0,Mordred,nr_er,sensitivity,0.30666666666666664,0.01806623615723231
19.0,Mordred,nr_er,sensitivity,0.3,0.02568505834570408
20.0,Mordred,nr_er,sensitivity,0.295,0.02251542681017714
21.0,Mordred,nr_er,sensitivity,0.29166666666666663,0.030046260628866575
22.0,Mordred,nr_er,sensitivity,0.29,0.030844592538869557
23.0,Mordred,nr_er,sensitivity,0.2866666666666666,0.029226129861250286
24.0,Mordred,nr_er,sensitivity,0.2866666666666666,0.034156502553198645
25.0,Mordred,nr_er,sensitivity,0.275,0.029462782549439466
26.0,Mordred,nr_er,sensitivity,0.27166666666666667,0.025413251136628203
27.0,Mordred,nr_er,sensitivity,0.2783333333333333,0.02173067468400886
28.0,Mordred,nr_er,sensitivity,0.2683333333333333,0.02312406154251937
29.0,Mordred,nr_er,sensitivity,0.26999999999999996,0.02674467755980205
30.0,Mordred,nr_er,sensitivity,0.265,0.02312406154251937
31.0,Mordred,nr_er,sensitivity,0.2633333333333333,0.0292261298612503
32.0,Mordred,nr_er,sensitivity,0.25999999999999995,0.02725904538966023
33.0,Mordred,nr_er,sensitivity,0.26166666666666666,0.028012893856619356
34.0,Mordred,nr_er,sensitivity,0.25999999999999995,0.027259045389660206
35.0,Mordred,nr_er,sensitivity,0.2633333333333333,0.02981423969999721
36.0,Mordred,nr_er,sensitivity,0.255,0.026744677559802022
37.0,Mordred,nr_er,sensitivity,0.25666666666666665,0.029697549468675765
38.0,Mordred,nr_er,sensitivity,0.2483333333333333,0.030276503540974945
39.0,Mordred,nr_er,sensitivity,0.25166666666666665,0.025954019170662382
40.0,Mordred,nr_er,sensitivity,0.24666666666666665,0.028012893856619387
41.0,Mordred,nr_er,sensitivity,0.24666666666666665,0.029814239699997226
42.0,Mordred,nr_er,sensitivity,0.24166666666666664,0.03385016001931652
43.0,Mordred,nr_er,sensitivity,0.23999999999999994,0.030276503540974907
44.0,Mordred,nr_er,sensitivity,0.23499999999999996,0.034054694569504246
45.0,Mordred,nr_er,sensitivity,0.23666666666666664,0.038459935864047765
46.0,Mordred,nr_er,sensitivity,0.22999999999999993,0.04022506128715723
47.0,Mordred,nr_er,sensitivity,0.2333333333333333,0.03173238794109958
48.0,Mordred,nr_er,sensitivity,0.22666666666666666,0.03301935459359824
49.0,Mordred,nr_er,sensitivity,0.2333333333333333,0.034359213546813844
50.0,Mordred,nr_er,sensitivity,0.2233333333333333,0.03405469456950427
51.0,Mordred,nr_er,sensitivity,0.22999999999999998,0.0336443820636439
52.0,Mordred,nr_er,sensitivity,0.22666666666666666,0.03301935459359824
53.0,Mordred,nr_er,sensitivity,0.22999999999999998,0.03564874939367909
54.0,Mordred,nr_er,sensitivity,0.225,0.0338501600193165
55.0,Mordred,nr_er,sensitivity,0.22333333333333333,0.035059473279937706
56.0,Mordred,nr_er,sensitivity,0.21666666666666662,0.03726779962499651
57.0,Mordred,nr_er,sensitivity,0.21666666666666665,0.03486083443891981
58.0,Mordred,nr_er,sensitivity,0.2133333333333333,0.03564874939367907
59.0,Mordred,nr_er,sensitivity,0.21166666666666661,0.03415650255319867
60.0,Mordred,nr_er,sensitivity,0.21166666666666661,0.038005847503304616
61.0,Mordred,nr_er,sensitivity,0.21166666666666661,0.03415650255319867
62.0,Mordred,nr_er,sensitivity,0.20999999999999996,0.04183300132670378
63.0,Mordred,nr_er,sensitivity,0.20166666666666666,0.03745367509040704
64.0,Mordred,nr_er,sensitivity,0.2033333333333333,0.03415650255319867
65.0,Mordred,nr_er,sensitivity,0.20166666666666666,0.03698723503528691
66.0,Mordred,nr_er,sensitivity,0.20166666666666666,0.037914377220257735
67.0,Mordred,nr_er,sensitivity,0.19499999999999998,0.03151278400198172
68.0,Mordred,nr_er,sensitivity,0.19499999999999995,0.035648749393679076
69.0,Mordred,nr_er,sensitivity,0.1916666666666666,0.032808366141715874
70.0,Mordred,nr_er,sensitivity,0.1916666666666666,0.03584302194601097
71.0,Mordred,nr_er,sensitivity,0.1916666666666666,0.03996526269427267
72.0,Mordred,nr_er,sensitivity,0.18833333333333332,0.041079191812887474
73.0,Mordred,nr_er,sensitivity,0.185,0.03791437722025776
74.0,Mordred,nr_er,sensitivity,0.185,0.04099457958749614
75.0,Mordred,nr_er,sensitivity,0.18166666666666664,0.03881938232950705
76.0,Mordred,nr_er,sensitivity,0.18166666666666664,0.03881938232950705
77.0,Mordred,nr_er,sensitivity,0.18166666666666664,0.03881938232950705
78.0,Mordred,nr_er,sensitivity,0.18,0.0414996653266291
79.0,Mordred,nr_er,sensitivity,0.1783333333333333,0.03935239651039195
80.0,Mordred,nr_er,sensitivity,0.1783333333333333,0.044331453594234634
81.0,Mordred,nr_er,sensitivity,0.17666666666666664,0.04306003560921273
82.0,Mordred,nr_er,sensitivity,0.17833333333333332,0.040225061287157235
83.0,Mordred,nr_er,sensitivity,0.17333333333333328,0.040138648595974324
84.0,Mordred,nr_er,sensitivity,0.17666666666666664,0.04617298392398356
85.0,Mordred,nr_er,sensitivity,0.16833333333333328,0.03970376416523864
86.0,Mordred,nr_er,sensitivity,0.16666666666666663,0.03864007706456543
87.0,Mordred,nr_er,sensitivity,0.16166666666666663,0.04191592113319762
88.0,Mordred,nr_er,sensitivity,0.16166666666666665,0.040225061287157214
89.0,Mordred,nr_er,sensitivity,0.15499999999999997,0.0320589734361189
90.0,Mordred,nr_er,sensitivity,0.15333333333333332,0.038459935864047765
91.0,Mordred,nr_er,sensitivity,0.14333333333333328,0.04224597285212193
92.0,Mordred,nr_er,sensitivity,0.1466666666666666,0.04587119648174295
93.0,Mordred,nr_er,sensitivity,0.14666666666666664,0.04022506128715722
94.0,Mordred,nr_er,sensitivity,0.14833333333333326,0.04306003560921271
95.0,Mordred,nr_er,sensitivity,0.14166666666666664,0.0390867979985286
96.0,Mordred,nr_er,sensitivity,0.13999999999999996,0.03881938232950706
97.0,Mordred,nr_er,sensitivity,0.13999999999999996,0.03881938232950706
98.0,Mordred,nr_er,sensitivity,0.13833333333333328,0.03979112128771106
99.0,Mordred,nr_er,sensitivity,0.13166666666666663,0.03836954811073776
100.0,Mordred,nr_er,sensitivity,0.1233333333333333,0.0369872350352869
101.0,Mordred,nr_er,sensitivity,0.11666666666666663,0.03632415786283895
102.0,Mordred,nr_er,sensitivity,0.1233333333333333,0.0369872350352869
103.0,Mordred,nr_er,sensitivity,0.11333333333333331,0.03800584750330461
104.0,Mordred,nr_er,sensitivity,0.11166666666666665,0.03364438206364391
105.0,Mordred,nr_er,sensitivity,0.10999999999999996,0.03354101966249685
106.0,Mordred,nr_er,sensitivity,0.11166666666666665,0.03364438206364391
107.0,Mordred,nr_er,sensitivity,0.10833333333333331,0.03173238794109963
108.0,Mordred,nr_er,sensitivity,0.10666666666666665,0.030276503540974935
109.0,Mordred,nr_er,sensitivity,0.10833333333333331,0.03173238794109963
110.0,Mordred,nr_er,sensitivity,0.10499999999999995,0.02922612986125031
111.0,Mordred,nr_er,sensitivity,0.10499999999999995,0.02922612986125031
112.0,Mordred,nr_er,sensitivity,0.09833333333333329,0.02850438562747845
113.0,Mordred,nr_er,sensitivity,0.09833333333333329,0.03027650354097491
114.0,Mordred,nr_er,sensitivity,0.09166666666666665,0.022047927592204947
115.0,Mordred,nr_er,sensitivity,0.08999999999999996,0.027888667551135872
116.0,Mordred,nr_er,sensitivity,0.08833333333333329,0.024720661623652242
117.0,Mordred,nr_er,sensitivity,0.08666666666666664,0.025413251136628207
118.0,Mordred,nr_er,sensitivity,0.08666666666666664,0.02327373340628158
119.0,Mordred,nr_er,sensitivity,0.08499999999999996,0.024579802006254398
120.0,Mordred,nr_er,sensitivity,0.08166666666666664,0.02788866755113586
121.0,Mordred,nr_er,sensitivity,0.08166666666666664,0.025954019170662413
122.0,Mordred,nr_er,sensitivity,0.07999999999999999,0.027386127875258317
123.0,Mordred,nr_er,sensitivity,0.07833333333333332,0.02738612787525832
124.0,Mordred,nr_er,sensitivity,0.07833333333333332,0.02738612787525832
125.0,Mordred,nr_er,sensitivity,0.075,0.030618621784789725
126.0,Mordred,nr_er,sensitivity,0.07166666666666663,0.022515426810177153
127.0,Mordred,nr_er,sensitivity,0.06999999999999999,0.02091650066335189
128.0,Mordred,nr_er,sensitivity,0.06499999999999997,0.023124061542519364
129.0,Mordred,nr_er,sensitivity,0.06499999999999996,0.024579802006254408
130.0,Mordred,nr_er,sensitivity,0.06333333333333331,0.022515426810177177
131.0,Mordred,nr_er,sensitivity,0.06499999999999996,0.024579802006254408
132.0,Mordred,nr_er,sensitivity,0.06499999999999997,0.023124061542519364
133.0,Mordred,nr_er,sensitivity,0.06333333333333331,0.02472066162365224
134.0,Mordred,nr_er,sensitivity,0.06166666666666663,0.02400810048481325
135.0,Mordred,nr_er,sensitivity,0.06166666666666663,0.02400810048481325
136.0,Mordred,nr_er,sensitivity,0.06166666666666663,0.02400810048481325
137.0,Mordred,nr_er,sensitivity,0.05999999999999996,0.02595401917066241
138.0,Mordred,nr_er,sensitivity,0.05833333333333328,0.022821773229381916
139.0,Mordred,nr_er,sensitivity,0.05666666666666662,0.022360679774997894
140.0,Mordred,nr_er,sensitivity,0.05666666666666662,0.022360679774997894
141.0,Mordred,nr_er,sensitivity,0.05666666666666662,0.022360679774997894
142.0,Mordred,nr_er,sensitivity,0.0533333333333333,0.020916500663351892
143.0,Mordred,nr_er,sensitivity,0.05166666666666664,0.020749832663314555
144.0,Mordred,nr_er,sensitivity,0.0533333333333333,0.020916500663351892
145.0,Mordred,nr_er,sensitivity,0.05166666666666664,0.023863035105460575
146.0,Mordred,nr_er,sensitivity,0.05166666666666664,0.023863035105460575
147.0,Mordred,nr_er,sensitivity,0.049999999999999975,0.020412414523193152
148.0,Mordred,nr_er,sensitivity,0.049999999999999975,0.0176776695296637
149.0,Mordred,nr_er,sensitivity,0.04666666666666662,0.01513825177048745
150.0,Mordred,nr_er,sensitivity,0.0483333333333333,0.014907119849998589
151.0,Mordred,nr_er,sensitivity,0.0433333333333333,0.013693063937629153
152.0,Mordred,nr_er,sensitivity,0.041666666666666644,0.011785113019775797
153.0,Mordred,nr_er,sensitivity,0.03999999999999998,0.009128709291752789
154.0,Mordred,nr_er,sensitivity,0.038333333333333316,0.011180339887498955
155.0,Mordred,nr_er,sensitivity,0.03666666666666664,0.00950146187582615
156.0,Mordred,nr_er,sensitivity,0.03666666666666664,0.00950146187582615
157.0,Mordred,nr_er,sensitivity,0.03666666666666664,0.00950146187582615
158.0,Mordred,nr_er,sensitivity,0.03666666666666664,0.00950146187582615
159.0,Mordred,nr_er,sensitivity,0.03499999999999998,0.009128709291752773
160.0,Mordred,nr_er,sensitivity,0.03499999999999998,0.009128709291752773
161.0,Mordred,nr_er,sensitivity,0.0333333333333333,0.0058925565098878726
162.0,Mordred,nr_er,sensitivity,0.0333333333333333,0.0058925565098878726
163.0,Mordred,nr_er,sensitivity,0.0333333333333333,0.0058925565098878726
164.0,Mordred,nr_er,sensitivity,0.0333333333333333,0.0058925565098878726
165.0,Mordred,nr_er,sensitivity,0.02999999999999998,0.00745355992499927
166.0,Mordred,nr_er,sensitivity,0.03166666666666664,0.006972166887783934
167.0,Mordred,nr_er,sensitivity,0.0283333333333333,0.009501461875826142
168.0,Mordred,nr_er,sensitivity,0.026666666666666637,0.00697216688778397
169.0,Mordred,nr_er,sensitivity,0.02499999999999996,0.008333333333333349
170.0,Mordred,nr_er,sensitivity,0.02166666666666662,0.0074535599249993196
171.0,Mordred,nr_er,sensitivity,0.0233333333333333,0.006972166887783982
172.0,Mordred,nr_er,sensitivity,0.01999999999999996,0.009501461875826159
173.0,Mordred,nr_er,sensitivity,0.02166666666666664,0.009501461875826159
174.0,Mordred,nr_er,sensitivity,0.02166666666666664,0.009501461875826159
175.0,Mordred,nr_er,sensitivity,0.02166666666666664,0.009501461875826159
176.0,Mordred,nr_er,sensitivity,0.016666666666666642,0.013176156917368242
177.0,Mordred,nr_er,sensitivity,0.0133333333333333,0.009501461875826142
178.0,Mordred,nr_er,sensitivity,0.0133333333333333,0.009501461875826142
179.0,Mordred,nr_er,sensitivity,0.0133333333333333,0.009501461875826142
180.0,Mordred,nr_er,sensitivity,0.0133333333333333,0.009501461875826142
181.0,Mordred,nr_er,sensitivity,0.011666666666666641,0.009501461875826147
182.0,Mordred,nr_er,sensitivity,0.0133333333333333,0.009501461875826142
183.0,Mordred,nr_er,sensitivity,0.011666666666666641,0.009501461875826147
184.0,Mordred,nr_er,sensitivity,0.011666666666666641,0.009501461875826147
185.0,Mordred,nr_er,sensitivity,0.011666666666666641,0.009501461875826147
186.0,Mordred,nr_er,sensitivity,0.011666666666666641,0.009501461875826147
187.0,Mordred,nr_er,sensitivity,0.011666666666666641,0.009501461875826147
188.0,Mordred,nr_er,sensitivity,0.008333333333333321,0.010206207261596574
189.0,Mordred,nr_er,sensitivity,0.011666666666666641,0.009501461875826147
190.0,Mordred,nr_er,sensitivity,0.008333333333333321,0.010206207261596574
191.0,Mordred,nr_er,sensitivity,0.009999999999999981,0.009128709291752772
192.0,Mordred,nr_er,sensitivity,0.006666666666666659,0.010865337342004414
193.0,Mordred,nr_er,sensitivity,0.008333333333333321,0.010206207261596574
194.0,Mordred,nr_er,sensitivity,0.00499999999999998,0.007453559924999269
195.0,Mordred,nr_er,sensitivity,0.00499999999999998,0.007453559924999269
196.0,Mordred,nr_er,sensitivity,0.00333333333333332,0.004564354645876366
197.0,Mordred,nr_er,sensitivity,0.00333333333333332,0.004564354645876366
198.0,Mordred,nr_er,sensitivity,0.00333333333333332,0.004564354645876366
199.0,Mordred,nr_er,sensitivity,0.00333333333333332,0.004564354645876366
200.0,Mordred,nr_er,sensitivity,0.00333333333333332,0.004564354645876366
1.0,CheMeleon (fine-tuned),nr_er,specificity,0.9105654270297482,0.009382508480927856
2.0,CheMeleon (fine-tuned),nr_er,specificity,0.9105654270297482,0.009382508480927856
3.0,CheMeleon (fine-tuned),nr_er,specificity,0.9194888857426022,0.009634604660147964
4.0,CheMeleon (fine-tuned),nr_er,specificity,0.921670442210581,0.007941552415341868
5.0,CheMeleon (fine-tuned),nr_er,specificity,0.9212734201708432,0.008730932059403184
6.0,CheMeleon (fine-tuned),nr_er,specificity,0.9226609325593469,0.010273075915051303
7.0,CheMeleon (fine-tuned),nr_er,specificity,0.9190930435603379,0.008137385888941435
8.0,CheMeleon (fine-tuned),nr_er,specificity,0.9224635030754952,0.008888534862127975
9.0,CheMeleon (fine-tuned),nr_er,specificity,0.9182995894095993,0.008408715074332213
10.0,CheMeleon (fine-tuned),nr_er,specificity,0.9198861044252521,0.008659724568261
11.0,CheMeleon (fine-tuned),nr_er,specificity,0.916713467679771,0.007968391593593185
12.0,CheMeleon (fine-tuned),nr_er,specificity,0.9186970047351612,0.007316548396433111
13.0,CheMeleon (fine-tuned),nr_er,specificity,0.9167128777510344,0.009044539336014765
14.0,CheMeleon (fine-tuned),nr_er,specificity,0.9179025673698618,0.010082962733360065
15.0,CheMeleon (fine-tuned),nr_er,specificity,0.9155227948463827,0.011062279410900707
16.0,CheMeleon (fine-tuned),nr_er,specificity,0.9163162489971212,0.010633733473827145
17.0,CheMeleon (fine-tuned),nr_er,specificity,0.9163164456400335,0.010085961048622572
18.0,CheMeleon (fine-tuned),nr_er,specificity,0.9169108971636227,0.010792139639329294
19.0,CheMeleon (fine-tuned),nr_er,specificity,0.9149289332515298,0.009208914904180967
20.0,CheMeleon (fine-tuned),nr_er,specificity,0.9157219941164441,0.009968425245264381
21.0,CheMeleon (fine-tuned),nr_er,specificity,0.9141358723866156,0.010079279691687499
22.0,CheMeleon (fine-tuned),nr_er,specificity,0.9157214041877075,0.010711970885912029
23.0,CheMeleon (fine-tuned),nr_er,specificity,0.9145313212830557,0.010793852472843776
24.0,CheMeleon (fine-tuned),nr_er,specificity,0.9163158557112968,0.010381425682257004
25.0,CheMeleon (fine-tuned),nr_er,specificity,0.9155233847751191,0.009160824587276021
26.0,CheMeleon (fine-tuned),nr_er,specificity,0.9145313212830557,0.01070164577390443
27.0,CheMeleon (fine-tuned),nr_er,specificity,0.9131428256799913,0.011050561971816548
28.0,CheMeleon (fine-tuned),nr_er,specificity,0.9135396510768166,0.010283133302180569
29.0,CheMeleon (fine-tuned),nr_er,specificity,0.9127463935689903,0.010765157171752993
30.0,CheMeleon (fine-tuned),nr_er,specificity,0.9133418283071405,0.009564090999741653
31.0,CheMeleon (fine-tuned),nr_er,specificity,0.9121517454024888,0.010214651351362996
32.0,CheMeleon (fine-tuned),nr_er,specificity,0.9127469834977268,0.0103858752761539
33.0,CheMeleon (fine-tuned),nr_er,specificity,0.9133418283071405,0.010975409751882891
34.0,CheMeleon (fine-tuned),nr_er,specificity,0.9133416316642282,0.011307879974750457
35.0,CheMeleon (fine-tuned),nr_er,specificity,0.9127469834977268,0.010410054007786712
36.0,CheMeleon (fine-tuned),nr_er,specificity,0.9133420249500528,0.010678045461458436
37.0,CheMeleon (fine-tuned),nr_er,specificity,0.9127467868548147,0.009729401300629657
38.0,CheMeleon (fine-tuned),nr_er,specificity,0.9129451995532273,0.009838279742078373
39.0,CheMeleon (fine-tuned),nr_er,specificity,0.9123501581009015,0.009745659490137308
40.0,CheMeleon (fine-tuned),nr_er,specificity,0.9131434156087279,0.009384799816428974
41.0,CheMeleon (fine-tuned),nr_er,specificity,0.9121519420454008,0.009870272384450316
42.0,CheMeleon (fine-tuned),nr_er,specificity,0.9127467868548147,0.010125415805778453
43.0,CheMeleon (fine-tuned),nr_er,specificity,0.9111602718391619,0.01098007766631383
44.0,CheMeleon (fine-tuned),nr_er,specificity,0.9117553132914878,0.010125851657689514
45.0,CheMeleon (fine-tuned),nr_er,specificity,0.9121515487595765,0.010936628504677711
46.0,CheMeleon (fine-tuned),nr_er,specificity,0.9123499614579892,0.010382111650697278
47.0,CheMeleon (fine-tuned),nr_er,specificity,0.9117551166485756,0.010602122277884284
48.0,CheMeleon (fine-tuned),nr_er,specificity,0.9131438088945523,0.008977751915648957
49.0,CheMeleon (fine-tuned),nr_er,specificity,0.9127465902119024,0.010415016650537158
50.0,CheMeleon (fine-tuned),nr_er,specificity,0.9145315179259679,0.010560838650073304
51.0,CheMeleon (fine-tuned),nr_er,specificity,0.9137384570610536,0.011051235058425292
52.0,CheMeleon (fine-tuned),nr_er,specificity,0.9135398477197288,0.01106310359793845
53.0,CheMeleon (fine-tuned),nr_er,specificity,0.9121513521166642,0.012332843696710769
54.0,CheMeleon (fine-tuned),nr_er,specificity,0.9129446096244906,0.011963751841222394
55.0,CheMeleon (fine-tuned),nr_er,specificity,0.9129448062674028,0.011457728579505931
56.0,CheMeleon (fine-tuned),nr_er,specificity,0.9133416316642282,0.010212462324457158
57.0,CheMeleon (fine-tuned),nr_er,specificity,0.9131430223229033,0.01148424529259192
58.0,CheMeleon (fine-tuned),nr_er,specificity,0.9131434156087277,0.009819249412089219
59.0,CheMeleon (fine-tuned),nr_er,specificity,0.911556900593075,0.01028203367220245
60.0,CheMeleon (fine-tuned),nr_er,specificity,0.9125483741564018,0.010376308499118723
61.0,CheMeleon (fine-tuned),nr_er,specificity,0.9121515487595765,0.01135539624439885
62.0,CheMeleon (fine-tuned),nr_er,specificity,0.9127469834977268,0.009419053697078978
63.0,CheMeleon (fine-tuned),nr_er,specificity,0.9123499614579892,0.010891110222493967
64.0,CheMeleon (fine-tuned),nr_er,specificity,0.9125485707993141,0.010421642317029849
65.0,CheMeleon (fine-tuned),nr_er,specificity,0.9121513521166642,0.011907822497492842
66.0,CheMeleon (fine-tuned),nr_er,specificity,0.9127463935689901,0.010991606268487913
67.0,CheMeleon (fine-tuned),nr_er,specificity,0.9123497648150771,0.011292221150882008
68.0,CheMeleon (fine-tuned),nr_er,specificity,0.9123497648150771,0.011072186263742212
69.0,CheMeleon (fine-tuned),nr_er,specificity,0.9127465902119024,0.010854556722398228
70.0,CheMeleon (fine-tuned),nr_er,specificity,0.9123497648150769,0.011824449589807863
71.0,CheMeleon (fine-tuned),nr_er,specificity,0.9121515487595765,0.012230922474728513
72.0,CheMeleon (fine-tuned),nr_er,specificity,0.9123501581009015,0.011353167432608433
73.0,CheMeleon (fine-tuned),nr_er,specificity,0.9121517454024888,0.011419053742305375
74.0,CheMeleon (fine-tuned),nr_er,specificity,0.9117555099343999,0.011315989291834755
75.0,CheMeleon (fine-tuned),nr_er,specificity,0.9111602718391619,0.01212856492998493
76.0,CheMeleon (fine-tuned),nr_er,specificity,0.9119537259899004,0.010723577884176995
77.0,CheMeleon (fine-tuned),nr_er,specificity,0.9109620557836614,0.010817371283634468
78.0,CheMeleon (fine-tuned),nr_er,specificity,0.9119537259899004,0.010655208191223411
79.0,CheMeleon (fine-tuned),nr_er,specificity,0.9111600751962496,0.011528533602625502
80.0,CheMeleon (fine-tuned),nr_er,specificity,0.9121513521166642,0.012472380379264418
81.0,CheMeleon (fine-tuned),nr_er,specificity,0.911754723362751,0.0119781146518622
82.0,CheMeleon (fine-tuned),nr_er,specificity,0.9117549200056633,0.012419531882043434
83.0,CheMeleon (fine-tuned),nr_er,specificity,0.9111596819104252,0.01263118782966161
84.0,CheMeleon (fine-tuned),nr_er,specificity,0.9119529394182516,0.012567627099288272
85.0,CheMeleon (fine-tuned),nr_er,specificity,0.9101682083470983,0.012074540374326025
86.0,CheMeleon (fine-tuned),nr_er,specificity,0.9115569005930751,0.011712102653963732
87.0,CheMeleon (fine-tuned),nr_er,specificity,0.9111600751962496,0.012151229892840633
88.0,CheMeleon (fine-tuned),nr_er,specificity,0.911160468482074,0.011352715026948623
89.0,CheMeleon (fine-tuned),nr_er,specificity,0.9105652303868359,0.011798593630360465
90.0,CheMeleon (fine-tuned),nr_er,specificity,0.9115570972359872,0.010996393043833598
91.0,CheMeleon (fine-tuned),nr_er,specificity,0.910764036371073,0.01017311413618919
92.0,CheMeleon (fine-tuned),nr_er,specificity,0.9105660169584848,0.009684532148489473
93.0,CheMeleon (fine-tuned),nr_er,specificity,0.9111606651249863,0.010589043896800845
94.0,CheMeleon (fine-tuned),nr_er,specificity,0.9107634464423364,0.011727450450871141
95.0,CheMeleon (fine-tuned),nr_er,specificity,0.9107638397281608,0.010600929154483378
96.0,CheMeleon (fine-tuned),nr_er,specificity,0.911556900593075,0.010975145474348896
97.0,CheMeleon (fine-tuned),nr_er,specificity,0.9115567039501629,0.011460335224303826
98.0,CheMeleon (fine-tuned),nr_er,specificity,0.9115565073072507,0.011799669769347789
99.0,CheMeleon (fine-tuned),nr_er,specificity,0.9107630531565121,0.01206275096547902
100.0,CheMeleon (fine-tuned),nr_er,specificity,0.911358094608838,0.011805066410692261
101.0,CheMeleon (fine-tuned),nr_er,specificity,0.910366621045511,0.011805960552743067
102.0,CheMeleon (fine-tuned),nr_er,specificity,0.910168994918747,0.010866302409114653
103.0,CheMeleon (fine-tuned),nr_er,specificity,0.9113586845375746,0.01049853915619523
104.0,CheMeleon (fine-tuned),nr_er,specificity,0.9115570972359872,0.010516390287964712
105.0,CheMeleon (fine-tuned),nr_er,specificity,0.9111600751962496,0.011550320611137851
106.0,CheMeleon (fine-tuned),nr_er,specificity,0.9115567039501629,0.01210696614256412
107.0,CheMeleon (fine-tuned),nr_er,specificity,0.9113584878946623,0.011569837496309727
108.0,CheMeleon (fine-tuned),nr_er,specificity,0.9121517454024886,0.01137652065950325
109.0,CheMeleon (fine-tuned),nr_er,specificity,0.911953332704076,0.01179729722968601
110.0,CheMeleon (fine-tuned),nr_er,specificity,0.9123501581009013,0.011332119823114705
111.0,CheMeleon (fine-tuned),nr_er,specificity,0.9111602718391619,0.011527023884558051
112.0,CheMeleon (fine-tuned),nr_er,specificity,0.9115570972359872,0.011129572333375339
113.0,CheMeleon (fine-tuned),nr_er,specificity,0.9123501581009015,0.011309309063837737
114.0,CheMeleon (fine-tuned),nr_er,specificity,0.911953332704076,0.011921042032470755
115.0,CheMeleon (fine-tuned),nr_er,specificity,0.9125483741564018,0.011456835931716324
116.0,CheMeleon (fine-tuned),nr_er,specificity,0.9117551166485756,0.011406520817556947
117.0,CheMeleon (fine-tuned),nr_er,specificity,0.9111598785533375,0.011741293350552812
118.0,CheMeleon (fine-tuned),nr_er,specificity,0.9115565073072507,0.01192347171489364
119.0,CheMeleon (fine-tuned),nr_er,specificity,0.9113584878946623,0.01135475409467034
120.0,CheMeleon (fine-tuned),nr_er,specificity,0.9115567039501627,0.011111163946761626
121.0,CheMeleon (fine-tuned),nr_er,specificity,0.9117553132914878,0.010600512808573158
122.0,CheMeleon (fine-tuned),nr_er,specificity,0.9121519420454008,0.010774267453329532
123.0,CheMeleon (fine-tuned),nr_er,specificity,0.9113588811804867,0.010065923202689583
124.0,CheMeleon (fine-tuned),nr_er,specificity,0.9121521386883131,0.010113244239047876
125.0,CheMeleon (fine-tuned),nr_er,specificity,0.9113588811804867,0.010306657363534952
126.0,CheMeleon (fine-tuned),nr_er,specificity,0.9117553132914878,0.010715302037022648
127.0,CheMeleon (fine-tuned),nr_er,specificity,0.9119535293469883,0.010586770047399491
128.0,CheMeleon (fine-tuned),nr_er,specificity,0.9127469834977268,0.010291434504183622
129.0,CheMeleon (fine-tuned),nr_er,specificity,0.911160468482074,0.010308128753546855
130.0,CheMeleon (fine-tuned),nr_er,specificity,0.9117551166485756,0.01096626727812089
131.0,CheMeleon (fine-tuned),nr_er,specificity,0.911556900593075,0.010423501718865533
132.0,CheMeleon (fine-tuned),nr_er,specificity,0.9119531360611639,0.011524207559588738
133.0,CheMeleon (fine-tuned),nr_er,specificity,0.9111602718391618,0.01109102706488502
134.0,CheMeleon (fine-tuned),nr_er,specificity,0.9121515487595765,0.011484667769864414
135.0,CheMeleon (fine-tuned),nr_er,specificity,0.9111602718391619,0.010845062711156657
136.0,CheMeleon (fine-tuned),nr_er,specificity,0.9123499614579892,0.01113597001467646
137.0,CheMeleon (fine-tuned),nr_er,specificity,0.9119535293469883,0.01049357993268299
138.0,CheMeleon (fine-tuned),nr_er,specificity,0.912945002910315,0.010906253225061217
139.0,CheMeleon (fine-tuned),nr_er,specificity,0.9123503547438137,0.01030624806772607
140.0,CheMeleon (fine-tuned),nr_er,specificity,0.912945002910315,0.010906253225061217
141.0,CheMeleon (fine-tuned),nr_er,specificity,0.9119539226328126,0.01000945932976449
142.0,CheMeleon (fine-tuned),nr_er,specificity,0.9119537259899004,0.01027815368934151
143.0,CheMeleon (fine-tuned),nr_er,specificity,0.9117557065773122,0.00964874307934841
144.0,CheMeleon (fine-tuned),nr_er,specificity,0.9127467868548145,0.010783107477451407
145.0,CheMeleon (fine-tuned),nr_er,specificity,0.9121523353312254,0.009739110069308068
146.0,CheMeleon (fine-tuned),nr_er,specificity,0.9119537259899004,0.010630303120018267
147.0,CheMeleon (fine-tuned),nr_er,specificity,0.9117555099343999,0.01036288925939205
148.0,CheMeleon (fine-tuned),nr_er,specificity,0.9121519420454011,0.010635998769071783
149.0,CheMeleon (fine-tuned),nr_er,specificity,0.9125481775134897,0.010818656262186022
150.0,CheMeleon (fine-tuned),nr_er,specificity,0.9127465902119024,0.010785209477958526
151.0,CheMeleon (fine-tuned),nr_er,specificity,0.9127465902119024,0.010785209477958526
152.0,CheMeleon (fine-tuned),nr_er,specificity,0.9131434156087277,0.010495864475100855
153.0,CheMeleon (fine-tuned),nr_er,specificity,0.9125487674422263,0.009685221456546593
154.0,CheMeleon (fine-tuned),nr_er,specificity,0.9123503547438137,0.00986766379454097
155.0,CheMeleon (fine-tuned),nr_er,specificity,0.9125487674422263,0.009685221456546593
156.0,CheMeleon (fine-tuned),nr_er,specificity,0.9125487674422263,0.00993552792983956
157.0,CheMeleon (fine-tuned),nr_er,specificity,0.9125487674422263,0.0097861123483873
158.0,CheMeleon (fine-tuned),nr_er,specificity,0.9127469834977269,0.010170952491463615
159.0,CheMeleon (fine-tuned),nr_er,specificity,0.9129453961961396,0.01000881386662173
160.0,CheMeleon (fine-tuned),nr_er,specificity,0.9129453961961396,0.01000881386662173
161.0,CheMeleon (fine-tuned),nr_er,specificity,0.9131434156087279,0.010635405083252763
162.0,CheMeleon (fine-tuned),nr_er,specificity,0.9137384570610536,0.0103143907465089
163.0,CheMeleon (fine-tuned),nr_er,specificity,0.9137384570610536,0.0103143907465089
164.0,CheMeleon (fine-tuned),nr_er,specificity,0.9139368697594664,0.010154557081828745
165.0,CheMeleon (fine-tuned),nr_er,specificity,0.9135400443626411,0.010676549971468873
166.0,CheMeleon (fine-tuned),nr_er,specificity,0.9141350858149669,0.0103757757854545
167.0,CheMeleon (fine-tuned),nr_er,specificity,0.9133416316642282,0.01056698573869884
168.0,CheMeleon (fine-tuned),nr_er,specificity,0.9139366731165541,0.010513542531589103
169.0,CheMeleon (fine-tuned),nr_er,specificity,0.9129451995532273,0.01034916757551835
170.0,CheMeleon (fine-tuned),nr_er,specificity,0.9143333018704674,0.010657180808769163
171.0,CheMeleon (fine-tuned),nr_er,specificity,0.9133418283071405,0.010305838783802606
172.0,CheMeleon (fine-tuned),nr_er,specificity,0.9151269526641181,0.009984573058509687
173.0,CheMeleon (fine-tuned),nr_er,specificity,0.9139368697594664,0.009884973894129304
174.0,CheMeleon (fine-tuned),nr_er,specificity,0.9151265593782938,0.01058624407083351
175.0,CheMeleon (fine-tuned),nr_er,specificity,0.9143334985133796,0.010302671331394078
176.0,CheMeleon (fine-tuned),nr_er,specificity,0.9147301272672929,0.010239955904304907
177.0,CheMeleon (fine-tuned),nr_er,specificity,0.9145319112117922,0.010152356630593868
178.0,CheMeleon (fine-tuned),nr_er,specificity,0.9149285399657054,0.009832346586977982
179.0,CheMeleon (fine-tuned),nr_er,specificity,0.9145319112117922,0.009319895838984446
180.0,CheMeleon (fine-tuned),nr_er,specificity,0.9151267560212059,0.010108902337059666
181.0,CheMeleon (fine-tuned),nr_er,specificity,0.9139368697594664,0.009633202142673037
182.0,CheMeleon (fine-tuned),nr_er,specificity,0.9147301272672929,0.009898388319478212
183.0,CheMeleon (fine-tuned),nr_er,specificity,0.9143336951562919,0.009218236418671906
184.0,CheMeleon (fine-tuned),nr_er,specificity,0.9141354791007913,0.009296823290107378
185.0,CheMeleon (fine-tuned),nr_er,specificity,0.914135282457879,0.009404485504722544
186.0,CheMeleon (fine-tuned),nr_er,specificity,0.914333891799204,0.009081314102166458
187.0,CheMeleon (fine-tuned),nr_er,specificity,0.9141354791007913,0.009760640829764152
188.0,CheMeleon (fine-tuned),nr_er,specificity,0.9145323044976166,0.009419483023940583
189.0,CheMeleon (fine-tuned),nr_er,specificity,0.9139374596882031,0.009100918505417305
190.0,CheMeleon (fine-tuned),nr_er,specificity,0.9153257586483553,0.008430385423459877
191.0,CheMeleon (fine-tuned),nr_er,specificity,0.9151273459499427,0.0086051012974833
192.0,CheMeleon (fine-tuned),nr_er,specificity,0.9151273459499427,0.0086051012974833
193.0,CheMeleon (fine-tuned),nr_er,specificity,0.9147305205531172,0.008982730165393908
194.0,CheMeleon (fine-tuned),nr_er,specificity,0.9155237780609436,0.00910085517609198
195.0,CheMeleon (fine-tuned),nr_er,specificity,0.9151273459499427,0.0086051012974833
196.0,CheMeleon (fine-tuned),nr_er,specificity,0.9153257586483553,0.008430385423459877
197.0,CheMeleon (fine-tuned),nr_er,specificity,0.9147309138389417,0.00844166076397708
198.0,CheMeleon (fine-tuned),nr_er,specificity,0.9153259552912674,0.008161111344967968
199.0,CheMeleon (fine-tuned),nr_er,specificity,0.9149293265373544,0.008275379714213058
200.0,CheMeleon (fine-tuned),nr_er,specificity,0.9159209967435933,0.008477455138644157
1.0,Chemprop (default),nr_er,specificity,0.9379328110497586,0.0038974718460020336
2.0,Chemprop (default),nr_er,specificity,0.9379328110497586,0.0038974718460020336
3.0,Chemprop (default),nr_er,specificity,0.96014067833939,0.007924930716146198
4.0,Chemprop (default),nr_er,specificity,0.9645045778469961,0.005362451206237697
5.0,Chemprop (default),nr_er,specificity,0.9664871316878255,0.007404521230866323
6.0,Chemprop (default),nr_er,specificity,0.9704528292982207,0.005590691165520299
7.0,Chemprop (default),nr_er,specificity,0.9728339783220854,0.005031992821078956
8.0,Chemprop (default),nr_er,specificity,0.9762044378372426,0.0032143001646646276
9.0,Chemprop (default),nr_er,specificity,0.9766004766624192,0.005550086389601564
10.0,Chemprop (default),nr_er,specificity,0.9769976953450689,0.004287308418010127
11.0,Chemprop (default),nr_er,specificity,0.9777901662812466,0.006099075991110023
12.0,Chemprop (default),nr_er,specificity,0.9789800525429861,0.005360737418388761
13.0,Chemprop (default),nr_er,specificity,0.9795747007094876,0.006375330012177951
14.0,Chemprop (default),nr_er,specificity,0.9793764846539871,0.005361573515197294
15.0,Chemprop (default),nr_er,specificity,0.9805659776299022,0.005233521458298521
16.0,Chemprop (default),nr_er,specificity,0.9801697421618135,0.004654878874439304
17.0,Chemprop (default),nr_er,specificity,0.9797731134079003,0.004790837748071615
18.0,Chemprop (default),nr_er,specificity,0.980566567558639,0.00412677900205618
19.0,Chemprop (default),nr_er,specificity,0.9799709361775764,0.0053184360453029525
20.0,Chemprop (default),nr_er,specificity,0.9803675649314896,0.0060520082382114595
21.0,Chemprop (default),nr_er,specificity,0.9805651910582535,0.006144647662834347
22.0,Chemprop (default),nr_er,specificity,0.9807639970424905,0.005373010998493602
23.0,Chemprop (default),nr_er,specificity,0.9805655843440778,0.005281932048632268
24.0,Chemprop (default),nr_er,specificity,0.9803677615744018,0.005497823093584032
25.0,Chemprop (default),nr_er,specificity,0.9805659776299022,0.0056400201576338755
26.0,Chemprop (default),nr_er,specificity,0.9803675649314896,0.005587887174494594
27.0,Chemprop (default),nr_er,specificity,0.981160822439316,0.005344624957020032
28.0,Chemprop (default),nr_er,specificity,0.9805661742728145,0.005550793234381438
29.0,Chemprop (default),nr_er,specificity,0.981557254550317,0.005812765091742105
30.0,Chemprop (default),nr_er,specificity,0.981557254550317,0.005509119494455108
31.0,Chemprop (default),nr_er,specificity,0.9821522960026428,0.0057437735855649106
32.0,Chemprop (default),nr_er,specificity,0.9815578444790536,0.005039029109379287
33.0,Chemprop (default),nr_er,specificity,0.9823509053439677,0.005716444404532725
34.0,Chemprop (default),nr_er,specificity,0.9813590384948165,0.005587606983467202
35.0,Chemprop (default),nr_er,specificity,0.982152492645555,0.005657062622596679
36.0,Chemprop (default),nr_er,specificity,0.9817556672487295,0.005463213212698856
37.0,Chemprop (default),nr_er,specificity,0.9817556672487295,0.0063775221130580656
38.0,Chemprop (default),nr_er,specificity,0.9817556672487295,0.0063775221130580656
39.0,Chemprop (default),nr_er,specificity,0.9825487281136438,0.006260827203914056
40.0,Chemprop (default),nr_er,specificity,0.9825487281136438,0.005508817660996889
41.0,Chemprop (default),nr_er,specificity,0.982548924756556,0.005372818588852418
42.0,Chemprop (default),nr_er,specificity,0.9829455535104692,0.005223706473791876
43.0,Chemprop (default),nr_er,specificity,0.9831441628517942,0.004759519877508949
44.0,Chemprop (default),nr_er,specificity,0.9833419856214702,0.005631605934798642
45.0,Chemprop (default),nr_er,specificity,0.983540398319883,0.005726543684001843
46.0,Chemprop (default),nr_er,specificity,0.9833421822643824,0.00588691417062121
47.0,Chemprop (default),nr_er,specificity,0.9835405949627951,0.005506533224398348
48.0,Chemprop (default),nr_er,specificity,0.9835402016769708,0.006604143608316522
49.0,Chemprop (default),nr_er,specificity,0.9839364371450594,0.007237567551728652
50.0,Chemprop (default),nr_er,specificity,0.9841350464863844,0.0067662376723196015
51.0,Chemprop (default),nr_er,specificity,0.9853247361052118,0.0061732474487416296
52.0,Chemprop (default),nr_er,specificity,0.9845314785973855,0.006824614641065655
53.0,Chemprop (default),nr_er,specificity,0.9847298912957981,0.006453728459864481
54.0,Chemprop (default),nr_er,specificity,0.9843332625418849,0.006634586676084882
55.0,Chemprop (default),nr_er,specificity,0.9847298912957981,0.006931655347283122
56.0,Chemprop (default),nr_er,specificity,0.9849285006371231,0.006521483762826055
57.0,Chemprop (default),nr_er,specificity,0.9851267166926236,0.0072231458194615475
58.0,Chemprop (default),nr_er,specificity,0.9845318718832099,0.006715192866666985
59.0,Chemprop (default),nr_er,specificity,0.9851265200497114,0.0069813265216598945
60.0,Chemprop (default),nr_er,specificity,0.9845316752402976,0.007106317137260845
61.0,Chemprop (default),nr_er,specificity,0.9845316752402976,0.0070716775376921765
62.0,Chemprop (default),nr_er,specificity,0.9851267166926234,0.007555463990482424
63.0,Chemprop (default),nr_er,specificity,0.9855233454465366,0.007377144434884659
64.0,Chemprop (default),nr_er,specificity,0.9847300879387102,0.00724321900502906
65.0,Chemprop (default),nr_er,specificity,0.9849283039942108,0.007404404316295581
66.0,Chemprop (default),nr_er,specificity,0.9849283039942108,0.007404404316295581
67.0,Chemprop (default),nr_er,specificity,0.9851263234067991,0.007324890463069365
68.0,Chemprop (default),nr_er,specificity,0.9851265200497114,0.007588088102422168
69.0,Chemprop (default),nr_er,specificity,0.9853245394622995,0.0075366366210628975
70.0,Chemprop (default),nr_er,specificity,0.9855229521607123,0.007640162565876929
71.0,Chemprop (default),nr_er,specificity,0.9859193842717133,0.007405621547414844
72.0,Chemprop (default),nr_er,specificity,0.9859193842717133,0.007405621547414844
73.0,Chemprop (default),nr_er,specificity,0.9859193842717133,0.007405621547414844
74.0,Chemprop (default),nr_er,specificity,0.9859193842717133,0.007405621547414844
75.0,Chemprop (default),nr_er,specificity,0.9861176003272139,0.007589275872866906
76.0,Chemprop (default),nr_er,specificity,0.9861174036843016,0.008182139098883021
77.0,Chemprop (default),nr_er,specificity,0.985919187628801,0.007981372373210175
78.0,Chemprop (default),nr_er,specificity,0.9861176003272139,0.007589275872866906
79.0,Chemprop (default),nr_er,specificity,0.9863160130256265,0.00769850715205039
80.0,Chemprop (default),nr_er,specificity,0.9863162096685386,0.007666378388524411
81.0,Chemprop (default),nr_er,specificity,0.9865144257240391,0.008377845916782126
82.0,Chemprop (default),nr_er,specificity,0.9865144257240391,0.007831385091717553
83.0,Chemprop (default),nr_er,specificity,0.9869112511208644,0.006780751477237816
84.0,Chemprop (default),nr_er,specificity,0.9867126417795398,0.007736965996826792
85.0,Chemprop (default),nr_er,specificity,0.9867128384224518,0.007175881360366341
86.0,Chemprop (default),nr_er,specificity,0.9869108578350403,0.007405337936343621
87.0,Chemprop (default),nr_er,specificity,0.9869110544779524,0.0068170769320074895
88.0,Chemprop (default),nr_er,specificity,0.987109467176365,0.006945571145050289
89.0,Chemprop (default),nr_er,specificity,0.9867128384224518,0.006641675128001586
90.0,Chemprop (default),nr_er,specificity,0.987109467176365,0.006430523207714817
91.0,Chemprop (default),nr_er,specificity,0.9869110544779524,0.0068170769320074895
92.0,Chemprop (default),nr_er,specificity,0.9873076832318656,0.006633769117661107
93.0,Chemprop (default),nr_er,specificity,0.9875058992873662,0.007311173810152536
94.0,Chemprop (default),nr_er,specificity,0.9873076832318656,0.00743749306127242
95.0,Chemprop (default),nr_er,specificity,0.987109467176365,0.007256792614854026
96.0,Chemprop (default),nr_er,specificity,0.9875058992873662,0.0076396638057267905
97.0,Chemprop (default),nr_er,specificity,0.9875058992873662,0.0076396638057267905
98.0,Chemprop (default),nr_er,specificity,0.9877041153428665,0.007510206288689513
99.0,Chemprop (default),nr_er,specificity,0.9879025280412792,0.00763350055697435
100.0,Chemprop (default),nr_er,specificity,0.9877041153428665,0.007510206288689513
101.0,Chemprop (default),nr_er,specificity,0.9881007440967797,0.007811768129046871
102.0,Chemprop (default),nr_er,specificity,0.9879025280412792,0.00763350055697435
103.0,Chemprop (default),nr_er,specificity,0.9879025280412792,0.0076975691532964645
104.0,Chemprop (default),nr_er,specificity,0.9879025280412792,0.0076975691532964645
105.0,Chemprop (default),nr_er,specificity,0.9882989601522801,0.008071694246791827
106.0,Chemprop (default),nr_er,specificity,0.9881007440967797,0.007843139764164519
107.0,Chemprop (default),nr_er,specificity,0.9882989601522804,0.008010618446614366
108.0,Chemprop (default),nr_er,specificity,0.9881007440967797,0.007843139764164519
109.0,Chemprop (default),nr_er,specificity,0.9886953922632813,0.008464116565092647
110.0,Chemprop (default),nr_er,specificity,0.988893804961694,0.00810155984168227
111.0,Chemprop (default),nr_er,specificity,0.9890922176601066,0.0077474479990610684
112.0,Chemprop (default),nr_er,specificity,0.9888940016046062,0.007600057558770847
113.0,Chemprop (default),nr_er,specificity,0.9888940016046062,0.007600057558770847
114.0,Chemprop (default),nr_er,specificity,0.9890922176601066,0.007456733197192326
115.0,Chemprop (default),nr_er,specificity,0.9890922176601066,0.007456733197192326
116.0,Chemprop (default),nr_er,specificity,0.9890922176601066,0.007456733197192326
117.0,Chemprop (default),nr_er,specificity,0.9890922176601066,0.007456733197192326
118.0,Chemprop (default),nr_er,specificity,0.9890924143030189,0.006837185844535464
119.0,Chemprop (default),nr_er,specificity,0.9896870624695204,0.0068593192064027204
120.0,Chemprop (default),nr_er,specificity,0.9896870624695204,0.0068593192064027204
121.0,Chemprop (default),nr_er,specificity,0.9900834945805214,0.006909665681875735
122.0,Chemprop (default),nr_er,specificity,0.9900836912234336,0.007084958937424243
123.0,Chemprop (default),nr_er,specificity,0.9900834945805214,0.006909665681875735
124.0,Chemprop (default),nr_er,specificity,0.9904803199773469,0.006603467666639743
125.0,Chemprop (default),nr_er,specificity,0.990281907278934,0.006994459195560786
126.0,Chemprop (default),nr_er,specificity,0.9902821039218462,0.006706585598281798
127.0,Chemprop (default),nr_er,specificity,0.990281907278934,0.006994459195560786
128.0,Chemprop (default),nr_er,specificity,0.9902821039218462,0.007201917813546393
129.0,Chemprop (default),nr_er,specificity,0.9904803199773469,0.007105991488198693
130.0,Chemprop (default),nr_er,specificity,0.9902821039218462,0.007201917813546393
131.0,Chemprop (default),nr_er,specificity,0.9904803199773469,0.007105991488198693
132.0,Chemprop (default),nr_er,specificity,0.9904803199773469,0.007105991488198693
133.0,Chemprop (default),nr_er,specificity,0.990281907278934,0.006994459195560786
134.0,Chemprop (default),nr_er,specificity,0.9904803199773469,0.007105991488198693
135.0,Chemprop (default),nr_er,specificity,0.9904803199773469,0.007105991488198693
136.0,Chemprop (default),nr_er,specificity,0.9904803199773469,0.007105991488198693
137.0,Chemprop (default),nr_er,specificity,0.9902819072789342,0.007503591422146001
138.0,Chemprop (default),nr_er,specificity,0.9904803199773469,0.007105991488198693
139.0,Chemprop (default),nr_er,specificity,0.9904801233344346,0.007639981473788087
140.0,Chemprop (default),nr_er,specificity,0.9906783393899351,0.007575605932738236
141.0,Chemprop (default),nr_er,specificity,0.9906783393899351,0.007575605932738236
142.0,Chemprop (default),nr_er,specificity,0.9912735774851731,0.0068879551888652085
143.0,Chemprop (default),nr_er,specificity,0.9910751647867604,0.007290684590934084
144.0,Chemprop (default),nr_er,specificity,0.9910751647867604,0.007290684590934084
145.0,Chemprop (default),nr_er,specificity,0.9908769487312599,0.00737090471980023
146.0,Chemprop (default),nr_er,specificity,0.9910753614296727,0.006979856927173118
147.0,Chemprop (default),nr_er,specificity,0.9910753614296727,0.006979856927173118
148.0,Chemprop (default),nr_er,specificity,0.9914719901835859,0.006490566042500459
149.0,Chemprop (default),nr_er,specificity,0.9912735774851731,0.007437569929896234
150.0,Chemprop (default),nr_er,specificity,0.9916704028819986,0.006640329375506608
151.0,Chemprop (default),nr_er,specificity,0.9914717935406736,0.007575129491833794
152.0,Chemprop (default),nr_er,specificity,0.9914717935406736,0.007575129491833794
153.0,Chemprop (default),nr_er,specificity,0.9914717935406736,0.007575129491833794
154.0,Chemprop (default),nr_er,specificity,0.9914717935406736,0.007575129491833794
155.0,Chemprop (default),nr_er,specificity,0.9914717935406736,0.007575129491833794
156.0,Chemprop (default),nr_er,specificity,0.9914717935406736,0.007575129491833794
157.0,Chemprop (default),nr_er,specificity,0.991670009596174,0.007767351110823646
158.0,Chemprop (default),nr_er,specificity,0.9918684222945867,0.007099124296904278
159.0,Chemprop (default),nr_er,specificity,0.992066441707175,0.007653011387159643
160.0,Chemprop (default),nr_er,specificity,0.9924632671040005,0.0068233818152220625
161.0,Chemprop (default),nr_er,specificity,0.9924632671040005,0.0068233818152220625
162.0,Chemprop (default),nr_er,specificity,0.9926616798024132,0.006414361342474212
163.0,Chemprop (default),nr_er,specificity,0.9924632671040005,0.0068233818152220625
164.0,Chemprop (default),nr_er,specificity,0.9924632671040005,0.0068233818152220625
165.0,Chemprop (default),nr_er,specificity,0.9924632671040005,0.0068233818152220625
166.0,Chemprop (default),nr_er,specificity,0.9926616798024132,0.006966021549203501
167.0,Chemprop (default),nr_er,specificity,0.9926614831595009,0.006787463485026222
168.0,Chemprop (default),nr_er,specificity,0.9928598958579137,0.0069237458021021575
169.0,Chemprop (default),nr_er,specificity,0.9928596992150014,0.006994311840400758
170.0,Chemprop (default),nr_er,specificity,0.9934545440244152,0.00710623047536489
171.0,Chemprop (default),nr_er,specificity,0.9934545440244152,0.00710623047536489
172.0,Chemprop (default),nr_er,specificity,0.9934545440244152,0.00710623047536489
173.0,Chemprop (default),nr_er,specificity,0.9934545440244152,0.00710623047536489
174.0,Chemprop (default),nr_er,specificity,0.9934545440244152,0.00710623047536489
175.0,Chemprop (default),nr_er,specificity,0.9934545440244152,0.00710623047536489
176.0,Chemprop (default),nr_er,specificity,0.9934545440244152,0.00710623047536489
177.0,Chemprop (default),nr_er,specificity,0.9932563279689146,0.007099165005782521
178.0,Chemprop (default),nr_er,specificity,0.9934547406673273,0.007243187987868406
179.0,Chemprop (default),nr_er,specificity,0.9936531533657401,0.0068233028586135724
180.0,Chemprop (default),nr_er,specificity,0.9940497821196533,0.006391418542343758
181.0,Chemprop (default),nr_er,specificity,0.9938513694212407,0.006816244330849543
182.0,Chemprop (default),nr_er,specificity,0.9940497821196533,0.006391418542343758
183.0,Chemprop (default),nr_er,specificity,0.9940497821196533,0.006391418542343758
184.0,Chemprop (default),nr_er,specificity,0.9940497821196533,0.006391418542343758
185.0,Chemprop (default),nr_er,specificity,0.9940497821196533,0.006391418542343758
186.0,Chemprop (default),nr_er,specificity,0.9940497821196533,0.006391418542343758
187.0,Chemprop (default),nr_er,specificity,0.9940497821196533,0.006391418542343758
188.0,Chemprop (default),nr_er,specificity,0.9940497821196533,0.006391418542343758
189.0,Chemprop (default),nr_er,specificity,0.9940497821196533,0.006391418542343758
190.0,Chemprop (default),nr_er,specificity,0.9940497821196533,0.006391418542343758
191.0,Chemprop (default),nr_er,specificity,0.9940497821196533,0.006391418542343758
192.0,Chemprop (default),nr_er,specificity,0.9940497821196533,0.006391418542343758
193.0,Chemprop (default),nr_er,specificity,0.9940497821196533,0.006391418542343758
194.0,Chemprop (default),nr_er,specificity,0.994248194818066,0.0065585345901386
195.0,Chemprop (default),nr_er,specificity,0.994248194818066,0.0065585345901386
196.0,Chemprop (default),nr_er,specificity,0.994248194818066,0.0065585345901386
197.0,Chemprop (default),nr_er,specificity,0.994248194818066,0.0065585345901386
198.0,Chemprop (default),nr_er,specificity,0.994248194818066,0.0065585345901386
199.0,Chemprop (default),nr_er,specificity,0.9944464108735666,0.006640526643147583
200.0,Chemprop (default),nr_er,specificity,0.994248194818066,0.0065585345901386
1.0,Chemprop (large),nr_er,specificity,0.948840593389652,0.010025139708412165
2.0,Chemprop (large),nr_er,specificity,0.948840593389652,0.010025139708412165
3.0,Chemprop (large),nr_er,specificity,0.9526076816587224,0.010688872917957988
4.0,Chemprop (large),nr_er,specificity,0.9528062910000472,0.01148888881043641
5.0,Chemprop (large),nr_er,specificity,0.9543931993015244,0.011191922399500719
6.0,Chemprop (large),nr_er,specificity,0.9537983544921108,0.011656469565587867
7.0,Chemprop (large),nr_er,specificity,0.955185670237702,0.010711049255687296
8.0,Chemprop (large),nr_er,specificity,0.9547896314125254,0.011615740774613158
9.0,Chemprop (large),nr_er,specificity,0.9551864568093507,0.01148191030134745
10.0,Chemprop (large),nr_er,specificity,0.9547900246983497,0.011780984824601754
11.0,Chemprop (large),nr_er,specificity,0.9553846728648512,0.012320934200820316
12.0,Chemprop (large),nr_er,specificity,0.9557816949045888,0.012607453079637712
13.0,Chemprop (large),nr_er,specificity,0.9569715811663284,0.011759195632453682
14.0,Chemprop (large),nr_er,specificity,0.9569719744521528,0.012427868097184127
15.0,Chemprop (large),nr_er,specificity,0.9563765397140026,0.010854452975473635
16.0,Chemprop (large),nr_er,specificity,0.9563767363569149,0.011491446442736473
17.0,Chemprop (large),nr_er,specificity,0.9565749524124152,0.010611044197748347
18.0,Chemprop (large),nr_er,specificity,0.9565753456982395,0.011541468783605808
19.0,Chemprop (large),nr_er,specificity,0.957169797221829,0.01070389864747159
20.0,Chemprop (large),nr_er,specificity,0.957169797221829,0.011982924378597893
21.0,Chemprop (large),nr_er,specificity,0.9571696005789168,0.011503211222253035
22.0,Chemprop (large),nr_er,specificity,0.957169797221829,0.011818837272225545
23.0,Chemprop (large),nr_er,specificity,0.9575660326899177,0.011503888887533963
24.0,Chemprop (large),nr_er,specificity,0.9577646420312427,0.01287752008614835
25.0,Chemprop (large),nr_er,specificity,0.95756622933283,0.01262420140627852
26.0,Chemprop (large),nr_er,specificity,0.9571697972218288,0.012912082163448491
27.0,Chemprop (large),nr_er,specificity,0.9577642487454181,0.012726483365411089
28.0,Chemprop (large),nr_er,specificity,0.957566425975742,0.012446688620229237
29.0,Chemprop (large),nr_er,specificity,0.9583594868406562,0.012479257291133415
30.0,Chemprop (large),nr_er,specificity,0.95756622933283,0.01262420140627852
31.0,Chemprop (large),nr_er,specificity,0.9581608774993313,0.012683332198481527
32.0,Chemprop (large),nr_er,specificity,0.9575658360470054,0.013085140926411934
33.0,Chemprop (large),nr_er,specificity,0.9581610741422436,0.01350926270510845
34.0,Chemprop (large),nr_er,specificity,0.9579626614438309,0.013603294541816831
35.0,Chemprop (large),nr_er,specificity,0.9585573096103325,0.013085225679578072
36.0,Chemprop (large),nr_er,specificity,0.9585577028961568,0.01374293111630706
37.0,Chemprop (large),nr_er,specificity,0.9585575062532445,0.013672434336825823
38.0,Chemprop (large),nr_er,specificity,0.9583594868406562,0.013609789271460757
39.0,Chemprop (large),nr_er,specificity,0.9591521544197461,0.013290776556497654
40.0,Chemprop (large),nr_er,specificity,0.9579626614438309,0.013181572783708293
41.0,Chemprop (large),nr_er,specificity,0.9583590935548318,0.01294531361314141
42.0,Chemprop (large),nr_er,specificity,0.9583592901977441,0.01300087754723622
43.0,Chemprop (large),nr_er,specificity,0.9591525477055705,0.012970447954063486
44.0,Chemprop (large),nr_er,specificity,0.9587559189516572,0.01345793304971769
45.0,Chemprop (large),nr_er,specificity,0.9595489798165715,0.013270465425825028
46.0,Chemprop (large),nr_er,specificity,0.9597475891578963,0.013764659612432948
47.0,Chemprop (large),nr_er,specificity,0.9591525477055705,0.012970447954063486
48.0,Chemprop (large),nr_er,specificity,0.9595491764594837,0.013435859045991068
49.0,Chemprop (large),nr_er,specificity,0.9597473925149842,0.013458044460760713
50.0,Chemprop (large),nr_er,specificity,0.9597475891578963,0.013764659612432948
51.0,Chemprop (large),nr_er,specificity,0.9599458052133969,0.013494675404116932
52.0,Chemprop (large),nr_er,specificity,0.9599458052133969,0.013494675404116932
53.0,Chemprop (large),nr_er,specificity,0.9599458052133969,0.013385049268236375
54.0,Chemprop (large),nr_er,specificity,0.959946001856309,0.013711252127229607
55.0,Chemprop (large),nr_er,specificity,0.9601440212688972,0.014062763447104729
56.0,Chemprop (large),nr_er,specificity,0.9599458052133969,0.014048530486598904
57.0,Chemprop (large),nr_er,specificity,0.9601438246259851,0.01338282933348255
58.0,Chemprop (large),nr_er,specificity,0.9605404533798984,0.012991128948168004
59.0,Chemprop (large),nr_er,specificity,0.9601438246259851,0.012914831461384864
60.0,Chemprop (large),nr_er,specificity,0.9601440212688974,0.013437712369717938
61.0,Chemprop (large),nr_er,specificity,0.9603422373243979,0.012983288198098889
62.0,Chemprop (large),nr_er,specificity,0.9601440212688974,0.013437712369717938
63.0,Chemprop (large),nr_er,specificity,0.9603424339673101,0.013574982480449329
64.0,Chemprop (large),nr_er,specificity,0.9609372787767236,0.013441220881813806
65.0,Chemprop (large),nr_er,specificity,0.9607390627212233,0.013676401703292726
66.0,Chemprop (large),nr_er,specificity,0.9609372787767239,0.013801768725719582
67.0,Chemprop (large),nr_er,specificity,0.9615319269432252,0.013691783068678024
68.0,Chemprop (large),nr_er,specificity,0.9611354948322243,0.013727094802416453
69.0,Chemprop (large),nr_er,specificity,0.961135298189312,0.01336456547928974
70.0,Chemprop (large),nr_er,specificity,0.9613339075306369,0.013719056071221791
71.0,Chemprop (large),nr_er,specificity,0.9615317303003131,0.012549040879667562
72.0,Chemprop (large),nr_er,specificity,0.9619287523400505,0.013013213561978734
73.0,Chemprop (large),nr_er,specificity,0.9617301429987257,0.01288140746521289
74.0,Chemprop (large),nr_er,specificity,0.9621269683955511,0.012990812301458076
75.0,Chemprop (large),nr_er,specificity,0.9621269683955511,0.012990812301458076
76.0,Chemprop (large),nr_er,specificity,0.9619287523400505,0.013237717624590464
77.0,Chemprop (large),nr_er,specificity,0.9621269683955511,0.012990812301458076
78.0,Chemprop (large),nr_er,specificity,0.9621269683955511,0.012990812301458076
79.0,Chemprop (large),nr_er,specificity,0.9623251844510516,0.012754533964109313
80.0,Chemprop (large),nr_er,specificity,0.9621269683955511,0.012990812301458076
81.0,Chemprop (large),nr_er,specificity,0.9625235971494643,0.013104235172317102
82.0,Chemprop (large),nr_er,specificity,0.9621271650384633,0.013582218288275685
83.0,Chemprop (large),nr_er,specificity,0.9621269683955511,0.013565255206671773
84.0,Chemprop (large),nr_er,specificity,0.9623253810939637,0.01333800466777512
85.0,Chemprop (large),nr_er,specificity,0.9625235971494643,0.013104235172317102
86.0,Chemprop (large),nr_er,specificity,0.9627220098478769,0.013459476150656156
87.0,Chemprop (large),nr_er,specificity,0.9629202259033776,0.013238983487200257
88.0,Chemprop (large),nr_er,specificity,0.9625235971494643,0.013104235172317102
89.0,Chemprop (large),nr_er,specificity,0.9629204225462896,0.01323784927702081
90.0,Chemprop (large),nr_er,specificity,0.9627220098478769,0.013459476150656156
91.0,Chemprop (large),nr_er,specificity,0.9635150707127913,0.013104357115003318
92.0,Chemprop (large),nr_er,specificity,0.9629202259033776,0.013238983487200257
93.0,Chemprop (large),nr_er,specificity,0.9633168546572908,0.01298362346366888
94.0,Chemprop (large),nr_er,specificity,0.9633168546572908,0.01298362346366888
95.0,Chemprop (large),nr_er,specificity,0.9635150707127913,0.013104357115003318
96.0,Chemprop (large),nr_er,specificity,0.9631184419588781,0.013216957514023315
97.0,Chemprop (large),nr_er,specificity,0.9633168546572908,0.013134056445445538
98.0,Chemprop (large),nr_er,specificity,0.9631186386017901,0.013009823886175331
99.0,Chemprop (large),nr_er,specificity,0.9633168546572908,0.012964696609952158
100.0,Chemprop (large),nr_er,specificity,0.9631184419588781,0.013364764359812474
101.0,Chemprop (large),nr_er,specificity,0.9635152673557034,0.01332735874306212
102.0,Chemprop (large),nr_er,specificity,0.9631184419588781,0.013959085247107622
103.0,Chemprop (large),nr_er,specificity,0.9629202259033776,0.013997496163282545
104.0,Chemprop (large),nr_er,specificity,0.9631184419588781,0.013959085247107622
105.0,Chemprop (large),nr_er,specificity,0.9633166580143785,0.013934673267698384
106.0,Chemprop (large),nr_er,specificity,0.9635150707127911,0.014289942074163462
107.0,Chemprop (large),nr_er,specificity,0.9635150707127911,0.014289942074163462
108.0,Chemprop (large),nr_er,specificity,0.9635150707127911,0.014289942074163462
109.0,Chemprop (large),nr_er,specificity,0.9639115028237922,0.014379475871631488
110.0,Chemprop (large),nr_er,specificity,0.963713483411204,0.014049915350716912
111.0,Chemprop (large),nr_er,specificity,0.9639116994667043,0.0141719579841318
112.0,Chemprop (large),nr_er,specificity,0.9639116994667043,0.014032655936713446
113.0,Chemprop (large),nr_er,specificity,0.963713483411204,0.014049915350716912
114.0,Chemprop (large),nr_er,specificity,0.963713483411204,0.014258105135712738
115.0,Chemprop (large),nr_er,specificity,0.964110112165117,0.014150295587545162
116.0,Chemprop (large),nr_er,specificity,0.9643083282206175,0.014143576318641958
117.0,Chemprop (large),nr_er,specificity,0.9645065442761179,0.013905676976652275
118.0,Chemprop (large),nr_er,specificity,0.9643083282206175,0.014143576318641958
119.0,Chemprop (large),nr_er,specificity,0.9647047603316186,0.01367800604340156
120.0,Chemprop (large),nr_er,specificity,0.9643083282206175,0.014143576318641958
121.0,Chemprop (large),nr_er,specificity,0.9651013890855318,0.013217191989637068
122.0,Chemprop (large),nr_er,specificity,0.9647047603316186,0.01367800604340156
123.0,Chemprop (large),nr_er,specificity,0.9652996051410323,0.013339482483230386
124.0,Chemprop (large),nr_er,specificity,0.9647045636887064,0.013857487412669409
125.0,Chemprop (large),nr_er,specificity,0.9651013890855318,0.013364996242301926
126.0,Chemprop (large),nr_er,specificity,0.964902779744207,0.013998762416449729
127.0,Chemprop (large),nr_er,specificity,0.9651011924426196,0.013746518589223747
128.0,Chemprop (large),nr_er,specificity,0.96529940849812,0.013899523003120175
129.0,Chemprop (large),nr_er,specificity,0.9656962338949455,0.013423262384090608
130.0,Chemprop (large),nr_er,specificity,0.965498017839445,0.01327217576563662
131.0,Chemprop (large),nr_er,specificity,0.9654978211965328,0.013656262972671085
132.0,Chemprop (large),nr_er,specificity,0.9654978211965328,0.013656262972671085
133.0,Chemprop (large),nr_er,specificity,0.9652996051410323,0.013702707545771887
134.0,Chemprop (large),nr_er,specificity,0.9651011924426196,0.013941631682280662
135.0,Chemprop (large),nr_er,specificity,0.9652996051410323,0.013702707545771887
136.0,Chemprop (large),nr_er,specificity,0.96529940849812,0.013899523003120175
137.0,Chemprop (large),nr_er,specificity,0.9654978211965328,0.013656262972671085
138.0,Chemprop (large),nr_er,specificity,0.965498017839445,0.013655188419671192
139.0,Chemprop (large),nr_er,specificity,0.9654978211965328,0.013656262972671085
140.0,Chemprop (large),nr_er,specificity,0.9654978211965328,0.013656262972671085
141.0,Chemprop (large),nr_er,specificity,0.9662910787043592,0.01313438824526589
142.0,Chemprop (large),nr_er,specificity,0.9658946465933582,0.01320106449020124
143.0,Chemprop (large),nr_er,specificity,0.9662910787043592,0.01313438824526589
144.0,Chemprop (large),nr_er,specificity,0.9658946465933582,0.01320106449020124
145.0,Chemprop (large),nr_er,specificity,0.9660928626488587,0.012972373742702334
146.0,Chemprop (large),nr_er,specificity,0.9660928626488587,0.012972373742702334
147.0,Chemprop (large),nr_er,specificity,0.9660928626488587,0.013363981507886155
148.0,Chemprop (large),nr_er,specificity,0.9656962338949455,0.013423262384090608
149.0,Chemprop (large),nr_er,specificity,0.965894449950446,0.013587133345813395
150.0,Chemprop (large),nr_er,specificity,0.9656960372520332,0.013820928310342295
151.0,Chemprop (large),nr_er,specificity,0.9660926660059465,0.013365053941053563
152.0,Chemprop (large),nr_er,specificity,0.9660928626488587,0.013363981507886155
153.0,Chemprop (large),nr_er,specificity,0.9662908820614469,0.013154164252593501
154.0,Chemprop (large),nr_er,specificity,0.9660928626488587,0.013363981507886155
155.0,Chemprop (large),nr_er,specificity,0.9660928626488587,0.013363981507886155
156.0,Chemprop (large),nr_er,specificity,0.9660928626488587,0.013363981507886155
157.0,Chemprop (large),nr_er,specificity,0.9660926660059465,0.013365053941053563
158.0,Chemprop (large),nr_er,specificity,0.9658942533075339,0.013997696109970273
159.0,Chemprop (large),nr_er,specificity,0.9658942533075339,0.013997696109970273
160.0,Chemprop (large),nr_er,specificity,0.9658942533075339,0.013997696109970273
161.0,Chemprop (large),nr_er,specificity,0.9658942533075339,0.013997696109970273
162.0,Chemprop (large),nr_er,specificity,0.9664892947598597,0.013492439559370148
163.0,Chemprop (large),nr_er,specificity,0.9664892947598597,0.013309196996099537
164.0,Chemprop (large),nr_er,specificity,0.9664892947598597,0.013309196996099537
165.0,Chemprop (large),nr_er,specificity,0.966687314172448,0.013128470859324953
166.0,Chemprop (large),nr_er,specificity,0.9664890981169474,0.013328717295084032
167.0,Chemprop (large),nr_er,specificity,0.966687314172448,0.013128470859324953
168.0,Chemprop (large),nr_er,specificity,0.9668857268708606,0.013606365256826982
169.0,Chemprop (large),nr_er,specificity,0.9672821589818617,0.013359117703757256
170.0,Chemprop (large),nr_er,specificity,0.9672821589818617,0.013359117703757256
171.0,Chemprop (large),nr_er,specificity,0.9672823556247738,0.013739777831950207
172.0,Chemprop (large),nr_er,specificity,0.967678984378687,0.013442825941256495
173.0,Chemprop (large),nr_er,specificity,0.967678984378687,0.013442825941256495
174.0,Chemprop (large),nr_er,specificity,0.967678984378687,0.013442825941256495
175.0,Chemprop (large),nr_er,specificity,0.9678773970770997,0.013202359172927232
176.0,Chemprop (large),nr_er,specificity,0.9680756131326003,0.012992593748044894
177.0,Chemprop (large),nr_er,specificity,0.9678773970770997,0.013052713406229315
178.0,Chemprop (large),nr_er,specificity,0.9678773970770997,0.013202359172927232
179.0,Chemprop (large),nr_er,specificity,0.9680756131326003,0.012992593748044894
180.0,Chemprop (large),nr_er,specificity,0.9678773970770997,0.013202359172927232
181.0,Chemprop (large),nr_er,specificity,0.9682738291881007,0.01315434810339887
182.0,Chemprop (large),nr_er,specificity,0.9682738291881007,0.01315434810339887
183.0,Chemprop (large),nr_er,specificity,0.9682738291881007,0.01315434810339887
184.0,Chemprop (large),nr_er,specificity,0.9682738291881007,0.01315434810339887
185.0,Chemprop (large),nr_er,specificity,0.9680756131326003,0.013217448051740643
186.0,Chemprop (large),nr_er,specificity,0.9682738291881007,0.01315434810339887
187.0,Chemprop (large),nr_er,specificity,0.9680756131326003,0.013217448051740643
188.0,Chemprop (large),nr_er,specificity,0.9684720452436013,0.013328884116670594
189.0,Chemprop (large),nr_er,specificity,0.9684720452436013,0.013328884116670594
190.0,Chemprop (large),nr_er,specificity,0.9684720452436013,0.013328884116670594
191.0,Chemprop (large),nr_er,specificity,0.9684720452436013,0.013328884116670594
192.0,Chemprop (large),nr_er,specificity,0.9684720452436013,0.013328884116670594
193.0,Chemprop (large),nr_er,specificity,0.9686702612991016,0.013128625380811363
194.0,Chemprop (large),nr_er,specificity,0.9682736325451886,0.013004093707346912
195.0,Chemprop (large),nr_er,specificity,0.9686700646561895,0.012613456992289801
196.0,Chemprop (large),nr_er,specificity,0.968471848600689,0.012802594549528312
197.0,Chemprop (large),nr_er,specificity,0.9688684773546022,0.012940454127669388
198.0,Chemprop (large),nr_er,specificity,0.9686700646561895,0.012613456992289801
199.0,Chemprop (large),nr_er,specificity,0.9690668900530148,0.012686612636270496
200.0,Chemprop (large),nr_er,specificity,0.9688684773546022,0.012356880813782901
1.0,Morgan,nr_er,specificity,0.9317841804709991,0.006806918233286243
2.0,Morgan,nr_er,specificity,0.923453993424261,0.010307283701492623
3.0,Morgan,nr_er,specificity,0.9686667217266821,0.007185857113772123
4.0,Morgan,nr_er,specificity,0.9686673116554188,0.005693289189814385
5.0,Morgan,nr_er,specificity,0.9734280365598502,0.0024746378235097548
6.0,Morgan,nr_er,specificity,0.9762036512655937,0.0027264913488087386
7.0,Morgan,nr_er,specificity,0.9766006733053313,0.003262879064148195
8.0,Morgan,nr_er,specificity,0.9783850110906602,0.0042928175187564
9.0,Morgan,nr_er,specificity,0.9795743074236631,0.00513930843557268
10.0,Morgan,nr_er,specificity,0.9809624097409033,0.004984445059656067
11.0,Morgan,nr_er,specificity,0.9805647977724291,0.006934140540539723
12.0,Morgan,nr_er,specificity,0.9815574511932292,0.004635263539715331
13.0,Morgan,nr_er,specificity,0.9821520993597307,0.005345855093362877
14.0,Morgan,nr_er,specificity,0.9821526892884671,0.004032574184791534
15.0,Morgan,nr_er,specificity,0.9833415923356459,0.006013207079238114
16.0,Morgan,nr_er,specificity,0.9831429829943209,0.007590530123018571
17.0,Morgan,nr_er,specificity,0.9835396117482341,0.00689827370594968
18.0,Morgan,nr_er,specificity,0.9843334591847972,0.004461992338367657
19.0,Morgan,nr_er,specificity,0.9855231488036246,0.004418561205167374
20.0,Morgan,nr_er,specificity,0.9851265200497114,0.004761770627721922
21.0,Morgan,nr_er,specificity,0.9853247361052118,0.005318513222588709
22.0,Morgan,nr_er,specificity,0.9861181902559505,0.004655605427335419
23.0,Morgan,nr_er,specificity,0.987109467176365,0.004270800645174056
24.0,Morgan,nr_er,specificity,0.9877041153428665,0.004792091162628697
25.0,Morgan,nr_er,specificity,0.9882993534381047,0.003742114722553672
26.0,Morgan,nr_er,specificity,0.9884979627794296,0.002861693704442841
27.0,Morgan,nr_er,specificity,0.9894892396998441,0.0029468812280185365
28.0,Morgan,nr_er,specificity,0.9890928075888432,0.0028955439793738316
29.0,Morgan,nr_er,specificity,0.9892910236443437,0.0029297190923519177
30.0,Morgan,nr_er,specificity,0.9898862617395817,0.0019121592829054732
31.0,Morgan,nr_er,specificity,0.9902832837793195,0.0019083307638714095
32.0,Morgan,nr_er,specificity,0.9902830871364072,0.0019100159995646695
33.0,Morgan,nr_er,specificity,0.9906797158903204,0.0015068784982385443
34.0,Morgan,nr_er,specificity,0.9900846744379945,0.0021069223134154327
35.0,Morgan,nr_er,specificity,0.9900846744379945,0.00253053390960814
36.0,Morgan,nr_er,specificity,0.990877931945821,0.0021517679757632065
37.0,Morgan,nr_er,specificity,0.9900844777950825,0.002894195766162506
38.0,Morgan,nr_er,specificity,0.9910759513584093,0.0024322599570288602
39.0,Morgan,nr_er,specificity,0.9912739707709977,0.0029288184407374905
40.0,Morgan,nr_er,specificity,0.9914725801123225,0.00302597072255649
41.0,Morgan,nr_er,specificity,0.9920674249217362,0.0027184956276579955
42.0,Morgan,nr_er,specificity,0.9924642503185617,0.0020590856477925804
43.0,Morgan,nr_er,specificity,0.9920676215646484,0.002106225562595607
44.0,Morgan,nr_er,specificity,0.9922658376201487,0.0017774069758987232
45.0,Morgan,nr_er,specificity,0.9920676215646484,0.0018579548294417555
46.0,Morgan,nr_er,specificity,0.9926622697311499,0.002059937517353611
47.0,Morgan,nr_er,specificity,0.9922658376201487,0.0023699632286051037
48.0,Morgan,nr_er,specificity,0.9928608790724747,0.0019097828631906297
49.0,Morgan,nr_er,specificity,0.9926626630169743,0.0020579013821506098
50.0,Morgan,nr_er,specificity,0.9930590951279752,0.001858084798118143
51.0,Morgan,nr_er,specificity,0.9930590951279752,0.001858084798118143
52.0,Morgan,nr_er,specificity,0.9932573111834758,0.0019106500715830783
53.0,Morgan,nr_er,specificity,0.993058898485063,0.00232890185394628
54.0,Morgan,nr_er,specificity,0.9936537432944768,0.002491529873456446
55.0,Morgan,nr_er,specificity,0.9932573111834758,0.002568521762688394
56.0,Morgan,nr_er,specificity,0.9936537432944768,0.002491529873456446
57.0,Morgan,nr_er,specificity,0.9934555272389762,0.002491197413810104
58.0,Morgan,nr_er,specificity,0.9936537432944768,0.002491529873456446
59.0,Morgan,nr_er,specificity,0.9932571145405635,0.0022644957555358293
60.0,Morgan,nr_er,specificity,0.9934555272389762,0.0019361080568003788
61.0,Morgan,nr_er,specificity,0.9934555272389762,0.002175477965848513
62.0,Morgan,nr_er,specificity,0.9934555272389762,0.0019361080568003788
63.0,Morgan,nr_er,specificity,0.9934555272389762,0.0019361080568003788
64.0,Morgan,nr_er,specificity,0.9936537432944768,0.002285504569682806
65.0,Morgan,nr_er,specificity,0.9938521559928895,0.0021521045601372397
66.0,Morgan,nr_er,specificity,0.9938521559928895,0.0021521045601372397
67.0,Morgan,nr_er,specificity,0.9938521559928895,0.001910317754016014
68.0,Morgan,nr_er,specificity,0.994050568691302,0.001857690181366526
69.0,Morgan,nr_er,specificity,0.994050568691302,0.001857690181366526
70.0,Morgan,nr_er,specificity,0.9942487847468027,0.0021520136190393887
71.0,Morgan,nr_er,specificity,0.9938521559928895,0.001910317754016014
72.0,Morgan,nr_er,specificity,0.9942485881038904,0.002568881564662709
73.0,Morgan,nr_er,specificity,0.9938519593499773,0.0025694889983534823
74.0,Morgan,nr_er,specificity,0.99405037204839,0.00221986152360812
75.0,Morgan,nr_er,specificity,0.9942487847468027,0.0021520136190393887
76.0,Morgan,nr_er,specificity,0.9944470008023032,0.0024908248572908243
77.0,Morgan,nr_er,specificity,0.994645610143628,0.0018029324734369267
78.0,Morgan,nr_er,specificity,0.994645610143628,0.002284501137741845
79.0,Morgan,nr_er,specificity,0.9948440228420408,0.0019086319490431917
80.0,Morgan,nr_er,specificity,0.9948438261991285,0.002568141037658871
81.0,Morgan,nr_er,specificity,0.994645610143628,0.002284501137741845
82.0,Morgan,nr_er,specificity,0.9948438261991285,0.002568141037658871
83.0,Morgan,nr_er,specificity,0.9948438261991285,0.0021510389221809536
84.0,Morgan,nr_er,specificity,0.9946454135007159,0.002490570303172679
85.0,Morgan,nr_er,specificity,0.9948438261991285,0.0021510389221809536
86.0,Morgan,nr_er,specificity,0.9950422388975412,0.0022183231058100707
87.0,Morgan,nr_er,specificity,0.9952406515959538,0.00236825301598425
88.0,Morgan,nr_er,specificity,0.9952406515959538,0.00236825301598425
89.0,Morgan,nr_er,specificity,0.9954390642943667,0.002056571990441111
90.0,Morgan,nr_er,specificity,0.9954390642943667,0.002056571990441111
91.0,Morgan,nr_er,specificity,0.9954390642943667,0.002056571990441111
92.0,Morgan,nr_er,specificity,0.9956374769927793,0.002283070364552953
93.0,Morgan,nr_er,specificity,0.9956374769927793,0.0018011191923161314
94.0,Morgan,nr_er,specificity,0.995835889691192,0.002031879249693256
95.0,Morgan,nr_er,specificity,0.9960341057466925,0.001983145183210526
96.0,Morgan,nr_er,specificity,0.9962323218021929,0.002661143999405204
97.0,Morgan,nr_er,specificity,0.9958356930482799,0.002566792444402205
98.0,Morgan,nr_er,specificity,0.9960339091037802,0.002429348137098977
99.0,Morgan,nr_er,specificity,0.9968271666116066,0.0016294995003641765
100.0,Morgan,nr_er,specificity,0.9970257759529316,0.001854404959086058
101.0,Morgan,nr_er,specificity,0.997223992008432,0.0016289606752158008
102.0,Morgan,nr_er,specificity,0.997223992008432,0.0016289606752158008
103.0,Morgan,nr_er,specificity,0.997223992008432,0.0017733112923642518
104.0,Morgan,nr_er,specificity,0.997223992008432,0.0017733112923642518
105.0,Morgan,nr_er,specificity,0.997223992008432,0.0017733112923642518
106.0,Morgan,nr_er,specificity,0.997223992008432,0.0017733112923642518
107.0,Morgan,nr_er,specificity,0.9974222080639326,0.0015036967969300527
108.0,Morgan,nr_er,specificity,0.9974222080639326,0.0015036967969300527
109.0,Morgan,nr_er,specificity,0.9974222080639326,0.0015036967969300527
110.0,Morgan,nr_er,specificity,0.9974222080639326,0.0015036967969300527
111.0,Morgan,nr_er,specificity,0.9976206207623453,0.0013297476234001625
112.0,Morgan,nr_er,specificity,0.9978186401749335,0.0012933423490263253
113.0,Morgan,nr_er,specificity,0.9974222080639326,0.0015036967969300527
114.0,Morgan,nr_er,specificity,0.9980170528733463,0.0015682796825983228
115.0,Morgan,nr_er,specificity,0.998215465571759,0.0012928897626093001
116.0,Morgan,nr_er,specificity,0.9984134849843473,0.0015046038333089182
117.0,Morgan,nr_er,specificity,0.9982152689288467,0.001471468282273984
118.0,Morgan,nr_er,specificity,0.9984134849843473,0.0015046038333089182
119.0,Morgan,nr_er,specificity,0.9984136816272594,0.0011309112365902826
120.0,Morgan,nr_er,specificity,0.9988103103811726,0.0008296676506498226
121.0,Morgan,nr_er,specificity,0.9990085264366731,0.000701495029316571
122.0,Morgan,nr_er,specificity,0.9990085264366731,0.000701495029316571
123.0,Morgan,nr_er,specificity,0.9992067424921736,0.0008299025173830514
124.0,Morgan,nr_er,specificity,0.9992067424921736,0.0008299025173830598
125.0,Morgan,nr_er,specificity,0.9996031746031747,0.0008873285624999133
126.0,Morgan,nr_er,specificity,0.9996031746031747,0.0008873285624999133
127.0,Morgan,nr_er,specificity,0.9998015873015873,0.00044366428125001256
128.0,Morgan,nr_er,specificity,0.9998015873015873,0.00044366428125001256
129.0,Morgan,nr_er,specificity,0.9998015873015873,0.00044366428125001256
130.0,Morgan,nr_er,specificity,0.9998015873015873,0.00044366428125001256
131.0,Morgan,nr_er,specificity,0.9998015873015873,0.00044366428125001256
132.0,Morgan,nr_er,specificity,0.9998015873015873,0.00044366428125001256
133.0,Morgan,nr_er,specificity,0.9998015873015873,0.00044366428125001256
134.0,Morgan,nr_er,specificity,0.9998015873015873,0.00044366428125001256
135.0,Morgan,nr_er,specificity,0.9998015873015873,0.00044366428125001256
136.0,Morgan,nr_er,specificity,0.9998015873015873,0.00044366428125001256
137.0,Morgan,nr_er,specificity,0.9998015873015873,0.00044366428125001256
138.0,Morgan,nr_er,specificity,1.0,0.0
139.0,Morgan,nr_er,specificity,1.0,0.0
140.0,Morgan,nr_er,specificity,1.0,0.0
141.0,Morgan,nr_er,specificity,1.0,0.0
142.0,Morgan,nr_er,specificity,1.0,0.0
143.0,Morgan,nr_er,specificity,1.0,0.0
144.0,Morgan,nr_er,specificity,1.0,0.0
145.0,Morgan,nr_er,specificity,1.0,0.0
146.0,Morgan,nr_er,specificity,1.0,0.0
147.0,Morgan,nr_er,specificity,1.0,0.0
148.0,Morgan,nr_er,specificity,1.0,0.0
149.0,Morgan,nr_er,specificity,1.0,0.0
150.0,Morgan,nr_er,specificity,1.0,0.0
151.0,Morgan,nr_er,specificity,1.0,0.0
152.0,Morgan,nr_er,specificity,1.0,0.0
153.0,Morgan,nr_er,specificity,1.0,0.0
154.0,Morgan,nr_er,specificity,1.0,0.0
155.0,Morgan,nr_er,specificity,1.0,0.0
156.0,Morgan,nr_er,specificity,1.0,0.0
157.0,Morgan,nr_er,specificity,1.0,0.0
158.0,Morgan,nr_er,specificity,1.0,0.0
159.0,Morgan,nr_er,specificity,1.0,0.0
160.0,Morgan,nr_er,specificity,1.0,0.0
161.0,Morgan,nr_er,specificity,1.0,0.0
162.0,Morgan,nr_er,specificity,1.0,0.0
163.0,Morgan,nr_er,specificity,1.0,0.0
164.0,Morgan,nr_er,specificity,1.0,0.0
165.0,Morgan,nr_er,specificity,1.0,0.0
166.0,Morgan,nr_er,specificity,1.0,0.0
167.0,Morgan,nr_er,specificity,1.0,0.0
168.0,Morgan,nr_er,specificity,1.0,0.0
169.0,Morgan,nr_er,specificity,1.0,0.0
170.0,Morgan,nr_er,specificity,1.0,0.0
171.0,Morgan,nr_er,specificity,1.0,0.0
172.0,Morgan,nr_er,specificity,1.0,0.0
173.0,Morgan,nr_er,specificity,1.0,0.0
174.0,Morgan,nr_er,specificity,1.0,0.0
175.0,Morgan,nr_er,specificity,1.0,0.0
176.0,Morgan,nr_er,specificity,1.0,0.0
177.0,Morgan,nr_er,specificity,1.0,0.0
178.0,Morgan,nr_er,specificity,1.0,0.0
179.0,Morgan,nr_er,specificity,1.0,0.0
180.0,Morgan,nr_er,specificity,1.0,0.0
181.0,Morgan,nr_er,specificity,1.0,0.0
182.0,Morgan,nr_er,specificity,1.0,0.0
183.0,Morgan,nr_er,specificity,1.0,0.0
184.0,Morgan,nr_er,specificity,1.0,0.0
185.0,Morgan,nr_er,specificity,1.0,0.0
186.0,Morgan,nr_er,specificity,1.0,0.0
187.0,Morgan,nr_er,specificity,1.0,0.0
188.0,Morgan,nr_er,specificity,1.0,0.0
189.0,Morgan,nr_er,specificity,1.0,0.0
190.0,Morgan,nr_er,specificity,1.0,0.0
191.0,Morgan,nr_er,specificity,1.0,0.0
192.0,Morgan,nr_er,specificity,1.0,0.0
193.0,Morgan,nr_er,specificity,1.0,0.0
194.0,Morgan,nr_er,specificity,1.0,0.0
195.0,Morgan,nr_er,specificity,1.0,0.0
196.0,Morgan,nr_er,specificity,1.0,0.0
197.0,Morgan,nr_er,specificity,1.0,0.0
198.0,Morgan,nr_er,specificity,1.0,0.0
199.0,Morgan,nr_er,specificity,1.0,0.0
200.0,Morgan,nr_er,specificity,1.0,0.0
1.0,Mordred,nr_er,specificity,0.9307934934793209,0.004857191636436637
2.0,Mordred,nr_er,specificity,0.9307934934793209,0.004857191636436637
3.0,Mordred,nr_er,specificity,0.9654946749099376,0.00671618348902893
4.0,Mordred,nr_er,specificity,0.966287932417764,0.008157170902211897
5.0,Mordred,nr_er,specificity,0.9714433196469866,0.0065677701764258025
6.0,Mordred,nr_er,specificity,0.9738234854562903,0.007641888153607555
7.0,Mordred,nr_er,specificity,0.9769967121305079,0.006253092486212258
8.0,Mordred,nr_er,specificity,0.9783848144477479,0.005129345668574267
9.0,Mordred,nr_er,specificity,0.9809626063838154,0.0048335939123149065
10.0,Mordred,nr_er,specificity,0.980764390328315,0.003947046002631645
11.0,Mordred,nr_er,specificity,0.9807649802570516,0.0034793451428536642
12.0,Mordred,nr_er,specificity,0.9815576478361413,0.004359753327558368
13.0,Mordred,nr_er,specificity,0.9805663709157267,0.0029471760604880184
14.0,Mordred,nr_er,specificity,0.980764390328315,0.003111564194501216
15.0,Mordred,nr_er,specificity,0.98096299966964,0.002573299514654603
16.0,Mordred,nr_er,specificity,0.9817560605345541,0.0031873795895436354
17.0,Mordred,nr_er,specificity,0.9817562571774662,0.003338594074427888
18.0,Mordred,nr_er,specificity,0.9821528859313794,0.0032923164127087465
19.0,Mordred,nr_er,specificity,0.9827481240266176,0.003406604035013127
20.0,Mordred,nr_er,specificity,0.9835409882486197,0.004126278993610111
21.0,Mordred,nr_er,specificity,0.9835407916057074,0.004890268773812679
22.0,Mordred,nr_er,specificity,0.9843340491135336,0.005220811436768642
23.0,Mordred,nr_er,specificity,0.9833431654789434,0.004565357186553595
24.0,Mordred,nr_er,specificity,0.9837394009470323,0.004787983278794386
25.0,Mordred,nr_er,specificity,0.9839380102883573,0.005756377849884066
26.0,Mordred,nr_er,specificity,0.9845326584548587,0.0041254389268842034
27.0,Mordred,nr_er,specificity,0.9841360297009455,0.004149873522886101
28.0,Mordred,nr_er,specificity,0.984731661082008,0.0031797029692617147
29.0,Mordred,nr_er,specificity,0.9845326584548587,0.003618050009830409
30.0,Mordred,nr_er,specificity,0.9859207607720988,0.00331988286589013
31.0,Mordred,nr_er,specificity,0.9859207607720988,0.0035341346576405115
32.0,Mordred,nr_er,specificity,0.9869124309783379,0.003242562618273637
33.0,Mordred,nr_er,specificity,0.985722348073686,0.004125697618228723
34.0,Mordred,nr_er,specificity,0.98691262762125,0.0032416754356910196
35.0,Mordred,nr_er,specificity,0.9865159988673368,0.003940079249737449
36.0,Mordred,nr_er,specificity,0.98691262762125,0.0036681303111701967
37.0,Mordred,nr_er,specificity,0.9865156055815124,0.003941365867892136
38.0,Mordred,nr_er,specificity,0.9869122343354256,0.0034634195487018506
39.0,Mordred,nr_er,specificity,0.9873088630893389,0.0036698970747479367
40.0,Mordred,nr_er,specificity,0.9869122343354256,0.0033916338222436965
41.0,Mordred,nr_er,specificity,0.9865158022244247,0.004122895553709362
42.0,Mordred,nr_er,specificity,0.9869124309783379,0.003735244669498362
43.0,Mordred,nr_er,specificity,0.9867138216370129,0.004003293768411829
44.0,Mordred,nr_er,specificity,0.9873088630893389,0.0036698970747479328
45.0,Mordred,nr_er,specificity,0.9871108436767505,0.003708420899859945
46.0,Mordred,nr_er,specificity,0.9871106470338382,0.004026882896857523
47.0,Mordred,nr_er,specificity,0.9873092563751632,0.0036678773800218807
48.0,Mordred,nr_er,specificity,0.9871106470338382,0.004264289601982293
49.0,Mordred,nr_er,specificity,0.9873088630893389,0.003669631409748447
50.0,Mordred,nr_er,specificity,0.987110450390926,0.004434230610510455
51.0,Mordred,nr_er,specificity,0.9869120376925133,0.0038025718342896615
52.0,Mordred,nr_er,specificity,0.9863169962401874,0.004289036028683846
53.0,Mordred,nr_er,specificity,0.9871100571051017,0.004435659572914362
54.0,Mordred,nr_er,specificity,0.9869122343354256,0.00417139309998174
55.0,Mordred,nr_er,specificity,0.9873086664464266,0.004724106038858889
56.0,Mordred,nr_er,specificity,0.9879037078987526,0.004927008608045062
57.0,Mordred,nr_er,specificity,0.9873084698035145,0.004928047853064534
58.0,Mordred,nr_er,specificity,0.9882999433668413,0.005026746555999795
59.0,Mordred,nr_er,specificity,0.9886967687636666,0.004887133346341493
60.0,Mordred,nr_er,specificity,0.989688635612818,0.004297372809295355
61.0,Mordred,nr_er,specificity,0.9894900262714931,0.0040026093346259934
62.0,Mordred,nr_er,specificity,0.9902836770651439,0.0046165033592254125
63.0,Mordred,nr_er,specificity,0.9892920068589047,0.0046698939447190925
64.0,Mordred,nr_er,specificity,0.9900854610096435,0.00500427459914049
65.0,Mordred,nr_er,specificity,0.9896888322557302,0.004732037701261661
66.0,Mordred,nr_er,specificity,0.9902836770651439,0.004616503359225415
67.0,Mordred,nr_er,specificity,0.9902838737080562,0.0048241163180640185
68.0,Mordred,nr_er,specificity,0.9904820897635565,0.004409434861322576
69.0,Mordred,nr_er,specificity,0.991076737930058,0.004432358373154966
70.0,Mordred,nr_er,specificity,0.9910771312158826,0.00495501015411571
71.0,Mordred,nr_er,specificity,0.991076737930058,0.004432358373154966
72.0,Mordred,nr_er,specificity,0.9910769345729703,0.005101709148699962
73.0,Mordred,nr_er,specificity,0.9908785218745576,0.005624082232005459
74.0,Mordred,nr_er,specificity,0.991076737930058,0.00524467791799062
75.0,Mordred,nr_er,specificity,0.9908781285887331,0.00531055699637127
76.0,Mordred,nr_er,specificity,0.9912747573426464,0.004671009539144614
77.0,Mordred,nr_er,specificity,0.9912749539855585,0.005263539539792293
78.0,Mordred,nr_er,specificity,0.9912749539855585,0.0058805211760641135
79.0,Mordred,nr_er,specificity,0.9914731700410592,0.005500947808327808
80.0,Mordred,nr_er,specificity,0.9918699954378845,0.005491550849838667
81.0,Mordred,nr_er,specificity,0.992068211493385,0.005650373621034075
82.0,Mordred,nr_er,specificity,0.9924648402472982,0.004835565484088917
83.0,Mordred,nr_er,specificity,0.9934559205248006,0.004785277612311015
84.0,Mordred,nr_er,specificity,0.9932579011122122,0.004510268638881544
85.0,Mordred,nr_er,specificity,0.9940509619771266,0.003965490431286097
86.0,Mordred,nr_er,specificity,0.9940507653342143,0.003903886714397758
87.0,Mordred,nr_er,specificity,0.9940509619771266,0.003965490431286097
88.0,Mordred,nr_er,specificity,0.9938525492787139,0.003865785201163025
89.0,Mordred,nr_er,specificity,0.9940509619771266,0.004027664830437276
90.0,Mordred,nr_er,specificity,0.9946456101436281,0.0034785738214125742
91.0,Mordred,nr_er,specificity,0.9946458067865402,0.004003702184946638
92.0,Mordred,nr_er,specificity,0.9946458067865402,0.0038152681440581544
93.0,Mordred,nr_er,specificity,0.9948440228420408,0.0038025276242114768
94.0,Mordred,nr_er,specificity,0.9952404549530417,0.00367141864725079
95.0,Mordred,nr_er,specificity,0.9952406515959538,0.004053012783045763
96.0,Mordred,nr_er,specificity,0.995637280349867,0.003548408505411157
97.0,Mordred,nr_er,specificity,0.9960341057466925,0.003288376540551512
98.0,Mordred,nr_er,specificity,0.9964307345006057,0.0032588032499274696
99.0,Mordred,nr_er,specificity,0.9966289505561061,0.0030244206979598647
100.0,Mordred,nr_er,specificity,0.9968273632545189,0.0027516251909227487
101.0,Mordred,nr_er,specificity,0.9966289505561061,0.0030244206979598647
102.0,Mordred,nr_er,specificity,0.9966289505561061,0.0030244206979598647
103.0,Mordred,nr_er,specificity,0.9966289505561061,0.0030244206979598647
104.0,Mordred,nr_er,specificity,0.9966289505561061,0.0030244206979598647
105.0,Mordred,nr_er,specificity,0.9968271666116066,0.0028403060647297046
106.0,Mordred,nr_er,specificity,0.9972235987226077,0.002662041067915708
107.0,Mordred,nr_er,specificity,0.9972235987226077,0.002662041067915708
108.0,Mordred,nr_er,specificity,0.9974218147781082,0.002680553817797218
109.0,Mordred,nr_er,specificity,0.9976200308336086,0.002770770820462514
110.0,Mordred,nr_er,specificity,0.9976200308336086,0.002770770820462514
111.0,Mordred,nr_er,specificity,0.9976200308336086,0.002770770820462514
112.0,Mordred,nr_er,specificity,0.9978184435320214,0.0023685194303809044
113.0,Mordred,nr_er,specificity,0.9980166595875218,0.0023268048769798173
114.0,Mordred,nr_er,specificity,0.9980166595875218,0.0023268048769798173
115.0,Mordred,nr_er,specificity,0.9980166595875218,0.0023268048769798173
116.0,Mordred,nr_er,specificity,0.9982150722859344,0.0019084257441450425
117.0,Mordred,nr_er,specificity,0.9982150722859344,0.0019084257441450425
118.0,Mordred,nr_er,specificity,0.9984132883414351,0.002057163122620057
119.0,Mordred,nr_er,specificity,0.9984132883414351,0.002057163122620057
120.0,Mordred,nr_er,specificity,0.9986117010398476,0.0016599224473627897
121.0,Mordred,nr_er,specificity,0.9986117010398476,0.0016599224473627897
122.0,Mordred,nr_er,specificity,0.9986117010398476,0.0016599224473627897
123.0,Mordred,nr_er,specificity,0.9986117010398476,0.0016599224473627897
124.0,Mordred,nr_er,specificity,0.9986117010398476,0.0016599224473627897
125.0,Mordred,nr_er,specificity,0.9986117010398476,0.0016599224473627897
126.0,Mordred,nr_er,specificity,0.9986117010398476,0.0016599224473627897
127.0,Mordred,nr_er,specificity,0.9986117010398476,0.0016599224473627897
128.0,Mordred,nr_er,specificity,0.9988101137382606,0.0012932288808884045
129.0,Mordred,nr_er,specificity,0.9988101137382606,0.0012932288808884045
130.0,Mordred,nr_er,specificity,0.9988101137382606,0.0012932288808884045
131.0,Mordred,nr_er,specificity,0.9988101137382606,0.0012932288808884045
132.0,Mordred,nr_er,specificity,0.9988101137382606,0.0012932288808884045
133.0,Mordred,nr_er,specificity,0.9988101137382606,0.0012932288808884045
134.0,Mordred,nr_er,specificity,0.9990085264366731,0.0009915721528880577
135.0,Mordred,nr_er,specificity,0.9988101137382606,0.0012932288808884045
136.0,Mordred,nr_er,specificity,0.9988101137382606,0.0012932288808884045
137.0,Mordred,nr_er,specificity,0.9988101137382606,0.0012932288808884045
138.0,Mordred,nr_er,specificity,0.9990085264366731,0.0009915721528880577
139.0,Mordred,nr_er,specificity,0.9990085264366731,0.0009915721528880577
140.0,Mordred,nr_er,specificity,0.9990085264366731,0.0009915721528880577
141.0,Mordred,nr_er,specificity,0.9990085264366731,0.0009915721528880577
142.0,Mordred,nr_er,specificity,0.9990085264366731,0.0009915721528880577
143.0,Mordred,nr_er,specificity,0.9994049585476741,0.0008872187379198686
144.0,Mordred,nr_er,specificity,0.9992067424921736,0.0008299025173830514
145.0,Mordred,nr_er,specificity,0.9994049585476741,0.0008872187379198686
146.0,Mordred,nr_er,specificity,0.9994049585476741,0.0008872187379198686
147.0,Mordred,nr_er,specificity,0.9994049585476741,0.0008872187379198686
148.0,Mordred,nr_er,specificity,0.9994049585476741,0.0008872187379198686
149.0,Mordred,nr_er,specificity,0.9994049585476741,0.0008872187379198686
150.0,Mordred,nr_er,specificity,0.9996033712460868,0.0005431063999314292
151.0,Mordred,nr_er,specificity,0.9996033712460868,0.0005431063999314292
152.0,Mordred,nr_er,specificity,0.9996033712460868,0.0005431063999314292
153.0,Mordred,nr_er,specificity,0.9996033712460868,0.0005431063999314292
154.0,Mordred,nr_er,specificity,0.9996033712460868,0.0005431063999314292
155.0,Mordred,nr_er,specificity,0.9998015873015873,0.00044366428125001256
156.0,Mordred,nr_er,specificity,0.9998017839444995,0.0004432245743309341
157.0,Mordred,nr_er,specificity,0.9996033712460868,0.0005431063999314292
158.0,Mordred,nr_er,specificity,0.9996033712460868,0.0005431063999314292
159.0,Mordred,nr_er,specificity,0.9996033712460868,0.0005431063999314292
160.0,Mordred,nr_er,specificity,0.9996033712460868,0.0005431063999314292
161.0,Mordred,nr_er,specificity,0.9998015873015873,0.00044366428125001256
162.0,Mordred,nr_er,specificity,1.0,0.0
163.0,Mordred,nr_er,specificity,0.9998015873015873,0.00044366428125001256
164.0,Mordred,nr_er,specificity,0.9998015873015873,0.00044366428125001256
165.0,Mordred,nr_er,specificity,0.9998015873015873,0.00044366428125001256
166.0,Mordred,nr_er,specificity,0.9998015873015873,0.00044366428125001256
167.0,Mordred,nr_er,specificity,0.9998015873015873,0.00044366428125001256
168.0,Mordred,nr_er,specificity,0.9998015873015873,0.00044366428125001256
169.0,Mordred,nr_er,specificity,0.9998015873015873,0.00044366428125001256
170.0,Mordred,nr_er,specificity,1.0,0.0
171.0,Mordred,nr_er,specificity,1.0,0.0
172.0,Mordred,nr_er,specificity,1.0,0.0
173.0,Mordred,nr_er,specificity,1.0,0.0
174.0,Mordred,nr_er,specificity,1.0,0.0
175.0,Mordred,nr_er,specificity,1.0,0.0
176.0,Mordred,nr_er,specificity,1.0,0.0
177.0,Mordred,nr_er,specificity,1.0,0.0
178.0,Mordred,nr_er,specificity,1.0,0.0
179.0,Mordred,nr_er,specificity,1.0,0.0
180.0,Mordred,nr_er,specificity,1.0,0.0
181.0,Mordred,nr_er,specificity,1.0,0.0
182.0,Mordred,nr_er,specificity,1.0,0.0
183.0,Mordred,nr_er,specificity,1.0,0.0
184.0,Mordred,nr_er,specificity,1.0,0.0
185.0,Mordred,nr_er,specificity,1.0,0.0
186.0,Mordred,nr_er,specificity,1.0,0.0
187.0,Mordred,nr_er,specificity,1.0,0.0
188.0,Mordred,nr_er,specificity,1.0,0.0
189.0,Mordred,nr_er,specificity,1.0,0.0
190.0,Mordred,nr_er,specificity,1.0,0.0
191.0,Mordred,nr_er,specificity,1.0,0.0
192.0,Mordred,nr_er,specificity,1.0,0.0
193.0,Mordred,nr_er,specificity,1.0,0.0
194.0,Mordred,nr_er,specificity,1.0,0.0
195.0,Mordred,nr_er,specificity,1.0,0.0
196.0,Mordred,nr_er,specificity,1.0,0.0
197.0,Mordred,nr_er,specificity,1.0,0.0
198.0,Mordred,nr_er,specificity,1.0,0.0
199.0,Mordred,nr_er,specificity,1.0,0.0
200.0,Mordred,nr_er,specificity,1.0,0.0
