model,benchmark,score
MiniCheMeleon,tdcommons/ld50-zhu,0.5863143701153292
MiniCheMeleon,tdcommons/ld50-zhu,0.6273358566861029
MolCLR,tdcommons/ld50-zhu,0.6834652028935526
MLP_PLR_Pretrained,tdcommons/ld50-zhu,0.6003942798742261
RF,tdcommons/ld50-zhu,0.6369438630511572
MolCLR,tdcommons/ld50-zhu,0.7126868291643217
CheMeleon,tdcommons/ld50-zhu,0.5178606170969178
CheMeleon,tdcommons/ld50-zhu,0.5439187263126142
RF,tdcommons/ld50-zhu,0.6368702812342935
PCA_MLP_Prefitted,tdcommons/ld50-zhu,0.6408995713039083
CheMeleon,tdcommons/ld50-zhu,0.5211747007363543
MLP_PLR_Pretrained,tdcommons/ld50-zhu,0.6422241807867936
MoLFormer,tdcommons/ld50-zhu,0.6212541171526876
RF_Morgan_Physchem,tdcommons/ld50-zhu,0.6160223779775329
MoLFormer,tdcommons/ld50-zhu,0.7918124510477296
Chemprop_Mordred,tdcommons/ld50-zhu,0.6325819011270113
MolCLR,tdcommons/ld50-zhu,0.6814152598981121
RF,tdcommons/ld50-zhu,0.6342932411020118
RF_Morgan_Physchem,tdcommons/ld50-zhu,0.6132743802516271
RF_Mordred,tdcommons/ld50-zhu,0.6321138691276271
PCA_MLP_Prefitted,tdcommons/ld50-zhu,0.6134714406398056
MoLFormer,tdcommons/ld50-zhu,0.6340916558208906
MoLFormer,tdcommons/ld50-zhu,0.6321416836191416
MolCLR,tdcommons/ld50-zhu,0.7003956752442863
MLP_PLR_Pretrained,tdcommons/ld50-zhu,0.6493389191014518
MLP_PLR_Pretrained,tdcommons/ld50-zhu,0.6421983352991499
PCA_MLP_Prefitted,tdcommons/ld50-zhu,0.6417113598531896
CheMeleon,tdcommons/ld50-zhu,0.5363596582980538
MLP_PLR_Pretrained,tdcommons/ld50-zhu,0.621271789411408
MiniCheMeleon,tdcommons/ld50-zhu,0.5964043493735453
MoLFormer,tdcommons/ld50-zhu,0.6346225908918859
RF_Mordred,tdcommons/ld50-zhu,0.6354834999373543
MolCLR,tdcommons/ld50-zhu,0.700898935225723
RF_Morgan_Physchem,tdcommons/ld50-zhu,0.6173350299031295
Chemprop,tdcommons/ld50-zhu,0.5900371637105619
Chemprop,tdcommons/ld50-zhu,0.5629254353069001
RF_Morgan,tdcommons/ld50-zhu,0.6330833495698408
minimol,tdcommons/ld50-zhu,0.6160829477819925
RF,tdcommons/ld50-zhu,0.6356208455343109
RF_Morgan,tdcommons/ld50-zhu,0.6298823162213482
Chemprop_Mordred,tdcommons/ld50-zhu,0.6426650862293735
PCA_MLP,tdcommons/ld50-zhu,0.61822875137613
PCA_MLP,tdcommons/ld50-zhu,0.6335827270457484
Chemprop,tdcommons/ld50-zhu,0.6174325002656094
MiniCheMeleon,tdcommons/ld50-zhu,0.5691122919503342
fastprop,tdcommons/ld50-zhu,0.6445508438834319
minimol,tdcommons/ld50-zhu,0.5971656458458494
fastprop,tdcommons/ld50-zhu,0.6484098774331832
minimol,tdcommons/ld50-zhu,0.612571405144925
RF_Morgan,tdcommons/ld50-zhu,0.6323473486318598
RF_Morgan,tdcommons/ld50-zhu,0.6344712633465429
Chemprop_Mordred,tdcommons/ld50-zhu,0.6668277686174571
Chemprop,tdcommons/ld50-zhu,0.6096163785344694
minimol,tdcommons/ld50-zhu,0.6133413447688494
fastprop,tdcommons/ld50-zhu,0.6384410723478449
RF_Morgan,tdcommons/ld50-zhu,0.6173065279735299
MiniCheMeleon,tdcommons/ld50-zhu,0.637828238229145
Chemprop,tdcommons/ld50-zhu,0.6090741500957731
PCA_MLP,tdcommons/ld50-zhu,0.6187545173474674
PCA_MLP_Prefitted,tdcommons/ld50-zhu,0.6417235806030254
PCA_MLP_Prefitted,tdcommons/ld50-zhu,0.6542495073833389
CheMeleon,tdcommons/ld50-zhu,0.5151310881490797
PCA_MLP,tdcommons/ld50-zhu,0.6388175884828838
fastprop,tdcommons/ld50-zhu,0.6312499563877896
PCA_MLP,tdcommons/ld50-zhu,0.6322261637989658
RF_Mordred,tdcommons/ld50-zhu,0.6274696501195027
Chemprop_Mordred,tdcommons/ld50-zhu,0.6502356497773621
minimol,tdcommons/ld50-zhu,0.5851394358674954
RF_Mordred,tdcommons/ld50-zhu,0.6395177601580692
fastprop,tdcommons/ld50-zhu,0.6094365377477767
Chemprop_Mordred,tdcommons/ld50-zhu,0.6518846817687658
RF_Mordred,tdcommons/ld50-zhu,0.6355040952201142
RF_Morgan_Physchem,tdcommons/ld50-zhu,0.6163685819554524
RF_Morgan_Physchem,tdcommons/ld50-zhu,0.6150487332533239
RF,tdcommons/ld50-zhu,0.6347080493293167
MoLFormer,tdcommons/ames,0.5664199416475749
Chemprop,tdcommons/ames,0.8244649395915329
RF_Mordred,tdcommons/ames,0.8442842037243729
MoLFormer,tdcommons/ames,0.85537801797568
RF_Morgan_Physchem,tdcommons/ames,0.8528716050833185
RF,tdcommons/ames,0.8485049638724079
MolCLR,tdcommons/ames,0.8004513501341323
MiniCheMeleon,tdcommons/ames,0.8460807926530773
RF,tdcommons/ames,0.8501282578472263
CheMeleon,tdcommons/ames,0.8543617458732303
MLP_PLR_Pretrained,tdcommons/ames,0.8399185415809982
MoLFormer,tdcommons/ames,0.8548160332099708
RF_Morgan_Physchem,tdcommons/ames,0.8512815994047269
MoLFormer,tdcommons/ames,0.8574810550431768
PCA_MLP_Prefitted,tdcommons/ames,0.8403669545125222
RF_Morgan_Physchem,tdcommons/ames,0.8530439209696685
PCA_MLP_Prefitted,tdcommons/ames,0.8503397364350193
PCA_MLP_Prefitted,tdcommons/ames,0.8515244081536744
MLP_PLR_Pretrained,tdcommons/ames,0.8409093579275098
MolCLR,tdcommons/ames,0.8051146488084748
MolCLR,tdcommons/ames,0.8013393643893554
CheMeleon,tdcommons/ames,0.8462325481211694
MiniCheMeleon,tdcommons/ames,0.8157904012218764
CheMeleon,tdcommons/ames,0.8433795453210362
RF,tdcommons/ames,0.8528725841508547
PCA_MLP_Prefitted,tdcommons/ames,0.8508312283381309
fastprop,tdcommons/ames,0.846313810726664
PCA_MLP,tdcommons/ames,0.8534472967945328
PCA_MLP,tdcommons/ames,0.8488065166735201
fastprop,tdcommons/ames,0.8473339990992578
Chemprop_Mordred,tdcommons/ames,0.8269321897824512
PCA_MLP,tdcommons/ames,0.8454992265366464
MiniCheMeleon,tdcommons/ames,0.844324345493352
PCA_MLP,tdcommons/ames,0.8379741134543461
RF_Morgan,tdcommons/ames,0.8356253304352935
Chemprop_Mordred,tdcommons/ames,0.8252384029450351
RF_Morgan,tdcommons/ames,0.8431661085981712
RF_Mordred,tdcommons/ames,0.8476071589418238
Chemprop,tdcommons/ames,0.8424680334449471
PCA_MLP,tdcommons/ames,0.8496113101881768
Chemprop,tdcommons/ames,0.8432767432297481
RF_Mordred,tdcommons/ames,0.8469913254616303
fastprop,tdcommons/ames,0.8435175938436235
minimol,tdcommons/ames,0.8518455423055082
RF,tdcommons/ames,0.8507235309091621
RF_Morgan,tdcommons/ames,0.8396943351152362
MiniCheMeleon,tdcommons/ames,0.8299242201727075
RF_Morgan_Physchem,tdcommons/ames,0.8525445965262684
Chemprop_Mordred,tdcommons/ames,0.8282294542677555
MolCLR,tdcommons/ames,0.79457204957998
RF_Mordred,tdcommons/ames,0.8489161722375609
Chemprop_Mordred,tdcommons/ames,0.8477021284928234
PCA_MLP_Prefitted,tdcommons/ames,0.8443615500597232
MLP_PLR_Pretrained,tdcommons/ames,0.8467680980634045
MoLFormer,tdcommons/ames,0.5392155710900937
MiniCheMeleon,tdcommons/ames,0.8440110438818069
MLP_PLR_Pretrained,tdcommons/ames,0.8476747146018133
CheMeleon,tdcommons/ames,0.8406224911394389
RF_Mordred,tdcommons/ames,0.855452427108422
CheMeleon,tdcommons/ames,0.8510192093050579
MLP_PLR_Pretrained,tdcommons/ames,0.8408995672521491
MolCLR,tdcommons/ames,0.7985832892752942
minimol,tdcommons/ames,0.8587244708139967
Chemprop,tdcommons/ames,0.8388014255223325
RF,tdcommons/ames,0.8470060114746716
minimol,tdcommons/ames,0.8530635023203901
Chemprop,tdcommons/ames,0.8301591963813664
Chemprop_Mordred,tdcommons/ames,0.8360708061642093
RF_Morgan,tdcommons/ames,0.8425453797802972
minimol,tdcommons/ames,0.8504905128355752
minimol,tdcommons/ames,0.8490943625291273
fastprop,tdcommons/ames,0.8515870684759835
RF_Morgan,tdcommons/ames,0.8396884607100197
fastprop,tdcommons/ames,0.8419001742740214
RF_Morgan_Physchem,tdcommons/ames,0.849637745011651
MiniCheMeleon,tdcommons/lipophilicity-astrazeneca,0.4423954875923338
RF,tdcommons/lipophilicity-astrazeneca,0.7123576383692365
MolCLR,tdcommons/lipophilicity-astrazeneca,0.7608577149482
PCA_MLP_Prefitted,tdcommons/lipophilicity-astrazeneca,0.5736876527581896
PCA_MLP_Prefitted,tdcommons/lipophilicity-astrazeneca,0.588548049739429
CheMeleon,tdcommons/lipophilicity-astrazeneca,0.4620257613261541
CheMeleon,tdcommons/lipophilicity-astrazeneca,0.4636812979607355
CheMeleon,tdcommons/lipophilicity-astrazeneca,0.45552008050963994
MolCLR,tdcommons/lipophilicity-astrazeneca,0.7342312727598915
MLP_PLR_Pretrained,tdcommons/lipophilicity-astrazeneca,0.5148938108909697
MiniCheMeleon,tdcommons/lipophilicity-astrazeneca,0.4383197101014001
RF_Mordred,tdcommons/lipophilicity-astrazeneca,0.5853345172234944
Chemprop,tdcommons/lipophilicity-astrazeneca,0.45469246210370745
RF_Morgan_Physchem,tdcommons/lipophilicity-astrazeneca,0.6126691195294786
MolCLR,tdcommons/lipophilicity-astrazeneca,0.7477032194705237
PCA_MLP_Prefitted,tdcommons/lipophilicity-astrazeneca,0.5835609596400034
RF_Morgan_Physchem,tdcommons/lipophilicity-astrazeneca,0.6160126505763417
PCA_MLP_Prefitted,tdcommons/lipophilicity-astrazeneca,0.5630414800700687
RF,tdcommons/lipophilicity-astrazeneca,0.7118781702947845
RF_Morgan_Physchem,tdcommons/lipophilicity-astrazeneca,0.6187204014266818
RF_Mordred,tdcommons/lipophilicity-astrazeneca,0.5847475846835546
MLP_PLR_Pretrained,tdcommons/lipophilicity-astrazeneca,0.5213639254342941
CheMeleon,tdcommons/lipophilicity-astrazeneca,0.4525998963117599
MLP_PLR_Pretrained,tdcommons/lipophilicity-astrazeneca,0.49742403111003697
MoLFormer,tdcommons/lipophilicity-astrazeneca,0.5058922318670028
CheMeleon,tdcommons/lipophilicity-astrazeneca,0.44461670050734564
MoLFormer,tdcommons/lipophilicity-astrazeneca,0.5120986479584216
PCA_MLP_Prefitted,tdcommons/lipophilicity-astrazeneca,0.5772293676081157
RF,tdcommons/lipophilicity-astrazeneca,0.7095404963624338
MLP_PLR_Pretrained,tdcommons/lipophilicity-astrazeneca,0.5245949012949354
MoLFormer,tdcommons/lipophilicity-astrazeneca,0.5139134507442026
RF_Mordred,tdcommons/lipophilicity-astrazeneca,0.5830668231589454
MoLFormer,tdcommons/lipophilicity-astrazeneca,0.5022154106524374
RF_Morgan_Physchem,tdcommons/lipophilicity-astrazeneca,0.6189848849489796
Chemprop_Mordred,tdcommons/lipophilicity-astrazeneca,0.551013578522773
MiniCheMeleon,tdcommons/lipophilicity-astrazeneca,0.44304210986409864
RF_Morgan_Physchem,tdcommons/lipophilicity-astrazeneca,0.6129147870181406
fastprop,tdcommons/lipophilicity-astrazeneca,0.5504940575872148
RF_Morgan,tdcommons/lipophilicity-astrazeneca,0.713804243197279
MoLFormer,tdcommons/lipophilicity-astrazeneca,0.49355294375508535
Chemprop_Mordred,tdcommons/lipophilicity-astrazeneca,0.5550132062605448
RF_Morgan,tdcommons/lipophilicity-astrazeneca,0.7226734750566893
minimol,tdcommons/lipophilicity-astrazeneca,0.4900941756225768
RF_Morgan,tdcommons/lipophilicity-astrazeneca,0.7161387370777371
Chemprop,tdcommons/lipophilicity-astrazeneca,0.45328324929873154
fastprop,tdcommons/lipophilicity-astrazeneca,0.5501623697564716
fastprop,tdcommons/lipophilicity-astrazeneca,0.5336093098265784
RF,tdcommons/lipophilicity-astrazeneca,0.7142814690476189
RF_Morgan,tdcommons/lipophilicity-astrazeneca,0.7146101539115646
Chemprop_Mordred,tdcommons/lipophilicity-astrazeneca,0.5382256717227754
minimol,tdcommons/lipophilicity-astrazeneca,0.46878937671298077
Chemprop,tdcommons/lipophilicity-astrazeneca,0.46980536438737597
RF_Mordred,tdcommons/lipophilicity-astrazeneca,0.5791096051590783
minimol,tdcommons/lipophilicity-astrazeneca,0.5058347956055687
minimol,tdcommons/lipophilicity-astrazeneca,0.4705743048020771
MiniCheMeleon,tdcommons/lipophilicity-astrazeneca,0.43353337079570403
RF_Mordred,tdcommons/lipophilicity-astrazeneca,0.5821450799306234
RF_Morgan,tdcommons/lipophilicity-astrazeneca,0.7160445409580499
Chemprop_Mordred,tdcommons/lipophilicity-astrazeneca,0.5539071068820499
fastprop,tdcommons/lipophilicity-astrazeneca,0.5547479983170827
minimol,tdcommons/lipophilicity-astrazeneca,0.48741030835537685
PCA_MLP,tdcommons/lipophilicity-astrazeneca,0.5818180211441858
Chemprop_Mordred,tdcommons/lipophilicity-astrazeneca,0.5631056279738744
PCA_MLP,tdcommons/lipophilicity-astrazeneca,0.6132879855916612
PCA_MLP,tdcommons/lipophilicity-astrazeneca,0.5949637422561646
PCA_MLP,tdcommons/lipophilicity-astrazeneca,0.6159287048124131
PCA_MLP,tdcommons/lipophilicity-astrazeneca,0.6030120038532075
Chemprop,tdcommons/lipophilicity-astrazeneca,0.47825674462886086
Chemprop,tdcommons/lipophilicity-astrazeneca,0.45633100176992863
MiniCheMeleon,tdcommons/lipophilicity-astrazeneca,0.4502545158068339
fastprop,tdcommons/lipophilicity-astrazeneca,0.5265855010918208
RF,tdcommons/lipophilicity-astrazeneca,0.7144003851662888
MLP_PLR_Pretrained,tdcommons/lipophilicity-astrazeneca,0.5368057989449727
MolCLR,tdcommons/lipophilicity-astrazeneca,0.7480546207655043
MolCLR,tdcommons/lipophilicity-astrazeneca,0.7425999800988605
MiniCheMeleon,tdcommons/ppbr-az,7.749040149286095
minimol,tdcommons/ppbr-az,9.651369125011357
CheMeleon,tdcommons/ppbr-az,8.056217212711122
CheMeleon,tdcommons/ppbr-az,7.825839714910134
RF,tdcommons/ppbr-az,9.395449622314462
Chemprop,tdcommons/ppbr-az,8.365783486681888
Chemprop,tdcommons/ppbr-az,8.200249426062078
PCA_MLP,tdcommons/ppbr-az,8.762580445209428
PCA_MLP,tdcommons/ppbr-az,8.85102696263513
fastprop,tdcommons/ppbr-az,8.146403841076683
MiniCheMeleon,tdcommons/ppbr-az,7.565692411364723
RF_Morgan,tdcommons/ppbr-az,9.849738877184235
minimol,tdcommons/ppbr-az,8.57939893528046
fastprop,tdcommons/ppbr-az,8.477919699134896
RF_Morgan,tdcommons/ppbr-az,9.949992307749891
RF_Morgan,tdcommons/ppbr-az,9.914376427317144
Chemprop,tdcommons/ppbr-az,7.9328169632640435
MLP_PLR_Pretrained,tdcommons/ppbr-az,7.964917150234707
MiniCheMeleon,tdcommons/ppbr-az,7.7961076131148515
minimol,tdcommons/ppbr-az,9.081451995249086
Chemprop_Mordred,tdcommons/ppbr-az,8.787958548721559
RF_Mordred,tdcommons/ppbr-az,8.650838637241097
fastprop,tdcommons/ppbr-az,8.442498672567242
PCA_MLP_Prefitted,tdcommons/ppbr-az,8.66080521148518
RF,tdcommons/ppbr-az,9.272467961524956
fastprop,tdcommons/ppbr-az,8.212785119345023
CheMeleon,tdcommons/ppbr-az,7.723902495082249
MolCLR,tdcommons/ppbr-az,10.274352580771676
MLP_PLR_Pretrained,tdcommons/ppbr-az,7.942715118353611
PCA_MLP,tdcommons/ppbr-az,8.781945891132937
Chemprop_Mordred,tdcommons/ppbr-az,8.726259480921655
PCA_MLP,tdcommons/ppbr-az,8.811237517819208
PCA_MLP,tdcommons/ppbr-az,8.718973857900112
RF_Morgan_Physchem,tdcommons/ppbr-az,8.423688779930663
MoLFormer,tdcommons/ppbr-az,10.577345024204424
RF_Morgan_Physchem,tdcommons/ppbr-az,8.36609366442348
Chemprop,tdcommons/ppbr-az,8.098037824545436
fastprop,tdcommons/ppbr-az,8.766118995243408
RF_Mordred,tdcommons/ppbr-az,8.661894501223761
RF,tdcommons/ppbr-az,9.308295635517181
Chemprop_Mordred,tdcommons/ppbr-az,9.20716883814612
MiniCheMeleon,tdcommons/ppbr-az,7.474882018442444
RF_Mordred,tdcommons/ppbr-az,8.64394621792761
MoLFormer,tdcommons/ppbr-az,10.575902495409807
RF_Morgan_Physchem,tdcommons/ppbr-az,8.340848801959568
RF_Morgan_Physchem,tdcommons/ppbr-az,8.409592311320063
MolCLR,tdcommons/ppbr-az,9.370072479248046
PCA_MLP_Prefitted,tdcommons/ppbr-az,8.761373043435631
RF_Morgan_Physchem,tdcommons/ppbr-az,8.319313248932342
Chemprop_Mordred,tdcommons/ppbr-az,8.734298377403848
RF_Morgan,tdcommons/ppbr-az,9.88811203905344
minimol,tdcommons/ppbr-az,9.662332561950137
MoLFormer,tdcommons/ppbr-az,10.22624198572367
CheMeleon,tdcommons/ppbr-az,7.80288519106952
MoLFormer,tdcommons/ppbr-az,10.310471324067635
MLP_PLR_Pretrained,tdcommons/ppbr-az,7.756164214214399
RF,tdcommons/ppbr-az,9.24801220295139
MiniCheMeleon,tdcommons/ppbr-az,7.343608388337765
CheMeleon,tdcommons/ppbr-az,7.668181763241243
MLP_PLR_Pretrained,tdcommons/ppbr-az,7.8202590631201785
PCA_MLP_Prefitted,tdcommons/ppbr-az,8.804038585737906
PCA_MLP_Prefitted,tdcommons/ppbr-az,8.68616824919508
MolCLR,tdcommons/ppbr-az,9.576218310852596
MolCLR,tdcommons/ppbr-az,9.460583823106798
PCA_MLP_Prefitted,tdcommons/ppbr-az,8.837133180894664
minimol,tdcommons/ppbr-az,8.795964256655125
MolCLR,tdcommons/ppbr-az,9.671809811395908
RF_Mordred,tdcommons/ppbr-az,8.697385564268384
RF_Mordred,tdcommons/ppbr-az,8.488976169920564
Chemprop,tdcommons/ppbr-az,7.935351177618201
RF_Morgan,tdcommons/ppbr-az,9.834048602347265
MoLFormer,tdcommons/ppbr-az,10.153532873163924
MLP_PLR_Pretrained,tdcommons/ppbr-az,8.11852557733362
Chemprop_Mordred,tdcommons/ppbr-az,8.923601403961454
RF,tdcommons/ppbr-az,9.190342356726454
minimol,polaris/adme-fang-hclint-1,0.7203062330901907
RF_Morgan,polaris/adme-fang-hclint-1,0.5153037781016855
minimol,polaris/adme-fang-hclint-1,0.7180913260700108
minimol,polaris/adme-fang-hclint-1,0.7180099420274828
RF_Morgan,polaris/adme-fang-hclint-1,0.5093007724691986
fastprop,polaris/adme-fang-hclint-1,0.6417578777330453
MolCLR,polaris/adme-fang-hclint-1,0.508760360325342
MiniCheMeleon,polaris/adme-fang-hclint-1,0.6827699282103423
RF,polaris/adme-fang-hclint-1,0.6344981063987123
MolCLR,polaris/adme-fang-hclint-1,0.5069808801415129
CheMeleon,polaris/adme-fang-hclint-1,0.7201224436011495
minimol,polaris/adme-fang-hclint-1,0.7423974866309099
Chemprop,polaris/adme-fang-hclint-1,0.6211694042828204
MLP_PLR_Pretrained,polaris/adme-fang-hclint-1,0.6634204029636178
RF_Mordred,polaris/adme-fang-hclint-1,0.6351560373796259
Chemprop_Mordred,polaris/adme-fang-hclint-1,0.6129233702564325
MiniCheMeleon,polaris/adme-fang-hclint-1,0.7215013204723226
Chemprop,polaris/adme-fang-hclint-1,0.6618933929058317
fastprop,polaris/adme-fang-hclint-1,0.6582023046440604
PCA_MLP,polaris/adme-fang-hclint-1,0.6388664610400132
PCA_MLP,polaris/adme-fang-hclint-1,0.6244296248994945
PCA_MLP_Prefitted,polaris/adme-fang-hclint-1,0.61103280885482
MolCLR,polaris/adme-fang-hclint-1,0.5161444226079548
RF,polaris/adme-fang-hclint-1,0.6378675210442596
CheMeleon,polaris/adme-fang-hclint-1,0.7131814694684162
CheMeleon,polaris/adme-fang-hclint-1,0.7275277687194579
MLP_PLR_Pretrained,polaris/adme-fang-hclint-1,0.643035962526125
MLP_PLR_Pretrained,polaris/adme-fang-hclint-1,0.667666484535421
MLP_PLR_Pretrained,polaris/adme-fang-hclint-1,0.6559171641265735
MolCLR,polaris/adme-fang-hclint-1,0.5109938338633327
PCA_MLP_Prefitted,polaris/adme-fang-hclint-1,0.6393959833868882
RF_Morgan_Physchem,polaris/adme-fang-hclint-1,0.655727232871322
RF_Morgan_Physchem,polaris/adme-fang-hclint-1,0.65484215594887
PCA_MLP_Prefitted,polaris/adme-fang-hclint-1,0.6375998672056499
MoLFormer,polaris/adme-fang-hclint-1,0.7123970059515434
RF_Morgan_Physchem,polaris/adme-fang-hclint-1,0.6556908660676479
RF_Mordred,polaris/adme-fang-hclint-1,0.6298356591737979
RF_Morgan_Physchem,polaris/adme-fang-hclint-1,0.6589832917170034
RF,polaris/adme-fang-hclint-1,0.6287967298252345
MiniCheMeleon,polaris/adme-fang-hclint-1,0.6890823925387871
fastprop,polaris/adme-fang-hclint-1,0.6452242176194555
Chemprop,polaris/adme-fang-hclint-1,0.6404613320422048
MoLFormer,polaris/adme-fang-hclint-1,0.7025926795466753
MoLFormer,polaris/adme-fang-hclint-1,0.7046131033951475
MoLFormer,polaris/adme-fang-hclint-1,0.6990324015659282
minimol,polaris/adme-fang-hclint-1,0.7227979704501122
CheMeleon,polaris/adme-fang-hclint-1,0.7167710317978941
RF_Morgan,polaris/adme-fang-hclint-1,0.503466296018658
Chemprop,polaris/adme-fang-hclint-1,0.626685908928898
MLP_PLR_Pretrained,polaris/adme-fang-hclint-1,0.6760418723499149
RF_Mordred,polaris/adme-fang-hclint-1,0.6249271871778355
Chemprop_Mordred,polaris/adme-fang-hclint-1,0.6345851747277493
RF,polaris/adme-fang-hclint-1,0.6322776149995339
PCA_MLP,polaris/adme-fang-hclint-1,0.6149667429579602
PCA_MLP,polaris/adme-fang-hclint-1,0.6252502391658061
Chemprop_Mordred,polaris/adme-fang-hclint-1,0.6366447653936873
Chemprop,polaris/adme-fang-hclint-1,0.6662928003688151
PCA_MLP,polaris/adme-fang-hclint-1,0.6348255229021169
MiniCheMeleon,polaris/adme-fang-hclint-1,0.7184536423386861
MiniCheMeleon,polaris/adme-fang-hclint-1,0.7168709873885585
RF,polaris/adme-fang-hclint-1,0.6371448617134728
PCA_MLP_Prefitted,polaris/adme-fang-hclint-1,0.631417743591459
CheMeleon,polaris/adme-fang-hclint-1,0.7133627139485433
fastprop,polaris/adme-fang-hclint-1,0.6545303217655917
MoLFormer,polaris/adme-fang-hclint-1,0.7095916945084295
RF_Morgan_Physchem,polaris/adme-fang-hclint-1,0.6588851560782172
Chemprop_Mordred,polaris/adme-fang-hclint-1,0.649499202641301
RF_Mordred,polaris/adme-fang-hclint-1,0.6344376766236837
fastprop,polaris/adme-fang-hclint-1,0.6489828208363397
Chemprop_Mordred,polaris/adme-fang-hclint-1,0.6439500487851932
RF_Mordred,polaris/adme-fang-hclint-1,0.63798742035071
PCA_MLP_Prefitted,polaris/adme-fang-hclint-1,0.6190990623552705
MolCLR,polaris/adme-fang-hclint-1,0.5011019287392592
RF_Morgan,polaris/adme-fang-hclint-1,0.4962132904658961
RF_Morgan,polaris/adme-fang-hclint-1,0.5092530356905982
PCA_MLP,polaris/adme-fang-rclint-1,0.6492681465756127
MiniCheMeleon,polaris/adme-fang-rclint-1,0.7188601614924062
MolCLR,polaris/adme-fang-rclint-1,0.5273544108629985
CheMeleon,polaris/adme-fang-rclint-1,0.7540787213203008
RF,polaris/adme-fang-rclint-1,0.6450040911565413
PCA_MLP_Prefitted,polaris/adme-fang-rclint-1,0.6781355452436838
CheMeleon,polaris/adme-fang-rclint-1,0.749084690172475
Chemprop,polaris/adme-fang-rclint-1,0.6951542598912497
PCA_MLP,polaris/adme-fang-rclint-1,0.6511813451795403
fastprop,polaris/adme-fang-rclint-1,0.6804349902060638
MolCLR,polaris/adme-fang-rclint-1,0.5335263702785654
minimol,polaris/adme-fang-rclint-1,0.7479982547182376
RF_Morgan,polaris/adme-fang-rclint-1,0.5486419204750083
Chemprop,polaris/adme-fang-rclint-1,0.6984992260982636
RF_Morgan,polaris/adme-fang-rclint-1,0.5409074243662966
fastprop,polaris/adme-fang-rclint-1,0.6851278224711912
MiniCheMeleon,polaris/adme-fang-rclint-1,0.730511613236206
minimol,polaris/adme-fang-rclint-1,0.7359894139096985
Chemprop_Mordred,polaris/adme-fang-rclint-1,0.6581035983343694
minimol,polaris/adme-fang-rclint-1,0.6989082042777915
PCA_MLP,polaris/adme-fang-rclint-1,0.650609223480253
RF_Mordred,polaris/adme-fang-rclint-1,0.6342843257338214
Chemprop_Mordred,polaris/adme-fang-rclint-1,0.6671832316542522
MiniCheMeleon,polaris/adme-fang-rclint-1,0.7131430749470719
PCA_MLP,polaris/adme-fang-rclint-1,0.6471318046811034
PCA_MLP_Prefitted,polaris/adme-fang-rclint-1,0.6601160808019203
RF,polaris/adme-fang-rclint-1,0.6483612894977471
MiniCheMeleon,polaris/adme-fang-rclint-1,0.729687149991936
fastprop,polaris/adme-fang-rclint-1,0.6865780819039338
minimol,polaris/adme-fang-rclint-1,0.7424773748221534
Chemprop,polaris/adme-fang-rclint-1,0.6662869206991502
RF_Morgan,polaris/adme-fang-rclint-1,0.551361086183535
Chemprop,polaris/adme-fang-rclint-1,0.7159101444791578
RF,polaris/adme-fang-rclint-1,0.6464740696107658
Chemprop_Mordred,polaris/adme-fang-rclint-1,0.6831699654927046
MoLFormer,polaris/adme-fang-rclint-1,0.7162816949708143
MolCLR,polaris/adme-fang-rclint-1,0.544346251541416
RF_Mordred,polaris/adme-fang-rclint-1,0.6361614386877628
RF_Morgan,polaris/adme-fang-rclint-1,0.5521277445579383
MLP_PLR_Pretrained,polaris/adme-fang-rclint-1,0.7033474968031737
CheMeleon,polaris/adme-fang-rclint-1,0.7411589637767434
RF_Morgan_Physchem,polaris/adme-fang-rclint-1,0.6584044243968235
RF_Morgan,polaris/adme-fang-rclint-1,0.5445207961384646
PCA_MLP_Prefitted,polaris/adme-fang-rclint-1,0.6458205625183164
RF_Mordred,polaris/adme-fang-rclint-1,0.6493639594515674
Chemprop_Mordred,polaris/adme-fang-rclint-1,0.672647993460319
MoLFormer,polaris/adme-fang-rclint-1,0.7276959122124786
MoLFormer,polaris/adme-fang-rclint-1,0.714361755632358
fastprop,polaris/adme-fang-rclint-1,0.6689941010586801
minimol,polaris/adme-fang-rclint-1,0.7360507993602234
MoLFormer,polaris/adme-fang-rclint-1,0.7236011874505472
fastprop,polaris/adme-fang-rclint-1,0.6834356185236604
Chemprop_Mordred,polaris/adme-fang-rclint-1,0.6690151810525026
RF_Mordred,polaris/adme-fang-rclint-1,0.6442050906675219
MLP_PLR_Pretrained,polaris/adme-fang-rclint-1,0.6869993804338705
PCA_MLP_Prefitted,polaris/adme-fang-rclint-1,0.6500828266113278
Chemprop,polaris/adme-fang-rclint-1,0.6843521937463056
RF_Mordred,polaris/adme-fang-rclint-1,0.6349973324108293
RF_Morgan_Physchem,polaris/adme-fang-rclint-1,0.6558428668795881
RF_Morgan_Physchem,polaris/adme-fang-rclint-1,0.6512885886198646
RF_Morgan_Physchem,polaris/adme-fang-rclint-1,0.6565145508787393
MiniCheMeleon,polaris/adme-fang-rclint-1,0.7205040824373982
RF_Morgan_Physchem,polaris/adme-fang-rclint-1,0.6540255567285498
MoLFormer,polaris/adme-fang-rclint-1,0.7281510457503755
RF,polaris/adme-fang-rclint-1,0.6464926160286333
MolCLR,polaris/adme-fang-rclint-1,0.5648865915044958
MolCLR,polaris/adme-fang-rclint-1,0.5413646355667361
CheMeleon,polaris/adme-fang-rclint-1,0.7427290708544603
MLP_PLR_Pretrained,polaris/adme-fang-rclint-1,0.6964072098630967
MLP_PLR_Pretrained,polaris/adme-fang-rclint-1,0.6925024458467064
PCA_MLP,polaris/adme-fang-rclint-1,0.6527252058766075
PCA_MLP_Prefitted,polaris/adme-fang-rclint-1,0.6611286206986366
MLP_PLR_Pretrained,polaris/adme-fang-rclint-1,0.6929721190482513
RF,polaris/adme-fang-rclint-1,0.6506298439480473
CheMeleon,polaris/adme-fang-rclint-1,0.7441712499206925
MLP_PLR_Pretrained,polaris/adme-fang-perm-1,0.7848974677259866
PCA_MLP_Prefitted,polaris/adme-fang-perm-1,0.7198877867521483
PCA_MLP,polaris/adme-fang-perm-1,0.7233409003163536
CheMeleon,polaris/adme-fang-perm-1,0.8139506884258298
MLP_PLR_Pretrained,polaris/adme-fang-perm-1,0.7728213266134383
RF,polaris/adme-fang-perm-1,0.7156557706086468
MolCLR,polaris/adme-fang-perm-1,0.422525873344049
MoLFormer,polaris/adme-fang-perm-1,0.7838752761631055
RF,polaris/adme-fang-perm-1,0.7147388191493275
RF_Morgan_Physchem,polaris/adme-fang-perm-1,0.7416493460973683
RF_Morgan_Physchem,polaris/adme-fang-perm-1,0.7422680612964714
RF_Morgan_Physchem,polaris/adme-fang-perm-1,0.7423379587534549
PCA_MLP_Prefitted,polaris/adme-fang-perm-1,0.7400438610475429
Chemprop,polaris/adme-fang-perm-1,0.6980057866897077
Chemprop,polaris/adme-fang-perm-1,0.7030461555877876
RF_Morgan_Physchem,polaris/adme-fang-perm-1,0.7437186814346628
RF_Mordred,polaris/adme-fang-perm-1,0.7302612661195375
MiniCheMeleon,polaris/adme-fang-perm-1,0.7775676077866488
PCA_MLP_Prefitted,polaris/adme-fang-perm-1,0.7197173301019035
RF_Mordred,polaris/adme-fang-perm-1,0.7224413017476272
MoLFormer,polaris/adme-fang-perm-1,0.7943214828943682
Chemprop_Mordred,polaris/adme-fang-perm-1,0.7282391049942644
MoLFormer,polaris/adme-fang-perm-1,0.7940605090042357
MoLFormer,polaris/adme-fang-perm-1,0.7874704469571652
fastprop,polaris/adme-fang-perm-1,0.749812092808102
RF_Mordred,polaris/adme-fang-perm-1,0.7226575658732739
Chemprop_Mordred,polaris/adme-fang-perm-1,0.7510951921188256
RF_Morgan,polaris/adme-fang-perm-1,0.681762568329249
RF_Morgan_Physchem,polaris/adme-fang-perm-1,0.7416841802547107
MLP_PLR_Pretrained,polaris/adme-fang-perm-1,0.7569474711198562
MLP_PLR_Pretrained,polaris/adme-fang-perm-1,0.7765435258467267
CheMeleon,polaris/adme-fang-perm-1,0.7927713240681578
MoLFormer,polaris/adme-fang-perm-1,0.8004687350665166
MolCLR,polaris/adme-fang-perm-1,0.4472655587647629
Chemprop,polaris/adme-fang-perm-1,0.6988393132095868
RF_Mordred,polaris/adme-fang-perm-1,0.7297352986685504
Chemprop_Mordred,polaris/adme-fang-perm-1,0.7229835690575251
RF_Morgan,polaris/adme-fang-perm-1,0.6690752552438191
fastprop,polaris/adme-fang-perm-1,0.7446911697084346
minimol,polaris/adme-fang-perm-1,0.7839008135648361
RF_Morgan,polaris/adme-fang-perm-1,0.6693549609873073
RF,polaris/adme-fang-perm-1,0.7180276436903776
minimol,polaris/adme-fang-perm-1,0.7908687284667666
RF_Morgan,polaris/adme-fang-perm-1,0.6767420605689841
RF_Morgan,polaris/adme-fang-perm-1,0.6610659686653804
fastprop,polaris/adme-fang-perm-1,0.7365469065828796
minimol,polaris/adme-fang-perm-1,0.7940918660136109
Chemprop_Mordred,polaris/adme-fang-perm-1,0.7186336035546137
minimol,polaris/adme-fang-perm-1,0.8027336946541437
MiniCheMeleon,polaris/adme-fang-perm-1,0.7855608632249067
PCA_MLP_Prefitted,polaris/adme-fang-perm-1,0.7195413340654004
MiniCheMeleon,polaris/adme-fang-perm-1,0.7951197580006311
PCA_MLP,polaris/adme-fang-perm-1,0.7050540184761248
MiniCheMeleon,polaris/adme-fang-perm-1,0.7905136619394019
PCA_MLP,polaris/adme-fang-perm-1,0.7234713333296396
RF_Mordred,polaris/adme-fang-perm-1,0.7260280586863765
Chemprop_Mordred,polaris/adme-fang-perm-1,0.7412924262400828
fastprop,polaris/adme-fang-perm-1,0.7399800198301233
Chemprop,polaris/adme-fang-perm-1,0.6713831330953548
minimol,polaris/adme-fang-perm-1,0.7896882268056373
fastprop,polaris/adme-fang-perm-1,0.7497276420801129
Chemprop,polaris/adme-fang-perm-1,0.7145584468046873
PCA_MLP,polaris/adme-fang-perm-1,0.7163500032293111
PCA_MLP,polaris/adme-fang-perm-1,0.7050572296326156
CheMeleon,polaris/adme-fang-perm-1,0.796131616717727
RF,polaris/adme-fang-perm-1,0.7176096501289605
PCA_MLP_Prefitted,polaris/adme-fang-perm-1,0.7226098352222453
RF,polaris/adme-fang-perm-1,0.7194948807137258
MLP_PLR_Pretrained,polaris/adme-fang-perm-1,0.7498429566963315
CheMeleon,polaris/adme-fang-perm-1,0.8232539216979715
MolCLR,polaris/adme-fang-perm-1,0.4445423035118629
MolCLR,polaris/adme-fang-perm-1,0.42938893337062467
CheMeleon,polaris/adme-fang-perm-1,0.796287971929639
MiniCheMeleon,polaris/adme-fang-perm-1,0.793883872839361
MolCLR,polaris/adme-fang-perm-1,0.44060168745722184
Chemprop_Mordred,tdcommons/bbb-martins,0.9152986241400876
MiniCheMeleon,tdcommons/bbb-martins,0.9037679799874923
PCA_MLP,tdcommons/bbb-martins,0.8993707004377736
PCA_MLP_Prefitted,tdcommons/bbb-martins,0.9169793621013131
RF,tdcommons/bbb-martins,0.9167839274546592
Chemprop,tdcommons/bbb-martins,0.8851626016260162
MiniCheMeleon,tdcommons/bbb-martins,0.9046669793621013
fastprop,tdcommons/bbb-martins,0.9182301438399
PCA_MLP,tdcommons/bbb-martins,0.9058395872420262
MLP_PLR_Pretrained,tdcommons/bbb-martins,0.9046669793621012
minimol,tdcommons/bbb-martins,0.9018918073796124
fastprop,tdcommons/bbb-martins,0.9148295809881175
Chemprop,tdcommons/bbb-martins,0.8651110068792996
RF_Mordred,tdcommons/bbb-martins,0.877482020012508
RF_Morgan,tdcommons/bbb-martins,0.8632348342714197
RF_Morgan,tdcommons/bbb-martins,0.8699382426516572
RF,tdcommons/bbb-martins,0.9180737961225766
PCA_MLP,tdcommons/bbb-martins,0.9109599749843652
Chemprop,tdcommons/bbb-martins,0.8951297686053784
PCA_MLP,tdcommons/bbb-martins,0.8880550343964978
MolCLR,tdcommons/bbb-martins,0.8558083176985617
PCA_MLP_Prefitted,tdcommons/bbb-martins,0.9166666666666667
MolCLR,tdcommons/bbb-martins,0.8431832395247029
MLP_PLR_Pretrained,tdcommons/bbb-martins,0.9002110694183865
RF_Mordred,tdcommons/bbb-martins,0.8763289555972483
RF_Morgan_Physchem,tdcommons/bbb-martins,0.9140869293308318
RF_Morgan_Physchem,tdcommons/bbb-martins,0.9095723889931208
MLP_PLR_Pretrained,tdcommons/bbb-martins,0.9228033145716074
MoLFormer,tdcommons/bbb-martins,0.8854752970606629
MolCLR,tdcommons/bbb-martins,0.8574890556597873
MiniCheMeleon,tdcommons/bbb-martins,0.9210248592870544
PCA_MLP,tdcommons/bbb-martins,0.9123866479049406
RF,tdcommons/bbb-martins,0.9051360225140711
fastprop,tdcommons/bbb-martins,0.9186991869918699
CheMeleon,tdcommons/bbb-martins,0.8690978736710445
Chemprop_Mordred,tdcommons/bbb-martins,0.924523139462164
CheMeleon,tdcommons/bbb-martins,0.8997029393370857
CheMeleon,tdcommons/bbb-martins,0.8778533458411507
RF_Morgan,tdcommons/bbb-martins,0.877071607254534
CheMeleon,tdcommons/bbb-martins,0.8801594746716698
MLP_PLR_Pretrained,tdcommons/bbb-martins,0.9157676672920576
Chemprop,tdcommons/bbb-martins,0.8112883051907441
RF_Morgan_Physchem,tdcommons/bbb-martins,0.9099241713570981
RF_Morgan,tdcommons/bbb-martins,0.8608309881175735
Chemprop_Mordred,tdcommons/bbb-martins,0.91729205753596
Chemprop_Mordred,tdcommons/bbb-martins,0.9268292682926829
minimol,tdcommons/bbb-martins,0.9175656660412757
RF_Mordred,tdcommons/bbb-martins,0.874960913070669
RF_Morgan,tdcommons/bbb-martins,0.8645833333333333
minimol,tdcommons/bbb-martins,0.8974749843652282
RF,tdcommons/bbb-martins,0.9119762351469668
fastprop,tdcommons/bbb-martins,0.913578799249531
MolCLR,tdcommons/bbb-martins,0.8621404002501564
Chemprop_Mordred,tdcommons/bbb-martins,0.9274155722326455
minimol,tdcommons/bbb-martins,0.9142041901188241
MoLFormer,tdcommons/bbb-martins,0.9029080675422139
MiniCheMeleon,tdcommons/bbb-martins,0.9190118824265165
MolCLR,tdcommons/bbb-martins,0.850140712945591
Chemprop,tdcommons/bbb-martins,0.8623749218261412
MoLFormer,tdcommons/bbb-martins,0.8723420888055035
PCA_MLP_Prefitted,tdcommons/bbb-martins,0.8908692933083177
MoLFormer,tdcommons/bbb-martins,0.863156660412758
fastprop,tdcommons/bbb-martins,0.9014227642276423
RF_Morgan_Physchem,tdcommons/bbb-martins,0.9138524077548469
RF_Mordred,tdcommons/bbb-martins,0.8736319574734208
MiniCheMeleon,tdcommons/bbb-martins,0.9013836772983115
minimol,tdcommons/bbb-martins,0.9135201688555347
CheMeleon,tdcommons/bbb-martins,0.9028298936835523
MoLFormer,tdcommons/bbb-martins,0.8920419011882427
RF,tdcommons/bbb-martins,0.9143214509068168
RF_Morgan_Physchem,tdcommons/bbb-martins,0.9158458411507192
PCA_MLP_Prefitted,tdcommons/bbb-martins,0.9024976547842402
PCA_MLP_Prefitted,tdcommons/bbb-martins,0.9102173233270795
RF_Mordred,tdcommons/bbb-martins,0.8828369293308319
MLP_PLR_Pretrained,tdcommons/bbb-martins,0.9131488430268918
RF,polaris/adme-fang-solu-1,0.5739950882493573
Chemprop_Mordred,polaris/adme-fang-solu-1,0.5722389133202895
PCA_MLP,polaris/adme-fang-solu-1,0.5286446822632431
PCA_MLP,polaris/adme-fang-solu-1,0.5619399099751152
MolCLR,polaris/adme-fang-solu-1,0.5112003310229661
MiniCheMeleon,polaris/adme-fang-solu-1,0.6371157142058103
MiniCheMeleon,polaris/adme-fang-solu-1,0.6250544998217591
MolCLR,polaris/adme-fang-solu-1,0.5093380743158173
MLP_PLR_Pretrained,polaris/adme-fang-solu-1,0.5680385162028907
PCA_MLP_Prefitted,polaris/adme-fang-solu-1,0.5383286682166071
Chemprop,polaris/adme-fang-solu-1,0.587287999625133
PCA_MLP,polaris/adme-fang-solu-1,0.5526862762876469
RF_Mordred,polaris/adme-fang-solu-1,0.5362095232329354
Chemprop,polaris/adme-fang-solu-1,0.5906870444756219
RF_Morgan,polaris/adme-fang-solu-1,0.5413291082203111
CheMeleon,polaris/adme-fang-solu-1,0.6536492133297891
MiniCheMeleon,polaris/adme-fang-solu-1,0.6077787749358238
RF_Mordred,polaris/adme-fang-solu-1,0.5470436836730058
MolCLR,polaris/adme-fang-solu-1,0.5071055620109537
fastprop,polaris/adme-fang-solu-1,0.5485783628872404
CheMeleon,polaris/adme-fang-solu-1,0.6768512300853301
RF,polaris/adme-fang-solu-1,0.5685562546868163
PCA_MLP_Prefitted,polaris/adme-fang-solu-1,0.5461524081838374
Chemprop_Mordred,polaris/adme-fang-solu-1,0.5163574910276286
Chemprop_Mordred,polaris/adme-fang-solu-1,0.5440414920033536
minimol,polaris/adme-fang-solu-1,0.6823835813116489
RF,polaris/adme-fang-solu-1,0.5790237904811822
RF_Morgan,polaris/adme-fang-solu-1,0.5275738893261084
RF_Mordred,polaris/adme-fang-solu-1,0.5293307811958299
minimol,polaris/adme-fang-solu-1,0.6810489080559204
Chemprop,polaris/adme-fang-solu-1,0.5763622162909174
fastprop,polaris/adme-fang-solu-1,0.5462900721945965
RF_Morgan,polaris/adme-fang-solu-1,0.5285093268992189
PCA_MLP,polaris/adme-fang-solu-1,0.5270837943769195
fastprop,polaris/adme-fang-solu-1,0.5409506824691828
minimol,polaris/adme-fang-solu-1,0.6909682575136458
MLP_PLR_Pretrained,polaris/adme-fang-solu-1,0.5577464692362151
MLP_PLR_Pretrained,polaris/adme-fang-solu-1,0.5302874648150562
CheMeleon,polaris/adme-fang-solu-1,0.6685387371281728
MiniCheMeleon,polaris/adme-fang-solu-1,0.6215301280571739
RF_Morgan,polaris/adme-fang-solu-1,0.5115415720041263
RF_Morgan,polaris/adme-fang-solu-1,0.5337150075382253
minimol,polaris/adme-fang-solu-1,0.7002235502040565
MLP_PLR_Pretrained,polaris/adme-fang-solu-1,0.5571268497352206
PCA_MLP_Prefitted,polaris/adme-fang-solu-1,0.5482115220558281
RF_Morgan_Physchem,polaris/adme-fang-solu-1,0.5714022344521235
MoLFormer,polaris/adme-fang-solu-1,0.5560376659265465
MLP_PLR_Pretrained,polaris/adme-fang-solu-1,0.5487821279430616
RF_Mordred,polaris/adme-fang-solu-1,0.5301240232229776
Chemprop,polaris/adme-fang-solu-1,0.6150160215445122
RF,polaris/adme-fang-solu-1,0.5727381088385395
fastprop,polaris/adme-fang-solu-1,0.5836965562479778
MoLFormer,polaris/adme-fang-solu-1,0.5828956129679115
minimol,polaris/adme-fang-solu-1,0.6797753242150979
Chemprop_Mordred,polaris/adme-fang-solu-1,0.5395799076088247
RF,polaris/adme-fang-solu-1,0.5782783995626744
RF_Morgan_Physchem,polaris/adme-fang-solu-1,0.5743540444422812
RF_Morgan_Physchem,polaris/adme-fang-solu-1,0.5802129320447619
MiniCheMeleon,polaris/adme-fang-solu-1,0.6004139958582255
PCA_MLP_Prefitted,polaris/adme-fang-solu-1,0.5693364849278093
Chemprop,polaris/adme-fang-solu-1,0.6110900500211651
MolCLR,polaris/adme-fang-solu-1,0.4933802513643362
fastprop,polaris/adme-fang-solu-1,0.5866155015957892
RF_Morgan_Physchem,polaris/adme-fang-solu-1,0.5744801635859775
RF_Mordred,polaris/adme-fang-solu-1,0.5373560942826231
PCA_MLP_Prefitted,polaris/adme-fang-solu-1,0.5185579335716157
MoLFormer,polaris/adme-fang-solu-1,0.5782666080492838
RF_Morgan_Physchem,polaris/adme-fang-solu-1,0.5766367970185527
CheMeleon,polaris/adme-fang-solu-1,0.6346485607975018
MoLFormer,polaris/adme-fang-solu-1,0.5689684884920423
MoLFormer,polaris/adme-fang-solu-1,0.597589101677514
CheMeleon,polaris/adme-fang-solu-1,0.6450086396884953
PCA_MLP,polaris/adme-fang-solu-1,0.5259817238691044
Chemprop_Mordred,polaris/adme-fang-solu-1,0.5244006133822321
MolCLR,polaris/adme-fang-solu-1,0.503364119361664
MolCLR,tdcommons/pgp-broccatelli,0.8563716342308718
MiniCheMeleon,tdcommons/pgp-broccatelli,0.9236870167955211
MiniCheMeleon,tdcommons/pgp-broccatelli,0.9093575046654225
RF,tdcommons/pgp-broccatelli,0.9199880031991469
Chemprop,tdcommons/pgp-broccatelli,0.8794321514262863
PCA_MLP_Prefitted,tdcommons/pgp-broccatelli,0.9224873367102107
PCA_MLP,tdcommons/pgp-broccatelli,0.9199546787523327
PCA_MLP,tdcommons/pgp-broccatelli,0.9167555318581713
MLP_PLR_Pretrained,tdcommons/pgp-broccatelli,0.9304185550519862
fastprop,tdcommons/pgp-broccatelli,0.9193548387096775
CheMeleon,tdcommons/pgp-broccatelli,0.9295521194348174
MoLFormer,tdcommons/pgp-broccatelli,0.9023593708344442
MoLFormer,tdcommons/pgp-broccatelli,0.922020794454812
PCA_MLP_Prefitted,tdcommons/pgp-broccatelli,0.9168221807517994
MLP_PLR_Pretrained,tdcommons/pgp-broccatelli,0.8794321514262864
MLP_PLR_Pretrained,tdcommons/pgp-broccatelli,0.9203545721141029
CheMeleon,tdcommons/pgp-broccatelli,0.9100906424953346
PCA_MLP_Prefitted,tdcommons/pgp-broccatelli,0.9140229272194083
RF,tdcommons/pgp-broccatelli,0.9253865635830445
RF_Morgan_Physchem,tdcommons/pgp-broccatelli,0.9121900826446281
MoLFormer,tdcommons/pgp-broccatelli,0.9236870167955212
RF_Morgan_Physchem,tdcommons/pgp-broccatelli,0.9164556118368434
Chemprop,tdcommons/pgp-broccatelli,0.9110237270061317
MoLFormer,tdcommons/pgp-broccatelli,0.8985603838976273
minimol,tdcommons/pgp-broccatelli,0.9455478539056251
RF_Morgan_Physchem,tdcommons/pgp-broccatelli,0.9160223940282592
RF_Mordred,tdcommons/pgp-broccatelli,0.886830178619035
minimol,tdcommons/pgp-broccatelli,0.936750199946681
fastprop,tdcommons/pgp-broccatelli,0.9138896294321515
RF_Mordred,tdcommons/pgp-broccatelli,0.8929618768328447
MoLFormer,tdcommons/pgp-broccatelli,0.9190882431351639
PCA_MLP,tdcommons/pgp-broccatelli,0.914689416155692
RF_Mordred,tdcommons/pgp-broccatelli,0.8921954145561184
RF_Morgan,tdcommons/pgp-broccatelli,0.9204545454545454
Chemprop,tdcommons/pgp-broccatelli,0.871900826446281
MiniCheMeleon,tdcommons/pgp-broccatelli,0.9078912290055985
RF_Mordred,tdcommons/pgp-broccatelli,0.8956611570247935
MolCLR,tdcommons/pgp-broccatelli,0.8515729138896293
RF,tdcommons/pgp-broccatelli,0.9284857371367635
PCA_MLP,tdcommons/pgp-broccatelli,0.9279525459877367
Chemprop_Mordred,tdcommons/pgp-broccatelli,0.8782324713409757
RF_Morgan_Physchem,tdcommons/pgp-broccatelli,0.9167555318581712
CheMeleon,tdcommons/pgp-broccatelli,0.9341508930951746
RF_Mordred,tdcommons/pgp-broccatelli,0.8985937083444414
fastprop,tdcommons/pgp-broccatelli,0.9252199413489736
minimol,tdcommons/pgp-broccatelli,0.9419488136496933
MLP_PLR_Pretrained,tdcommons/pgp-broccatelli,0.9254198880298588
RF_Morgan,tdcommons/pgp-broccatelli,0.9158890962410023
minimol,tdcommons/pgp-broccatelli,0.9434150893095175
RF_Morgan,tdcommons/pgp-broccatelli,0.9053252466009064
Chemprop_Mordred,tdcommons/pgp-broccatelli,0.9167555318581712
PCA_MLP_Prefitted,tdcommons/pgp-broccatelli,0.9022260730471874
PCA_MLP_Prefitted,tdcommons/pgp-broccatelli,0.9171554252199413
CheMeleon,tdcommons/pgp-broccatelli,0.9365502532657958
RF,tdcommons/pgp-broccatelli,0.9261530258597707
Chemprop_Mordred,tdcommons/pgp-broccatelli,0.9128232471340977
RF_Morgan,tdcommons/pgp-broccatelli,0.9138563049853372
MiniCheMeleon,tdcommons/pgp-broccatelli,0.8683017861903493
CheMeleon,tdcommons/pgp-broccatelli,0.9240869101572914
RF_Morgan_Physchem,tdcommons/pgp-broccatelli,0.9139896027725939
MLP_PLR_Pretrained,tdcommons/pgp-broccatelli,0.9244868035190615
fastprop,tdcommons/pgp-broccatelli,0.9241535590509198
minimol,tdcommons/pgp-broccatelli,0.9403492402026127
Chemprop_Mordred,tdcommons/pgp-broccatelli,0.9108904292188751
fastprop,tdcommons/pgp-broccatelli,0.9249533457744601
MolCLR,tdcommons/pgp-broccatelli,0.8331778192482004
PCA_MLP,tdcommons/pgp-broccatelli,0.91475606504932
Chemprop_Mordred,tdcommons/pgp-broccatelli,0.9148893628365768
Chemprop,tdcommons/pgp-broccatelli,0.8904958677685951
RF_Morgan,tdcommons/pgp-broccatelli,0.9212876566249001
MolCLR,tdcommons/pgp-broccatelli,0.851506264996001
RF,tdcommons/pgp-broccatelli,0.923653692348707
MolCLR,tdcommons/pgp-broccatelli,0.8426419621434285
Chemprop,tdcommons/pgp-broccatelli,0.8833644361503599
MiniCheMeleon,tdcommons/pgp-broccatelli,0.8891628898960278
PCA_MLP,tdcommons/clearance-hepatocyte-az,0.2945217734815612
PCA_MLP,tdcommons/clearance-hepatocyte-az,0.34197751043553404
MoLFormer,tdcommons/clearance-hepatocyte-az,0.24435213942397913
MiniCheMeleon,tdcommons/clearance-hepatocyte-az,0.3932213856822941
MLP_PLR_Pretrained,tdcommons/clearance-hepatocyte-az,0.3403192936818789
fastprop,tdcommons/clearance-hepatocyte-az,0.3369398409280782
RF,tdcommons/clearance-hepatocyte-az,0.4448378490617916
Chemprop,tdcommons/clearance-hepatocyte-az,0.342526253427613
RF_Mordred,tdcommons/clearance-hepatocyte-az,0.32616297823090545
PCA_MLP_Prefitted,tdcommons/clearance-hepatocyte-az,0.38966947971285065
PCA_MLP_Prefitted,tdcommons/clearance-hepatocyte-az,0.3474267756878841
fastprop,tdcommons/clearance-hepatocyte-az,0.3791857307971865
RF,tdcommons/clearance-hepatocyte-az,0.4533001331792948
MiniCheMeleon,tdcommons/clearance-hepatocyte-az,0.37709294720658465
minimol,tdcommons/clearance-hepatocyte-az,0.4377218100910761
RF_Morgan,tdcommons/clearance-hepatocyte-az,0.2657024891253087
MoLFormer,tdcommons/clearance-hepatocyte-az,0.2153920289958245
RF_Morgan_Physchem,tdcommons/clearance-hepatocyte-az,0.4453830982444433
RF_Mordred,tdcommons/clearance-hepatocyte-az,0.3203156218191087
fastprop,tdcommons/clearance-hepatocyte-az,0.3381819840968773
PCA_MLP_Prefitted,tdcommons/clearance-hepatocyte-az,0.35437533640574315
MolCLR,tdcommons/clearance-hepatocyte-az,0.23629560406643527
CheMeleon,tdcommons/clearance-hepatocyte-az,0.40159879139889854
RF_Morgan_Physchem,tdcommons/clearance-hepatocyte-az,0.45749745970707306
MLP_PLR_Pretrained,tdcommons/clearance-hepatocyte-az,0.32647340900592825
Chemprop_Mordred,tdcommons/clearance-hepatocyte-az,0.24256774805178352
MLP_PLR_Pretrained,tdcommons/clearance-hepatocyte-az,0.3465287493197509
RF_Mordred,tdcommons/clearance-hepatocyte-az,0.2963675047906221
RF_Morgan,tdcommons/clearance-hepatocyte-az,0.2671198009452371
PCA_MLP,tdcommons/clearance-hepatocyte-az,0.32343828450050865
Chemprop_Mordred,tdcommons/clearance-hepatocyte-az,0.32608606496850845
MolCLR,tdcommons/clearance-hepatocyte-az,0.2820682552682827
MoLFormer,tdcommons/clearance-hepatocyte-az,0.30740918748954443
MiniCheMeleon,tdcommons/clearance-hepatocyte-az,0.38306591442264665
RF_Morgan_Physchem,tdcommons/clearance-hepatocyte-az,0.4528695627538572
fastprop,tdcommons/clearance-hepatocyte-az,0.3834271645392779
minimol,tdcommons/clearance-hepatocyte-az,0.40572717828312754
MoLFormer,tdcommons/clearance-hepatocyte-az,0.26674747648073166
Chemprop,tdcommons/clearance-hepatocyte-az,0.3788209216347244
RF_Morgan,tdcommons/clearance-hepatocyte-az,0.26457880533209344
RF_Morgan,tdcommons/clearance-hepatocyte-az,0.2447192170360795
Chemprop,tdcommons/clearance-hepatocyte-az,0.36199257785045064
PCA_MLP_Prefitted,tdcommons/clearance-hepatocyte-az,0.38923782536277735
RF_Morgan_Physchem,tdcommons/clearance-hepatocyte-az,0.4408098102232341
MolCLR,tdcommons/clearance-hepatocyte-az,0.2821261656534393
Chemprop_Mordred,tdcommons/clearance-hepatocyte-az,0.32491532493144437
MLP_PLR_Pretrained,tdcommons/clearance-hepatocyte-az,0.3230586704806771
RF_Morgan_Physchem,tdcommons/clearance-hepatocyte-az,0.4429504803578977
minimol,tdcommons/clearance-hepatocyte-az,0.39263433177685103
Chemprop_Mordred,tdcommons/clearance-hepatocyte-az,0.3263445321526043
Chemprop,tdcommons/clearance-hepatocyte-az,0.32809901901089467
RF,tdcommons/clearance-hepatocyte-az,0.4652065606315913
RF_Mordred,tdcommons/clearance-hepatocyte-az,0.3072888711232589
MLP_PLR_Pretrained,tdcommons/clearance-hepatocyte-az,0.32228784440196684
RF,tdcommons/clearance-hepatocyte-az,0.45578778006655485
PCA_MLP_Prefitted,tdcommons/clearance-hepatocyte-az,0.32226349620784583
CheMeleon,tdcommons/clearance-hepatocyte-az,0.40744604550529934
minimol,tdcommons/clearance-hepatocyte-az,0.3936382117966009
RF_Morgan,tdcommons/clearance-hepatocyte-az,0.27726193982500863
MoLFormer,tdcommons/clearance-hepatocyte-az,0.2204269262078558
CheMeleon,tdcommons/clearance-hepatocyte-az,0.4025948972482501
minimol,tdcommons/clearance-hepatocyte-az,0.4624006817172439
fastprop,tdcommons/clearance-hepatocyte-az,0.3278109077713852
RF,tdcommons/clearance-hepatocyte-az,0.4549640253306689
MolCLR,tdcommons/clearance-hepatocyte-az,0.28129221338590055
MolCLR,tdcommons/clearance-hepatocyte-az,0.26396164776163283
RF_Mordred,tdcommons/clearance-hepatocyte-az,0.31439475338345674
MiniCheMeleon,tdcommons/clearance-hepatocyte-az,0.3749629427110725
Chemprop,tdcommons/clearance-hepatocyte-az,0.350121412256134
PCA_MLP,tdcommons/clearance-hepatocyte-az,0.32033265281493284
PCA_MLP,tdcommons/clearance-hepatocyte-az,0.3082442696394978
Chemprop_Mordred,tdcommons/clearance-hepatocyte-az,0.34770351191320226
MiniCheMeleon,tdcommons/clearance-hepatocyte-az,0.39663145471898903
CheMeleon,tdcommons/clearance-hepatocyte-az,0.3997291117476971
CheMeleon,tdcommons/clearance-hepatocyte-az,0.293650393726857
MolCLR,tdcommons/vdss-lombardo,0.5175547121023981
minimol,tdcommons/vdss-lombardo,0.36215341888761426
MiniCheMeleon,tdcommons/vdss-lombardo,0.3192177833254865
PCA_MLP,tdcommons/vdss-lombardo,0.44757603841114496
PCA_MLP,tdcommons/vdss-lombardo,0.3804944501002828
fastprop,tdcommons/vdss-lombardo,0.4879282030889926
CheMeleon,tdcommons/vdss-lombardo,0.5428147850578094
MolCLR,tdcommons/vdss-lombardo,0.49753958394658565
MoLFormer,tdcommons/vdss-lombardo,0.588741928699666
Chemprop,tdcommons/vdss-lombardo,0.5251649545976853
RF_Mordred,tdcommons/vdss-lombardo,0.4872206964987398
RF_Mordred,tdcommons/vdss-lombardo,0.47100158877215087
RF_Morgan_Physchem,tdcommons/vdss-lombardo,0.5065011608087224
CheMeleon,tdcommons/vdss-lombardo,0.5368017810384472
minimol,tdcommons/vdss-lombardo,-0.14297990054141865
RF,tdcommons/vdss-lombardo,0.4970909592681226
CheMeleon,tdcommons/vdss-lombardo,0.5652787574255806
minimol,tdcommons/vdss-lombardo,0.4803355186892362
RF_Morgan,tdcommons/vdss-lombardo,0.5112494085643206
Chemprop_Mordred,tdcommons/vdss-lombardo,0.1297080878756876
Chemprop,tdcommons/vdss-lombardo,0.5315330320980965
MolCLR,tdcommons/vdss-lombardo,0.4926359030752743
MiniCheMeleon,tdcommons/vdss-lombardo,0.49772984775856904
Chemprop_Mordred,tdcommons/vdss-lombardo,0.37671450918824745
minimol,tdcommons/vdss-lombardo,0.2968226959658971
MiniCheMeleon,tdcommons/vdss-lombardo,0.40384491568834907
MLP_PLR_Pretrained,tdcommons/vdss-lombardo,0.47440396249236005
RF_Morgan,tdcommons/vdss-lombardo,0.5165871585045967
RF_Morgan_Physchem,tdcommons/vdss-lombardo,0.5118773791455296
RF,tdcommons/vdss-lombardo,0.553040642806498
RF_Morgan_Physchem,tdcommons/vdss-lombardo,0.5106105212759879
RF_Mordred,tdcommons/vdss-lombardo,0.5194109467472516
fastprop,tdcommons/vdss-lombardo,0.5407531091740178
RF_Mordred,tdcommons/vdss-lombardo,0.4812788887642876
MolCLR,tdcommons/vdss-lombardo,0.41794446407637437
PCA_MLP_Prefitted,tdcommons/vdss-lombardo,0.3852759665777344
MoLFormer,tdcommons/vdss-lombardo,0.6530994724636123
CheMeleon,tdcommons/vdss-lombardo,0.5361865278279186
fastprop,tdcommons/vdss-lombardo,0.4528523032574587
PCA_MLP_Prefitted,tdcommons/vdss-lombardo,0.4785664825080439
CheMeleon,tdcommons/vdss-lombardo,0.5466590234966974
MLP_PLR_Pretrained,tdcommons/vdss-lombardo,0.4866904564384475
RF,tdcommons/vdss-lombardo,0.5068645312029815
RF_Morgan_Physchem,tdcommons/vdss-lombardo,0.51372074311984
MLP_PLR_Pretrained,tdcommons/vdss-lombardo,0.4326335219780372
MiniCheMeleon,tdcommons/vdss-lombardo,0.10044480384979057
Chemprop,tdcommons/vdss-lombardo,0.49661296523173326
PCA_MLP,tdcommons/vdss-lombardo,0.36766004476088265
RF,tdcommons/vdss-lombardo,0.5227322249288276
RF_Morgan_Physchem,tdcommons/vdss-lombardo,0.5265785447387326
Chemprop_Mordred,tdcommons/vdss-lombardo,0.3210545643858381
RF_Mordred,tdcommons/vdss-lombardo,0.48527336388515635
MLP_PLR_Pretrained,tdcommons/vdss-lombardo,0.49584229591045387
RF_Morgan,tdcommons/vdss-lombardo,0.5215615380506136
PCA_MLP_Prefitted,tdcommons/vdss-lombardo,0.4038858283277115
MiniCheMeleon,tdcommons/vdss-lombardo,0.3974471054999935
MolCLR,tdcommons/vdss-lombardo,0.34233121144414513
MoLFormer,tdcommons/vdss-lombardo,0.586200938457843
Chemprop,tdcommons/vdss-lombardo,0.3284988857636628
PCA_MLP_Prefitted,tdcommons/vdss-lombardo,0.3809170825090856
RF,tdcommons/vdss-lombardo,0.5225934267953982
MoLFormer,tdcommons/vdss-lombardo,0.6031415665266907
PCA_MLP,tdcommons/vdss-lombardo,0.3964266002417198
Chemprop_Mordred,tdcommons/vdss-lombardo,0.05864140112741096
PCA_MLP,tdcommons/vdss-lombardo,0.3800120357394353
minimol,tdcommons/vdss-lombardo,0.06579416276993329
RF_Morgan,tdcommons/vdss-lombardo,0.5100012650498482
RF_Morgan,tdcommons/vdss-lombardo,0.5014857136501926
fastprop,tdcommons/vdss-lombardo,0.5221281671346515
MoLFormer,tdcommons/vdss-lombardo,0.5655377180973229
fastprop,tdcommons/vdss-lombardo,0.5156685955766196
PCA_MLP_Prefitted,tdcommons/vdss-lombardo,0.4739653515728488
MLP_PLR_Pretrained,tdcommons/vdss-lombardo,0.485338344284702
Chemprop_Mordred,tdcommons/vdss-lombardo,0.3789268633490591
Chemprop,tdcommons/vdss-lombardo,0.4966977013674516
CheMeleon,tdcommons/clearance-microsome-az,0.5997660171292877
RF_Morgan_Physchem,tdcommons/clearance-microsome-az,0.5582982383275713
minimol,tdcommons/clearance-microsome-az,0.6001469835875571
CheMeleon,tdcommons/clearance-microsome-az,0.6058123983049616
RF_Mordred,tdcommons/clearance-microsome-az,0.5318006368234307
RF,tdcommons/clearance-microsome-az,0.585619745981653
CheMeleon,tdcommons/clearance-microsome-az,0.5929123534533197
MiniCheMeleon,tdcommons/clearance-microsome-az,0.558928994889567
MolCLR,tdcommons/clearance-microsome-az,0.4178928256590399
PCA_MLP,tdcommons/clearance-microsome-az,0.5105862971747109
minimol,tdcommons/clearance-microsome-az,0.5734668786359743
MolCLR,tdcommons/clearance-microsome-az,0.40398041105685306
Chemprop,tdcommons/clearance-microsome-az,0.5022098185134957
RF_Mordred,tdcommons/clearance-microsome-az,0.485207715931403
MolCLR,tdcommons/clearance-microsome-az,0.39379763024385145
RF_Morgan,tdcommons/clearance-microsome-az,0.4404236552354421
minimol,tdcommons/clearance-microsome-az,0.5603287889247056
MiniCheMeleon,tdcommons/clearance-microsome-az,0.643503361365594
RF_Morgan,tdcommons/clearance-microsome-az,0.42568405794054537
RF_Morgan_Physchem,tdcommons/clearance-microsome-az,0.5436802204982614
MoLFormer,tdcommons/clearance-microsome-az,0.42015673893396804
MolCLR,tdcommons/clearance-microsome-az,0.4306576606337852
MiniCheMeleon,tdcommons/clearance-microsome-az,0.597456301166981
PCA_MLP_Prefitted,tdcommons/clearance-microsome-az,0.5264081427967142
fastprop,tdcommons/clearance-microsome-az,0.5307195247150402
MLP_PLR_Pretrained,tdcommons/clearance-microsome-az,0.5056130678542436
RF,tdcommons/clearance-microsome-az,0.5996940833064102
RF_Mordred,tdcommons/clearance-microsome-az,0.4993951109302643
Chemprop,tdcommons/clearance-microsome-az,0.5699130397714653
MoLFormer,tdcommons/clearance-microsome-az,0.2308833556845446
MoLFormer,tdcommons/clearance-microsome-az,0.4079770559474727
PCA_MLP,tdcommons/clearance-microsome-az,0.41478715234357433
Chemprop_Mordred,tdcommons/clearance-microsome-az,0.5106144190126893
PCA_MLP,tdcommons/clearance-microsome-az,0.49879859610430005
CheMeleon,tdcommons/clearance-microsome-az,0.6293593687991198
MoLFormer,tdcommons/clearance-microsome-az,0.23813593023416166
MiniCheMeleon,tdcommons/clearance-microsome-az,0.5902658630155562
CheMeleon,tdcommons/clearance-microsome-az,0.5892957733006992
RF_Mordred,tdcommons/clearance-microsome-az,0.5097795818862642
MolCLR,tdcommons/clearance-microsome-az,0.3591287952118593
PCA_MLP_Prefitted,tdcommons/clearance-microsome-az,0.47085897787485237
PCA_MLP_Prefitted,tdcommons/clearance-microsome-az,0.5180285297653121
Chemprop,tdcommons/clearance-microsome-az,0.4519009502421633
PCA_MLP,tdcommons/clearance-microsome-az,0.5022873556721537
PCA_MLP,tdcommons/clearance-microsome-az,0.5313813721171815
RF_Morgan_Physchem,tdcommons/clearance-microsome-az,0.5581885932519405
MLP_PLR_Pretrained,tdcommons/clearance-microsome-az,0.5743315758053211
RF,tdcommons/clearance-microsome-az,0.6001440257929367
MoLFormer,tdcommons/clearance-microsome-az,-0.06859023796430883
Chemprop,tdcommons/clearance-microsome-az,0.5372087247155588
fastprop,tdcommons/clearance-microsome-az,0.5441541748144705
Chemprop_Mordred,tdcommons/clearance-microsome-az,0.5121823990977086
fastprop,tdcommons/clearance-microsome-az,0.5348996733716542
Chemprop_Mordred,tdcommons/clearance-microsome-az,0.557607804756423
RF_Mordred,tdcommons/clearance-microsome-az,0.5134507045580553
MiniCheMeleon,tdcommons/clearance-microsome-az,0.4808165314247363
RF_Morgan,tdcommons/clearance-microsome-az,0.43410627917380196
minimol,tdcommons/clearance-microsome-az,0.5894875536276621
fastprop,tdcommons/clearance-microsome-az,0.4969482639250949
RF,tdcommons/clearance-microsome-az,0.5868707224404046
Chemprop,tdcommons/clearance-microsome-az,0.5037062168989814
Chemprop_Mordred,tdcommons/clearance-microsome-az,0.5272986360912562
MLP_PLR_Pretrained,tdcommons/clearance-microsome-az,0.5643004688700353
PCA_MLP_Prefitted,tdcommons/clearance-microsome-az,0.5222740109981031
RF_Morgan,tdcommons/clearance-microsome-az,0.4484936486667008
RF,tdcommons/clearance-microsome-az,0.5897629663784179
MLP_PLR_Pretrained,tdcommons/clearance-microsome-az,0.5615337762962774
minimol,tdcommons/clearance-microsome-az,0.6189513928863113
RF_Morgan_Physchem,tdcommons/clearance-microsome-az,0.5596815842299602
MLP_PLR_Pretrained,tdcommons/clearance-microsome-az,0.5702826604104192
PCA_MLP_Prefitted,tdcommons/clearance-microsome-az,0.48174565750337833
RF_Morgan,tdcommons/clearance-microsome-az,0.4391005285405176
Chemprop_Mordred,tdcommons/clearance-microsome-az,0.44221299212990506
fastprop,tdcommons/clearance-microsome-az,0.528328352426961
RF_Morgan_Physchem,tdcommons/clearance-microsome-az,0.552026880867008
RF,tdcommons/caco2-wang,0.32387756803637885
MolCLR,tdcommons/caco2-wang,0.4391630202899305
MiniCheMeleon,tdcommons/caco2-wang,0.28632762917537485
RF_Mordred,tdcommons/caco2-wang,0.32228319391201155
MLP_PLR_Pretrained,tdcommons/caco2-wang,0.292851992089039
PCA_MLP_Prefitted,tdcommons/caco2-wang,0.2928806125490966
minimol,tdcommons/caco2-wang,0.3150544684390561
Chemprop,tdcommons/caco2-wang,0.3762340911022146
RF_Morgan,tdcommons/caco2-wang,0.40440190137052606
RF_Morgan_Physchem,tdcommons/caco2-wang,0.28539914140801037
Chemprop_Mordred,tdcommons/caco2-wang,0.44397603690346527
MiniCheMeleon,tdcommons/caco2-wang,0.3836946810928848
CheMeleon,tdcommons/caco2-wang,0.35597873534294383
MolCLR,tdcommons/caco2-wang,0.4403181163049719
RF_Morgan,tdcommons/caco2-wang,0.3943740500180797
RF_Mordred,tdcommons/caco2-wang,0.32723547235680894
minimol,tdcommons/caco2-wang,0.3147927756907704
Chemprop_Mordred,tdcommons/caco2-wang,0.31374891991146225
MolCLR,tdcommons/caco2-wang,0.4358692079098545
minimol,tdcommons/caco2-wang,0.3214661115986919
fastprop,tdcommons/caco2-wang,0.284479731069326
MoLFormer,tdcommons/caco2-wang,0.3685751035199846
MLP_PLR_Pretrained,tdcommons/caco2-wang,0.2800426345116585
CheMeleon,tdcommons/caco2-wang,0.4058060832946107
RF_Morgan_Physchem,tdcommons/caco2-wang,0.29083218098212205
minimol,tdcommons/caco2-wang,0.38719355355358764
MiniCheMeleon,tdcommons/caco2-wang,0.2898704119969631
RF,tdcommons/caco2-wang,0.31802584913170856
Chemprop_Mordred,tdcommons/caco2-wang,0.32181704780472986
RF_Mordred,tdcommons/caco2-wang,0.30536391653066797
RF_Morgan_Physchem,tdcommons/caco2-wang,0.29439655808968745
fastprop,tdcommons/caco2-wang,0.3029325581849655
PCA_MLP,tdcommons/caco2-wang,0.32019449399189387
fastprop,tdcommons/caco2-wang,0.3094632692442172
Chemprop_Mordred,tdcommons/caco2-wang,0.3025941727443654
RF_Morgan,tdcommons/caco2-wang,0.4177653749528826
Chemprop,tdcommons/caco2-wang,0.40906376247206483
MoLFormer,tdcommons/caco2-wang,0.39315628053354124
Chemprop,tdcommons/caco2-wang,0.36397031237585054
RF_Morgan,tdcommons/caco2-wang,0.42581469694561763
fastprop,tdcommons/caco2-wang,0.27502936638384823
minimol,tdcommons/caco2-wang,0.2861945715467851
MLP_PLR_Pretrained,tdcommons/caco2-wang,0.2759735077410688
MiniCheMeleon,tdcommons/caco2-wang,0.3403372058425401
Chemprop,tdcommons/caco2-wang,0.3357260554730762
PCA_MLP,tdcommons/caco2-wang,0.2885771639797673
RF,tdcommons/caco2-wang,0.32033651009986397
RF_Mordred,tdcommons/caco2-wang,0.3132711822529553
CheMeleon,tdcommons/caco2-wang,0.35035140581685165
RF_Morgan,tdcommons/caco2-wang,0.43088618700484926
PCA_MLP_Prefitted,tdcommons/caco2-wang,0.3090187029796727
CheMeleon,tdcommons/caco2-wang,0.3473817895933047
RF,tdcommons/caco2-wang,0.31536758418137095
Chemprop_Mordred,tdcommons/caco2-wang,0.3167599020517874
PCA_MLP_Prefitted,tdcommons/caco2-wang,0.29187343638288904
PCA_MLP,tdcommons/caco2-wang,0.2655733672239535
RF_Morgan_Physchem,tdcommons/caco2-wang,0.28975931479742817
MolCLR,tdcommons/caco2-wang,0.4478050710810399
RF_Mordred,tdcommons/caco2-wang,0.31317674360841197
fastprop,tdcommons/caco2-wang,0.2777430246384004
RF_Morgan_Physchem,tdcommons/caco2-wang,0.29305341585230255
RF,tdcommons/caco2-wang,0.320607986736685
MoLFormer,tdcommons/caco2-wang,0.3897842759719681
MLP_PLR_Pretrained,tdcommons/caco2-wang,0.2857393337323871
PCA_MLP_Prefitted,tdcommons/caco2-wang,0.3158816555181818
MolCLR,tdcommons/caco2-wang,0.4531897103954609
MoLFormer,tdcommons/caco2-wang,0.40210241421089593
MLP_PLR_Pretrained,tdcommons/caco2-wang,0.2772175312137814
PCA_MLP,tdcommons/caco2-wang,0.28560257905593717
CheMeleon,tdcommons/caco2-wang,0.4181962071691157
MoLFormer,tdcommons/caco2-wang,0.5794993542581077
PCA_MLP,tdcommons/caco2-wang,0.2891128768243644
PCA_MLP_Prefitted,tdcommons/caco2-wang,0.30183069004999535
Chemprop,tdcommons/caco2-wang,0.3744417314088593
MiniCheMeleon,tdcommons/caco2-wang,0.3605139550193703
CheMeleon,tdcommons/cyp3a4-substrate-carbonmangels,0.6127938517179025
MolCLR,tdcommons/cyp3a4-substrate-carbonmangels,0.5965189873417721
MiniCheMeleon,tdcommons/cyp3a4-substrate-carbonmangels,0.6705470162748643
RF_Morgan_Physchem,tdcommons/cyp3a4-substrate-carbonmangels,0.6850135623869801
MoLFormer,tdcommons/cyp3a4-substrate-carbonmangels,0.6476039783001808
MolCLR,tdcommons/cyp3a4-substrate-carbonmangels,0.6035262206148282
RF_Mordred,tdcommons/cyp3a4-substrate-carbonmangels,0.6526898734177217
RF_Morgan_Physchem,tdcommons/cyp3a4-substrate-carbonmangels,0.6681735985533455
PCA_MLP,tdcommons/cyp3a4-substrate-carbonmangels,0.6070298372513563
Chemprop_Mordred,tdcommons/cyp3a4-substrate-carbonmangels,0.595614828209765
PCA_MLP,tdcommons/cyp3a4-substrate-carbonmangels,0.5903028933092225
PCA_MLP,tdcommons/cyp3a4-substrate-carbonmangels,0.5916591320072332
fastprop,tdcommons/cyp3a4-substrate-carbonmangels,0.6224005424954792
Chemprop,tdcommons/cyp3a4-substrate-carbonmangels,0.5162748643761302
PCA_MLP_Prefitted,tdcommons/cyp3a4-substrate-carbonmangels,0.599118444846293
MoLFormer,tdcommons/cyp3a4-substrate-carbonmangels,0.6236437613019892
MLP_PLR_Pretrained,tdcommons/cyp3a4-substrate-carbonmangels,0.6165235081374322
fastprop,tdcommons/cyp3a4-substrate-carbonmangels,0.5997965641952984
MoLFormer,tdcommons/cyp3a4-substrate-carbonmangels,0.6222875226039782
MiniCheMeleon,tdcommons/cyp3a4-substrate-carbonmangels,0.5903028933092225
minimol,tdcommons/cyp3a4-substrate-carbonmangels,0.6480560578661844
RF_Morgan_Physchem,tdcommons/cyp3a4-substrate-carbonmangels,0.6689647377938517
MoLFormer,tdcommons/cyp3a4-substrate-carbonmangels,0.6139240506329114
PCA_MLP_Prefitted,tdcommons/cyp3a4-substrate-carbonmangels,0.5805831826401446
PCA_MLP_Prefitted,tdcommons/cyp3a4-substrate-carbonmangels,0.6192359855334538
MLP_PLR_Pretrained,tdcommons/cyp3a4-substrate-carbonmangels,0.6156193490054249
PCA_MLP_Prefitted,tdcommons/cyp3a4-substrate-carbonmangels,0.6142631103074142
CheMeleon,tdcommons/cyp3a4-substrate-carbonmangels,0.5922242314647379
PCA_MLP,tdcommons/cyp3a4-substrate-carbonmangels,0.613358951175407
fastprop,tdcommons/cyp3a4-substrate-carbonmangels,0.6108725135623869
MLP_PLR_Pretrained,tdcommons/cyp3a4-substrate-carbonmangels,0.6187839059674503
RF_Morgan_Physchem,tdcommons/cyp3a4-substrate-carbonmangels,0.6827531645569621
RF_Mordred,tdcommons/cyp3a4-substrate-carbonmangels,0.656984629294756
Chemprop_Mordred,tdcommons/cyp3a4-substrate-carbonmangels,0.6141500904159133
minimol,tdcommons/cyp3a4-substrate-carbonmangels,0.6534810126582278
RF_Morgan_Physchem,tdcommons/cyp3a4-substrate-carbonmangels,0.6732594936708861
RF,tdcommons/cyp3a4-substrate-carbonmangels,0.6689647377938517
fastprop,tdcommons/cyp3a4-substrate-carbonmangels,0.5966320072332731
MiniCheMeleon,tdcommons/cyp3a4-substrate-carbonmangels,0.5756103074141049
Chemprop,tdcommons/cyp3a4-substrate-carbonmangels,0.5732368896925859
RF_Morgan,tdcommons/cyp3a4-substrate-carbonmangels,0.6563065099457506
CheMeleon,tdcommons/cyp3a4-substrate-carbonmangels,0.6125678119349005
Chemprop,tdcommons/cyp3a4-substrate-carbonmangels,0.5639692585895117
CheMeleon,tdcommons/cyp3a4-substrate-carbonmangels,0.613245931283906
MiniCheMeleon,tdcommons/cyp3a4-substrate-carbonmangels,0.5760623869801085
RF_Mordred,tdcommons/cyp3a4-substrate-carbonmangels,0.6653481012658228
RF_Morgan,tdcommons/cyp3a4-substrate-carbonmangels,0.6507685352622061
minimol,tdcommons/cyp3a4-substrate-carbonmangels,0.6914556962025317
RF_Morgan,tdcommons/cyp3a4-substrate-carbonmangels,0.6611663652802894
MolCLR,tdcommons/cyp3a4-substrate-carbonmangels,0.6078209764918625
MoLFormer,tdcommons/cyp3a4-substrate-carbonmangels,0.6234177215189873
MLP_PLR_Pretrained,tdcommons/cyp3a4-substrate-carbonmangels,0.603865280289331
Chemprop_Mordred,tdcommons/cyp3a4-substrate-carbonmangels,0.5813743218806511
Chemprop,tdcommons/cyp3a4-substrate-carbonmangels,0.5687160940325499
PCA_MLP,tdcommons/cyp3a4-substrate-carbonmangels,0.6104204339963833
RF,tdcommons/cyp3a4-substrate-carbonmangels,0.6653481012658228
RF_Mordred,tdcommons/cyp3a4-substrate-carbonmangels,0.6482820976491862
minimol,tdcommons/cyp3a4-substrate-carbonmangels,0.6794755877034357
RF_Mordred,tdcommons/cyp3a4-substrate-carbonmangels,0.6768761301989151
RF_Morgan,tdcommons/cyp3a4-substrate-carbonmangels,0.6487341772151899
RF_Morgan,tdcommons/cyp3a4-substrate-carbonmangels,0.6552893309222424
minimol,tdcommons/cyp3a4-substrate-carbonmangels,0.6471518987341773
fastprop,tdcommons/cyp3a4-substrate-carbonmangels,0.5914330922242313
Chemprop_Mordred,tdcommons/cyp3a4-substrate-carbonmangels,0.6134719710669078
CheMeleon,tdcommons/cyp3a4-substrate-carbonmangels,0.6161844484629294
RF,tdcommons/cyp3a4-substrate-carbonmangels,0.6635397830018083
Chemprop_Mordred,tdcommons/cyp3a4-substrate-carbonmangels,0.6204792043399638
MolCLR,tdcommons/cyp3a4-substrate-carbonmangels,0.6089511754068716
MLP_PLR_Pretrained,tdcommons/cyp3a4-substrate-carbonmangels,0.6031871609403254
MolCLR,tdcommons/cyp3a4-substrate-carbonmangels,0.5680379746835443
RF,tdcommons/cyp3a4-substrate-carbonmangels,0.6772151898734178
Chemprop,tdcommons/cyp3a4-substrate-carbonmangels,0.6055605786618444
MiniCheMeleon,tdcommons/cyp3a4-substrate-carbonmangels,0.561369801084991
RF,tdcommons/cyp3a4-substrate-carbonmangels,0.6742766726943943
PCA_MLP_Prefitted,tdcommons/cyp3a4-substrate-carbonmangels,0.6056735985533455
MLP_PLR_Pretrained,polaris/pkis2-ret-wt-cls-v2,0.5557516498259664
MLP_PLR_Pretrained,polaris/pkis2-ret-wt-reg-v2,936.1249791769513
RF,polaris/pkis2-ret-wt-cls-v2,0.6891356493523677
RF,polaris/pkis2-ret-wt-reg-v2,785.1822320018248
MLP_PLR_Pretrained,tdcommons/cyp2c9-substrate-carbonmangels,0.3786521772362438
RF,tdcommons/cyp2c9-substrate-carbonmangels,0.39867322557194307
MolCLR,polaris/pkis2-ret-wt-cls-v2,0.5332184807858262
MolCLR,polaris/pkis2-ret-wt-reg-v2,1210.5531032890285
RF_Mordred,polaris/pkis2-ret-wt-cls-v2,0.42453568106157136
RF_Mordred,polaris/pkis2-ret-wt-reg-v2,948.7332679787094
MiniCheMeleon,polaris/pkis2-ret-wt-cls-v2,0.6532389562537256
MiniCheMeleon,polaris/pkis2-ret-wt-reg-v2,793.0718668829205
MolCLR,tdcommons/cyp2c9-substrate-carbonmangels,0.4165828382448885
MoLFormer,polaris/pkis2-ret-wt-cls-v2,0.6988742588290531
MoLFormer,polaris/pkis2-ret-wt-reg-v2,1199.57142577541
MoLFormer,polaris/pkis2-ret-wt-cls-v2,0.7163410770902874
MoLFormer,polaris/pkis2-ret-wt-reg-v2,1266.1856204926735
MiniCheMeleon,tdcommons/cyp2c9-substrate-carbonmangels,0.3796749366741238
MolCLR,polaris/pkis2-ret-wt-cls-v2,0.4214669177585326
MolCLR,polaris/pkis2-ret-wt-reg-v2,1091.1300382213092
MolCLR,polaris/pkis2-ret-wt-reg-v2,1185.5225576093517
MolCLR,polaris/pkis2-ret-wt-cls-v2,0.5637662896043414
CheMeleon,tdcommons/cyp2c9-substrate-carbonmangels,0.4314085494236235
MiniCheMeleon,tdcommons/cyp2c9-substrate-carbonmangels,0.39190259834798946
PCA_MLP_Prefitted,polaris/pkis2-ret-wt-cls-v2,0.6326987724850635
PCA_MLP_Prefitted,polaris/pkis2-ret-wt-reg-v2,798.3967005653739
PCA_MLP_Prefitted,tdcommons/cyp2c9-substrate-carbonmangels,0.33878215540375944
MolCLR,tdcommons/cyp2c9-substrate-carbonmangels,0.4180653314368723
CheMeleon,polaris/pkis2-ret-wt-cls-v2,0.5945037187051706
CheMeleon,polaris/pkis2-ret-wt-reg-v2,664.25045522087
Chemprop_Mordred,tdcommons/cyp2c9-substrate-carbonmangels,0.36803213035465504
RF_Mordred,polaris/pkis2-ret-wt-cls-v2,0.41899042410611353
RF_Mordred,polaris/pkis2-ret-wt-reg-v2,989.0696491188388
Chemprop,polaris/pkis2-ret-wt-cls-v2,0.35274508950310246
Chemprop,polaris/pkis2-ret-wt-reg-v2,1041.4011348866725
minimol,tdcommons/cyp2c9-substrate-carbonmangels,0.45346837212824403
fastprop,polaris/pkis2-ret-wt-reg-v2,782.4439412258906
fastprop,tdcommons/cyp2c9-substrate-carbonmangels,0.35818866208083505
CheMeleon,tdcommons/cyp2c9-substrate-carbonmangels,0.4146191937388589
PCA_MLP_Prefitted,polaris/pkis2-ret-wt-cls-v2,0.4580115743121924
PCA_MLP_Prefitted,polaris/pkis2-ret-wt-reg-v2,865.6752603314901
RF,polaris/pkis2-ret-wt-cls-v2,0.684744313420784
RF,polaris/pkis2-ret-wt-reg-v2,794.0454216518871
RF,tdcommons/cyp2c9-substrate-carbonmangels,0.4160837320130524
CheMeleon,polaris/pkis2-ret-wt-cls-v2,0.5317612155073456
CheMeleon,polaris/pkis2-ret-wt-reg-v2,710.0262995116599
MiniCheMeleon,polaris/pkis2-ret-wt-cls-v2,0.5540897251030122
MiniCheMeleon,polaris/pkis2-ret-wt-reg-v2,860.0971741455311
MolCLR,polaris/pkis2-ret-wt-cls-v2,0.5675393108049313
MolCLR,polaris/pkis2-ret-wt-reg-v2,1156.5889172439931
RF_Morgan,tdcommons/cyp2c9-substrate-carbonmangels,0.36248417139316114
minimol,polaris/pkis2-ret-wt-cls-v2,0.8655134081200655
minimol,polaris/pkis2-ret-wt-reg-v2,674.2035546893727
RF_Morgan,tdcommons/cyp2c9-substrate-carbonmangels,0.3581519357253623
RF_Morgan,polaris/pkis2-ret-wt-cls-v2,0.6355258243925477
RF_Morgan,polaris/pkis2-ret-wt-reg-v2,666.3454346063942
Chemprop_Mordred,polaris/pkis2-ret-wt-cls-v2,0.6045667616895714
Chemprop_Mordred,polaris/pkis2-ret-wt-reg-v2,900.6672773096184
RF_Mordred,tdcommons/cyp2c9-substrate-carbonmangels,0.35232675685189485
minimol,tdcommons/cyp2c9-substrate-carbonmangels,0.47405761625596876
fastprop,tdcommons/cyp2c9-substrate-carbonmangels,0.3126853749471482
Chemprop_Mordred,tdcommons/cyp2c9-substrate-carbonmangels,0.37360094937444177
PCA_MLP,polaris/pkis2-ret-wt-reg-v2,718.6508860719833
PCA_MLP,polaris/pkis2-ret-wt-cls-v2,0.6738325212142304
RF_Morgan,polaris/pkis2-ret-wt-cls-v2,0.712002437952606
RF_Morgan,polaris/pkis2-ret-wt-reg-v2,700.7960553396227
RF,tdcommons/cyp2c9-substrate-carbonmangels,0.4136149327137728
MiniCheMeleon,polaris/pkis2-ret-wt-cls-v2,0.6821054506175614
MiniCheMeleon,polaris/pkis2-ret-wt-reg-v2,918.1711753924293
PCA_MLP,tdcommons/cyp2c9-substrate-carbonmangels,0.37527839320604234
minimol,polaris/pkis2-ret-wt-cls-v2,0.851023194874565
minimol,polaris/pkis2-ret-wt-reg-v2,579.1713339566504
MLP_PLR_Pretrained,polaris/pkis2-ret-wt-cls-v2,0.6061473656153586
MLP_PLR_Pretrained,polaris/pkis2-ret-wt-reg-v2,821.3984685348846
MLP_PLR_Pretrained,tdcommons/cyp2c9-substrate-carbonmangels,0.36341260871540376
RF_Morgan,polaris/pkis2-ret-wt-cls-v2,0.7240064895702975
RF_Morgan,polaris/pkis2-ret-wt-reg-v2,674.0153337591719
RF_Morgan,polaris/pkis2-ret-wt-cls-v2,0.6678755873767952
RF_Morgan,polaris/pkis2-ret-wt-reg-v2,684.6868990607968
Chemprop,tdcommons/cyp2c9-substrate-carbonmangels,0.42102733032277095
minimol,polaris/pkis2-ret-wt-cls-v2,0.7936038293694003
minimol,polaris/pkis2-ret-wt-reg-v2,521.2265984175505
fastprop,polaris/pkis2-ret-wt-cls-v2,0.44383307588392185
fastprop,polaris/pkis2-ret-wt-reg-v2,795.1300875648799
fastprop,polaris/pkis2-ret-wt-cls-v2,0.6111087631652372
fastprop,polaris/pkis2-ret-wt-reg-v2,853.1739460940686
PCA_MLP_Prefitted,tdcommons/cyp2c9-substrate-carbonmangels,0.3110419172874421
MLP_PLR_Pretrained,tdcommons/cyp2c9-substrate-carbonmangels,0.38406645034696635
MoLFormer,tdcommons/cyp2c9-substrate-carbonmangels,0.3486534162171543
MolCLR,tdcommons/cyp2c9-substrate-carbonmangels,0.4067556255591499
RF_Mordred,polaris/pkis2-ret-wt-cls-v2,0.4242545472901411
RF_Mordred,polaris/pkis2-ret-wt-reg-v2,991.7041834116138
RF_Morgan,tdcommons/cyp2c9-substrate-carbonmangels,0.3675142933589661
RF,polaris/pkis2-ret-wt-cls-v2,0.7073304209656397
RF,polaris/pkis2-ret-wt-reg-v2,793.2084259264572
MiniCheMeleon,tdcommons/cyp2c9-substrate-carbonmangels,0.3864839376858693
minimol,tdcommons/cyp2c9-substrate-carbonmangels,0.49292329509828714
RF_Morgan,tdcommons/cyp2c9-substrate-carbonmangels,0.3778022799351436
RF,polaris/pkis2-ret-wt-cls-v2,0.6935349142279312
RF,polaris/pkis2-ret-wt-reg-v2,776.8594695047798
MLP_PLR_Pretrained,polaris/pkis2-ret-wt-cls-v2,0.41909323569053614
MLP_PLR_Pretrained,polaris/pkis2-ret-wt-reg-v2,822.0287709909212
MolCLR,polaris/pkis2-ret-wt-cls-v2,0.5430743025549936
MolCLR,polaris/pkis2-ret-wt-reg-v2,1173.3307860301802
CheMeleon,tdcommons/cyp2c9-substrate-carbonmangels,0.43874957502411227
PCA_MLP_Prefitted,polaris/pkis2-ret-wt-cls-v2,0.6249187006503948
PCA_MLP_Prefitted,polaris/pkis2-ret-wt-reg-v2,892.3709839157024
RF,tdcommons/cyp2c9-substrate-carbonmangels,0.4132760599080295
Chemprop,polaris/pkis2-ret-wt-cls-v2,0.4346721144698639
Chemprop_Mordred,tdcommons/cyp2c9-substrate-carbonmangels,0.3470386360820772
RF_Morgan,polaris/pkis2-ret-wt-cls-v2,0.6865807217789315
MLP_PLR_Pretrained,polaris/pkis2-ret-wt-reg-v2,796.2318762483071
CheMeleon,polaris/pkis2-ret-wt-cls-v2,0.6403218252177856
CheMeleon,polaris/pkis2-ret-wt-reg-v2,641.2001377701413
CheMeleon,polaris/pkis2-ret-wt-cls-v2,0.6081510032034985
CheMeleon,polaris/pkis2-ret-wt-reg-v2,561.6101160284434
RF_Mordred,tdcommons/cyp2c9-substrate-carbonmangels,0.3432361645904026
RF_Morgan,tdcommons/cyp2c9-substrate-carbonmangels,0.3655228894738914
Chemprop,tdcommons/cyp2c9-substrate-carbonmangels,0.38480445164187416
PCA_MLP,polaris/pkis2-ret-wt-cls-v2,0.682008481744847
PCA_MLP,polaris/pkis2-ret-wt-reg-v2,827.922923324834
MiniCheMeleon,tdcommons/cyp2c9-substrate-carbonmangels,0.43665961393193986
PCA_MLP,polaris/pkis2-ret-wt-cls-v2,0.6954291422384349
RF_Morgan,polaris/pkis2-ret-wt-reg-v2,685.08223375891
Chemprop_Mordred,polaris/pkis2-ret-wt-cls-v2,0.713173864644453
Chemprop,polaris/pkis2-ret-wt-reg-v2,933.6224968353667
minimol,polaris/pkis2-ret-wt-cls-v2,0.8435786435786435
minimol,polaris/pkis2-ret-wt-reg-v2,545.3547172992594
fastprop,tdcommons/cyp2c9-substrate-carbonmangels,0.3813706859417536
minimol,tdcommons/cyp2c9-substrate-carbonmangels,0.43363996879977773
Chemprop_Mordred,polaris/pkis2-ret-wt-reg-v2,968.8596302290076
RF_Morgan_Physchem,tdcommons/cyp2c9-substrate-carbonmangels,0.39022712464498477
minimol,tdcommons/cyp2c9-substrate-carbonmangels,0.3942111295577495
minimol,polaris/pkis2-ret-wt-cls-v2,0.8623959026570415
minimol,polaris/pkis2-ret-wt-reg-v2,688.6875008135049
RF_Morgan_Physchem,polaris/pkis2-ret-wt-reg-v2,731.7747044234593
RF_Mordred,tdcommons/cyp2c9-substrate-carbonmangels,0.34351108659354856
RF_Morgan_Physchem,polaris/pkis2-ret-wt-cls-v2,0.6428021729193854
MiniCheMeleon,polaris/pkis2-ret-wt-cls-v2,0.6200789412201274
MiniCheMeleon,polaris/pkis2-ret-wt-reg-v2,797.7868123808597
fastprop,polaris/pkis2-ret-wt-cls-v2,0.6592849474427518
fastprop,polaris/pkis2-ret-wt-reg-v2,752.2830033703634
MoLFormer,polaris/pkis2-ret-wt-cls-v2,0.6852654827355725
MoLFormer,polaris/pkis2-ret-wt-reg-v2,1359.0186003050162
MLP_PLR_Pretrained,tdcommons/cyp2c9-substrate-carbonmangels,0.36592858900252156
MLP_PLR_Pretrained,polaris/pkis2-ret-wt-cls-v2,0.6132591554388084
MLP_PLR_Pretrained,polaris/pkis2-ret-wt-reg-v2,804.8038833002827
PCA_MLP,polaris/pkis2-ret-wt-reg-v2,816.0567376168324
Chemprop_Mordred,polaris/pkis2-ret-wt-cls-v2,0.6476094203091332
Chemprop_Mordred,polaris/pkis2-ret-wt-reg-v2,986.9716979726006
Chemprop_Mordred,polaris/pkis2-ret-wt-cls-v2,0.6344018471678046
Chemprop_Mordred,polaris/pkis2-ret-wt-reg-v2,863.3936273610473
fastprop,polaris/pkis2-ret-wt-cls-v2,0.6659097672170222
PCA_MLP,tdcommons/cyp2c9-substrate-carbonmangels,0.34047223427564177
Chemprop_Mordred,tdcommons/cyp2c9-substrate-carbonmangels,0.35739104665610866
CheMeleon,tdcommons/cyp2c9-substrate-carbonmangels,0.42247572891322843
CheMeleon,tdcommons/cyp2c9-substrate-carbonmangels,0.42096676248632114
MLP_PLR_Pretrained,polaris/pkis2-ret-wt-cls-v2,0.5918526949967363
RF_Morgan_Physchem,polaris/pkis2-ret-wt-reg-v2,738.292302641741
MLP_PLR_Pretrained,tdcommons/cyp2c9-substrate-carbonmangels,0.4258900050092144
MoLFormer,polaris/pkis2-ret-wt-cls-v2,0.7177664339332828
MoLFormer,polaris/pkis2-ret-wt-reg-v2,1251.0552233308902
RF_Mordred,polaris/pkis2-ret-wt-cls-v2,0.43514913531571775
RF_Mordred,polaris/pkis2-ret-wt-reg-v2,979.7387156693242
RF_Morgan_Physchem,tdcommons/cyp2c9-substrate-carbonmangels,0.37945612856429467
RF_Morgan_Physchem,polaris/pkis2-ret-wt-cls-v2,0.6616765295085815
Chemprop,tdcommons/cyp2c9-substrate-carbonmangels,0.40014299004059595
RF,tdcommons/cyp2c9-substrate-carbonmangels,0.3967890770422068
Chemprop_Mordred,tdcommons/cyp2c9-substrate-carbonmangels,0.38836561093433386
PCA_MLP_Prefitted,polaris/pkis2-ret-wt-cls-v2,0.608801441077923
PCA_MLP_Prefitted,polaris/pkis2-ret-wt-reg-v2,845.6501515444747
PCA_MLP_Prefitted,tdcommons/cyp2c9-substrate-carbonmangels,0.40427435222079916
MoLFormer,tdcommons/cyp2c9-substrate-carbonmangels,0.3505828619738079
fastprop,tdcommons/cyp2c9-substrate-carbonmangels,0.38174971855565254
RF_Morgan_Physchem,tdcommons/cyp2c9-substrate-carbonmangels,0.39767463893449473
MoLFormer,tdcommons/cyp2c9-substrate-carbonmangels,0.3679248145195101
Chemprop,polaris/pkis2-ret-wt-cls-v2,0.4739126076126694
RF,polaris/pkis2-ret-wt-cls-v2,0.7263028559842695
RF,polaris/pkis2-ret-wt-reg-v2,784.5883325938678
RF_Mordred,tdcommons/cyp2c9-substrate-carbonmangels,0.3356268655279182
RF_Morgan_Physchem,polaris/pkis2-ret-wt-cls-v2,0.7022962189182829
Chemprop,polaris/pkis2-ret-wt-reg-v2,1104.5430837924507
MoLFormer,tdcommons/cyp2c9-substrate-carbonmangels,0.41888232660977864
fastprop,polaris/pkis2-ret-wt-cls-v2,0.634433064559178
fastprop,polaris/pkis2-ret-wt-reg-v2,822.5000476439109
PCA_MLP_Prefitted,polaris/pkis2-ret-wt-cls-v2,0.6613014305435518
PCA_MLP_Prefitted,polaris/pkis2-ret-wt-reg-v2,767.8017197506773
RF_Morgan_Physchem,tdcommons/cyp2c9-substrate-carbonmangels,0.4056683783858003
Chemprop,tdcommons/cyp2c9-substrate-carbonmangels,0.4297984010324548
Chemprop,polaris/pkis2-ret-wt-cls-v2,0.5900259406865028
Chemprop,polaris/pkis2-ret-wt-reg-v2,984.032039975163
MoLFormer,polaris/pkis2-ret-wt-cls-v2,0.7414323492607899
MoLFormer,polaris/pkis2-ret-wt-reg-v2,1124.4250269297188
RF_Morgan_Physchem,polaris/pkis2-ret-wt-reg-v2,713.0064644675158
PCA_MLP,tdcommons/cyp2c9-substrate-carbonmangels,0.2720416856224325
Chemprop_Mordred,polaris/pkis2-ret-wt-cls-v2,0.6812923652772394
Chemprop_Mordred,polaris/pkis2-ret-wt-reg-v2,974.7948850814573
PCA_MLP,tdcommons/cyp2c9-substrate-carbonmangels,0.3687133148356655
PCA_MLP,tdcommons/cyp2c9-substrate-carbonmangels,0.3765427967739587
PCA_MLP,polaris/pkis2-ret-wt-cls-v2,0.6055207839134933
PCA_MLP,polaris/pkis2-ret-wt-reg-v2,799.0482157756192
Chemprop,polaris/pkis2-ret-wt-cls-v2,0.31382114883988477
Chemprop,polaris/pkis2-ret-wt-reg-v2,1092.7222070584412
fastprop,tdcommons/cyp2c9-substrate-carbonmangels,0.44510197721391337
Chemprop,tdcommons/cyp2c9-substrate-carbonmangels,0.425856086082614
RF_Morgan_Physchem,polaris/pkis2-ret-wt-cls-v2,0.6713953767885993
RF_Morgan_Physchem,polaris/pkis2-ret-wt-reg-v2,738.3956308354489
RF_Mordred,tdcommons/cyp2c9-substrate-carbonmangels,0.33036171963693695
RF_Mordred,polaris/pkis2-ret-wt-cls-v2,0.4949917083755303
RF_Mordred,polaris/pkis2-ret-wt-reg-v2,985.1270057767781
MiniCheMeleon,tdcommons/cyp2c9-substrate-carbonmangels,0.44086028377888464
MoLFormer,tdcommons/cyp2c9-substrate-carbonmangels,0.3651473277170073
PCA_MLP_Prefitted,tdcommons/cyp2c9-substrate-carbonmangels,0.3620786821584192
RF_Morgan_Physchem,polaris/pkis2-ret-wt-cls-v2,0.655122818661775
RF_Morgan_Physchem,polaris/pkis2-ret-wt-reg-v2,735.8218841595075
RF_Morgan_Physchem,tdcommons/cyp2c9-substrate-carbonmangels,0.38639745307808004
PCA_MLP,polaris/pkis2-ret-wt-cls-v2,0.5654022743312657
PCA_MLP,polaris/pkis2-ret-wt-reg-v2,864.3160318396406
PCA_MLP_Prefitted,tdcommons/cyp2c9-substrate-carbonmangels,0.4356258656087307
MiniCheMeleon,polaris/pkis2-ret-wt-cls-v2,0.640152924275817
CheMeleon,polaris/pkis2-ret-wt-cls-v2,0.5482528192999347
CheMeleon,polaris/pkis2-ret-wt-reg-v2,611.9523863815442
MolCLR,tdcommons/cyp2c9-substrate-carbonmangels,0.3298385700473394
MiniCheMeleon,polaris/pkis2-ret-wt-reg-v2,826.2055757990747
MolCLR,tdcommons/cyp2c9-substrate-carbonmangels,0.4078373143772182
MiniCheMeleon,tdcommons/half-life-obach,0.3230807337572261
MiniCheMeleon,tdcommons/cyp2d6-substrate-carbonmangels,0.5717075008119006
MolCLR,tdcommons/half-life-obach,0.03198221454912485
MolCLR,tdcommons/cyp2d6-substrate-carbonmangels,0.6755463256455024
RF,tdcommons/cyp2d6-substrate-carbonmangels,0.6903382240894126
MolCLR,tdcommons/half-life-obach,0.03468713549745503
MolCLR,tdcommons/cyp2d6-substrate-carbonmangels,0.6639412865528457
PCA_MLP_Prefitted,tdcommons/half-life-obach,-0.042799563658750414
MiniCheMeleon,tdcommons/half-life-obach,0.3301296260391686
MiniCheMeleon,tdcommons/cyp2d6-substrate-carbonmangels,0.6252814729191336
CheMeleon,tdcommons/cyp2d6-substrate-carbonmangels,0.6218755362650977
CheMeleon,tdcommons/half-life-obach,0.3436928366925081
CheMeleon,tdcommons/cyp2d6-substrate-carbonmangels,0.7015338307210306
MoLFormer,tdcommons/cyp2d6-substrate-carbonmangels,0.6697090313365345
MolCLR,tdcommons/half-life-obach,0.034674940182088346
MolCLR,tdcommons/half-life-obach,0.016923439134345304
MolCLR,tdcommons/cyp2d6-substrate-carbonmangels,0.6687892091399383
RF_Morgan_Physchem,tdcommons/half-life-obach,0.273986386783736
RF_Morgan_Physchem,tdcommons/cyp2d6-substrate-carbonmangels,0.7032998125195432
PCA_MLP_Prefitted,tdcommons/half-life-obach,0.2675866037701108
MoLFormer,tdcommons/half-life-obach,0.32744137925182043
MoLFormer,tdcommons/cyp2d6-substrate-carbonmangels,0.700692245822261
RF_Mordred,tdcommons/half-life-obach,0.345166072144174
MiniCheMeleon,tdcommons/half-life-obach,0.23006152687084447
MiniCheMeleon,tdcommons/cyp2d6-substrate-carbonmangels,0.6067889019745747
Chemprop,tdcommons/half-life-obach,0.30212881354276194
RF_Morgan_Physchem,tdcommons/half-life-obach,0.2874305188377004
RF_Morgan_Physchem,tdcommons/cyp2d6-substrate-carbonmangels,0.6820148166515971
MoLFormer,tdcommons/half-life-obach,-0.23907852284533956
Chemprop,tdcommons/cyp2d6-substrate-carbonmangels,0.6579043524525793
RF_Mordred,tdcommons/half-life-obach,0.31917291357963185
RF_Mordred,tdcommons/cyp2d6-substrate-carbonmangels,0.6344978484837788
fastprop,tdcommons/half-life-obach,0.3489832151631764
fastprop,tdcommons/cyp2d6-substrate-carbonmangels,0.6783196065152546
MoLFormer,tdcommons/half-life-obach,0.12416217119104643
MoLFormer,tdcommons/cyp2d6-substrate-carbonmangels,0.6723022167841135
PCA_MLP_Prefitted,tdcommons/half-life-obach,0.13164021370612608
PCA_MLP_Prefitted,tdcommons/cyp2d6-substrate-carbonmangels,0.6684565637769329
PCA_MLP_Prefitted,tdcommons/cyp2d6-substrate-carbonmangels,0.6866297221757234
RF_Morgan_Physchem,tdcommons/cyp2d6-substrate-carbonmangels,0.7024671621072562
Chemprop_Mordred,tdcommons/half-life-obach,0.2818065647965801
Chemprop_Mordred,tdcommons/cyp2d6-substrate-carbonmangels,0.626934190803303
Chemprop,tdcommons/half-life-obach,0.3012279481516677
Chemprop,tdcommons/cyp2d6-substrate-carbonmangels,0.6475307427498239
RF_Morgan_Physchem,tdcommons/half-life-obach,0.3019502790186238
RF_Mordred,tdcommons/cyp2d6-substrate-carbonmangels,0.6165837305604205
MoLFormer,tdcommons/half-life-obach,0.16463655669314392
MoLFormer,tdcommons/cyp2d6-substrate-carbonmangels,0.6599357238188415
MLP_PLR_Pretrained,tdcommons/half-life-obach,0.35876632100932243
MLP_PLR_Pretrained,tdcommons/half-life-obach,0.3358805363784602
MLP_PLR_Pretrained,tdcommons/cyp2d6-substrate-carbonmangels,0.6531579070099672
RF,tdcommons/half-life-obach,0.3720856232152395
RF,tdcommons/cyp2d6-substrate-carbonmangels,0.7025139499944251
RF_Morgan_Physchem,tdcommons/half-life-obach,0.2904671560668705
RF_Morgan_Physchem,tdcommons/cyp2d6-substrate-carbonmangels,0.6993925428598509
minimol,tdcommons/half-life-obach,0.02132353492049774
RF_Mordred,tdcommons/half-life-obach,0.4390775466877196
RF_Mordred,tdcommons/cyp2d6-substrate-carbonmangels,0.6337860516670732
RF_Morgan_Physchem,tdcommons/half-life-obach,0.27982551090151375
RF_Morgan_Physchem,tdcommons/cyp2d6-substrate-carbonmangels,0.7019193888443429
minimol,tdcommons/half-life-obach,0.3371850271411872
minimol,tdcommons/cyp2d6-substrate-carbonmangels,0.6494219169669492
fastprop,tdcommons/half-life-obach,0.27926486624613855
fastprop,tdcommons/cyp2d6-substrate-carbonmangels,0.6805029819309203
minimol,tdcommons/cyp2d6-substrate-carbonmangels,0.6610339363734572
Chemprop_Mordred,tdcommons/half-life-obach,0.24680025567016375
Chemprop_Mordred,tdcommons/cyp2d6-substrate-carbonmangels,0.6336886247340754
RF,tdcommons/half-life-obach,0.39942999267405566
RF,tdcommons/cyp2d6-substrate-carbonmangels,0.6874739394283287
MLP_PLR_Pretrained,tdcommons/cyp2d6-substrate-carbonmangels,0.6426232970958652
minimol,tdcommons/half-life-obach,0.2547763025934197
minimol,tdcommons/cyp2d6-substrate-carbonmangels,0.7201128360532533
MiniCheMeleon,tdcommons/half-life-obach,0.08259155378932057
RF_Morgan,tdcommons/half-life-obach,0.2921455897498776
RF_Morgan,tdcommons/cyp2d6-substrate-carbonmangels,0.6662877159722462
CheMeleon,tdcommons/half-life-obach,0.33978790147375665
CheMeleon,tdcommons/cyp2d6-substrate-carbonmangels,0.6524479568457082
MoLFormer,tdcommons/half-life-obach,0.31276311557508946
MoLFormer,tdcommons/cyp2d6-substrate-carbonmangels,0.6608892691759787
MolCLR,tdcommons/cyp2d6-substrate-carbonmangels,0.6299095276028865
MLP_PLR_Pretrained,tdcommons/half-life-obach,0.34559047015395444
MLP_PLR_Pretrained,tdcommons/cyp2d6-substrate-carbonmangels,0.6595810601439986
PCA_MLP_Prefitted,tdcommons/half-life-obach,-0.013855131577918888
PCA_MLP_Prefitted,tdcommons/cyp2d6-substrate-carbonmangels,0.6759125288427181
Chemprop,tdcommons/half-life-obach,0.25615162349333587
Chemprop,tdcommons/cyp2d6-substrate-carbonmangels,0.6737990570367647
RF_Morgan,tdcommons/cyp2d6-substrate-carbonmangels,0.6488555198591134
Chemprop_Mordred,tdcommons/half-life-obach,0.25264912892002467
fastprop,tdcommons/half-life-obach,0.2961359066694225
MiniCheMeleon,tdcommons/cyp2d6-substrate-carbonmangels,0.6802692372498671
minimol,tdcommons/half-life-obach,0.2116097116843012
minimol,tdcommons/cyp2d6-substrate-carbonmangels,0.6769959008712423
fastprop,tdcommons/cyp2d6-substrate-carbonmangels,0.6905762892677276
RF_Morgan,tdcommons/half-life-obach,0.3096068848764195
RF_Mordred,tdcommons/half-life-obach,0.3525540122109843
Chemprop_Mordred,tdcommons/cyp2d6-substrate-carbonmangels,0.6789972155357473
RF_Mordred,tdcommons/cyp2d6-substrate-carbonmangels,0.6029586839510781
RF_Morgan,tdcommons/half-life-obach,0.3243266664225405
RF_Morgan,tdcommons/cyp2d6-substrate-carbonmangels,0.6459683170348046
RF,tdcommons/cyp2d6-substrate-carbonmangels,0.6922988396586933
RF,tdcommons/half-life-obach,0.36573917335957634
RF,tdcommons/cyp2d6-substrate-carbonmangels,0.69928994326819
fastprop,tdcommons/half-life-obach,0.10228113989160104
fastprop,tdcommons/cyp2d6-substrate-carbonmangels,0.6021082373587222
minimol,tdcommons/half-life-obach,0.16967972726127842
minimol,tdcommons/cyp2d6-substrate-carbonmangels,0.6674310271234267
RF_Morgan,tdcommons/half-life-obach,0.292838285352048
RF_Morgan,tdcommons/cyp2d6-substrate-carbonmangels,0.6454915183457948
Chemprop_Mordred,tdcommons/half-life-obach,0.19034570177471713
CheMeleon,tdcommons/half-life-obach,0.29727508394543817
CheMeleon,tdcommons/cyp2d6-substrate-carbonmangels,0.6490982528346334
PCA_MLP_Prefitted,tdcommons/half-life-obach,0.25629615326853755
PCA_MLP_Prefitted,tdcommons/cyp2d6-substrate-carbonmangels,0.5679313553508274
PCA_MLP_Prefitted,tdcommons/cyp2d6-substrate-carbonmangels,0.6267912214040464
MLP_PLR_Pretrained,tdcommons/half-life-obach,0.336792748192586
MLP_PLR_Pretrained,tdcommons/cyp2d6-substrate-carbonmangels,0.6873670638347193
Chemprop_Mordred,tdcommons/cyp2d6-substrate-carbonmangels,0.6923192660916531
Chemprop,tdcommons/half-life-obach,0.24698074633759062
Chemprop,tdcommons/cyp2d6-substrate-carbonmangels,0.5966243026911265
PCA_MLP,tdcommons/half-life-obach,0.20967578798725225
RF,tdcommons/half-life-obach,0.33946555389562416
RF_Morgan,tdcommons/half-life-obach,0.31045811996500217
RF_Morgan,tdcommons/cyp2d6-substrate-carbonmangels,0.6465898836762471
RF_Mordred,tdcommons/half-life-obach,0.3211509985562523
RF_Mordred,tdcommons/cyp2d6-substrate-carbonmangels,0.6390512967621402
MolCLR,tdcommons/half-life-obach,0.1124870127130534
MolCLR,tdcommons/cyp2d6-substrate-carbonmangels,0.6540261402400225
CheMeleon,tdcommons/cyp2d6-substrate-carbonmangels,0.7149021430777118
CheMeleon,tdcommons/half-life-obach,0.29115060403645315
Chemprop_Mordred,tdcommons/half-life-obach,0.22998291577950858
Chemprop_Mordred,tdcommons/cyp2d6-substrate-carbonmangels,0.6547239890342633
PCA_MLP,tdcommons/half-life-obach,0.10257382817420822
PCA_MLP,tdcommons/cyp2d6-substrate-carbonmangels,0.6450834684705311
PCA_MLP,tdcommons/cyp2d6-substrate-carbonmangels,0.6142262659349006
PCA_MLP,tdcommons/cyp2d6-substrate-carbonmangels,0.6933592918634256
Chemprop,tdcommons/half-life-obach,0.268837190537759
fastprop,tdcommons/half-life-obach,0.24911065593053056
fastprop,tdcommons/cyp2d6-substrate-carbonmangels,0.5947285612286788
PCA_MLP,tdcommons/half-life-obach,0.33603419772682896
PCA_MLP,tdcommons/half-life-obach,0.17760934755861044
PCA_MLP,tdcommons/cyp2d6-substrate-carbonmangels,0.6900863326084586
PCA_MLP,tdcommons/half-life-obach,0.3359683428632424
PCA_MLP,tdcommons/cyp2d6-substrate-carbonmangels,0.7185821471766183
Chemprop,tdcommons/cyp2d6-substrate-carbonmangels,0.7015437006935749
MiniCheMeleon,tdcommons/half-life-obach,0.32603971483701627
MiniCheMeleon,tdcommons/cyp2d6-substrate-carbonmangels,0.586432344230687
CheMeleon,tdcommons/half-life-obach,0.3511311786321325
RF,tdcommons/half-life-obach,0.3724636784526061
MLP_PLR_Pretrained,tdcommons/half-life-obach,0.3107166612813052
MLP_PLR_Pretrained,tdcommons/cyp2d6-substrate-carbonmangels,0.6840437354131604
CheMeleon,polaris/pkis2-kit-wt-cls-v2,0.7054883965359975
MolCLR,polaris/pkis2-kit-wt-cls-v2,0.31083779600688505
MolCLR,polaris/pkis2-kit-wt-reg-v2,1160.4935168151192
MLP_PLR_Pretrained,polaris/pkis2-kit-wt-reg-v2,1115.7406677125966
MLP_PLR_Pretrained,polaris/pkis2-kit-wt-cls-v2,0.4318253114691642
MLP_PLR_Pretrained,polaris/pkis2-kit-wt-reg-v2,1212.3214554426622
RF,polaris/pkis2-kit-wt-cls-v2,0.6429681106784213
RF,polaris/pkis2-kit-wt-reg-v2,813.8370637841771
MLP_PLR_Pretrained,polaris/pkis2-kit-wt-reg-v2,1105.4287836076464
MiniCheMeleon,polaris/pkis2-kit-wt-cls-v2,0.6404097528923149
CheMeleon,polaris/pkis2-kit-wt-cls-v2,0.7093246006115614
CheMeleon,polaris/pkis2-kit-wt-reg-v2,763.7338096098343
CheMeleon,polaris/pkis2-kit-wt-cls-v2,0.6266104090655296
CheMeleon,polaris/pkis2-kit-wt-cls-v2,0.6869107409279265
CheMeleon,polaris/pkis2-kit-wt-reg-v2,825.7285050373783
MLP_PLR_Pretrained,polaris/pkis2-kit-wt-cls-v2,0.49061386300403287
PCA_MLP_Prefitted,polaris/pkis2-kit-wt-cls-v2,0.4391066281222707
RF,polaris/pkis2-kit-wt-reg-v2,803.3245029803641
MLP_PLR_Pretrained,polaris/pkis2-kit-wt-cls-v2,0.47817426603366175
MLP_PLR_Pretrained,polaris/pkis2-kit-wt-reg-v2,1085.080767656236
MLP_PLR_Pretrained,polaris/pkis2-kit-wt-cls-v2,0.4838284579451936
RF_Morgan_Physchem,polaris/pkis2-kit-wt-cls-v2,0.6394949390649558
RF_Morgan_Physchem,polaris/pkis2-kit-wt-reg-v2,790.1523181514195
MoLFormer,polaris/pkis2-kit-wt-reg-v2,1027.2955065638143
Chemprop,polaris/pkis2-kit-wt-cls-v2,0.44034151425805956
Chemprop,polaris/pkis2-kit-wt-reg-v2,916.9820765157901
fastprop,polaris/pkis2-kit-wt-cls-v2,0.48365776087492673
fastprop,polaris/pkis2-kit-wt-reg-v2,1009.6837656446122
MolCLR,polaris/pkis2-kit-wt-reg-v2,1166.893968716977
MolCLR,polaris/pkis2-kit-wt-cls-v2,0.34854393007458623
MLP_PLR_Pretrained,polaris/pkis2-kit-wt-reg-v2,1109.9305536225918
MLP_PLR_Pretrained,polaris/pkis2-kit-wt-cls-v2,0.45124631780921354
RF,polaris/pkis2-kit-wt-cls-v2,0.612015426830886
PCA_MLP_Prefitted,polaris/pkis2-kit-wt-reg-v2,1042.8200264960271
PCA_MLP_Prefitted,polaris/pkis2-kit-wt-cls-v2,0.517976676831864
PCA_MLP_Prefitted,polaris/pkis2-kit-wt-reg-v2,942.3139942849077
MoLFormer,polaris/pkis2-kit-wt-cls-v2,0.6682207927305761
MoLFormer,polaris/pkis2-kit-wt-cls-v2,0.5958070309636848
MoLFormer,polaris/pkis2-kit-wt-reg-v2,1130.4970993368051
Chemprop,polaris/pkis2-kit-wt-cls-v2,0.35848963136771334
MoLFormer,polaris/pkis2-kit-wt-cls-v2,0.6703907271416001
MoLFormer,polaris/pkis2-kit-wt-reg-v2,1085.8697279717437
RF,polaris/pkis2-kit-wt-cls-v2,0.6407845641854626
RF,polaris/pkis2-kit-wt-reg-v2,836.9048637697124
RF_Morgan_Physchem,polaris/pkis2-kit-wt-cls-v2,0.6631003706029861
RF_Morgan_Physchem,polaris/pkis2-kit-wt-reg-v2,786.9283760890141
RF_Mordred,polaris/pkis2-kit-wt-reg-v2,892.6681550668416
RF_Morgan_Physchem,polaris/pkis2-kit-wt-cls-v2,0.6584377928207618
RF_Morgan_Physchem,polaris/pkis2-kit-wt-cls-v2,0.6643296234867189
RF_Morgan_Physchem,polaris/pkis2-kit-wt-reg-v2,797.5564732856708
RF_Mordred,polaris/pkis2-kit-wt-cls-v2,0.6265268700939152
PCA_MLP_Prefitted,polaris/pkis2-kit-wt-cls-v2,0.5071278574087444
PCA_MLP_Prefitted,polaris/pkis2-kit-wt-reg-v2,950.1952647225992
MoLFormer,polaris/pkis2-kit-wt-cls-v2,0.5687345018899432
MoLFormer,polaris/pkis2-kit-wt-reg-v2,1091.2444389055463
Chemprop,polaris/pkis2-kit-wt-reg-v2,928.3345803068048
fastprop,polaris/pkis2-kit-wt-cls-v2,0.43883222496546376
fastprop,polaris/pkis2-kit-wt-reg-v2,1031.4798659775242
MiniCheMeleon,polaris/pkis2-kit-wt-reg-v2,783.5771009732659
RF,polaris/pkis2-kit-wt-cls-v2,0.6466224169932374
PCA_MLP_Prefitted,polaris/pkis2-kit-wt-reg-v2,1052.759775846175
RF_Morgan_Physchem,polaris/pkis2-kit-wt-cls-v2,0.6435904039263369
RF_Morgan_Physchem,polaris/pkis2-kit-wt-reg-v2,781.0527191325481
RF_Morgan_Physchem,polaris/pkis2-kit-wt-reg-v2,780.3250566238698
RF_Mordred,polaris/pkis2-kit-wt-cls-v2,0.5683717594681063
RF_Mordred,polaris/pkis2-kit-wt-reg-v2,857.1120712468954
PCA_MLP_Prefitted,polaris/pkis2-kit-wt-cls-v2,0.4935867818505116
PCA_MLP_Prefitted,polaris/pkis2-kit-wt-cls-v2,0.5118685400325798
PCA_MLP_Prefitted,polaris/pkis2-kit-wt-reg-v2,1047.9513780075754
RF,polaris/pkis2-kit-wt-reg-v2,818.1981367667817
RF_Morgan,polaris/pkis2-kit-wt-cls-v2,0.618430670580088
RF_Morgan,polaris/pkis2-kit-wt-reg-v2,916.9535612260539
minimol,polaris/pkis2-kit-wt-cls-v2,0.6762432357488428
Chemprop,polaris/pkis2-kit-wt-cls-v2,0.44299935722764416
fastprop,polaris/pkis2-kit-wt-cls-v2,0.49557259940773923
fastprop,polaris/pkis2-kit-wt-cls-v2,0.4677672988549707
fastprop,polaris/pkis2-kit-wt-reg-v2,966.2882995782583
MiniCheMeleon,polaris/pkis2-kit-wt-cls-v2,0.5959548716022397
RF_Morgan,polaris/pkis2-kit-wt-cls-v2,0.6037842433329393
RF_Morgan,polaris/pkis2-kit-wt-cls-v2,0.5847064757112542
RF_Morgan,polaris/pkis2-kit-wt-reg-v2,894.5757508225576
RF_Mordred,polaris/pkis2-kit-wt-cls-v2,0.5470945603970429
RF_Mordred,polaris/pkis2-kit-wt-reg-v2,929.9137082877505
Chemprop_Mordred,polaris/pkis2-kit-wt-cls-v2,0.38920290388981943
Chemprop_Mordred,polaris/pkis2-kit-wt-reg-v2,1182.771207887748
minimol,polaris/pkis2-kit-wt-cls-v2,0.7287086269933609
minimol,polaris/pkis2-kit-wt-reg-v2,810.606858687971
minimol,polaris/pkis2-kit-wt-cls-v2,0.5695063330376905
MoLFormer,polaris/pkis2-kit-wt-cls-v2,0.6323076141849994
MoLFormer,polaris/pkis2-kit-wt-reg-v2,1147.5810763280138
minimol,polaris/pkis2-kit-wt-reg-v2,923.1334045977353
RF,polaris/pkis2-kit-wt-cls-v2,0.6587182442484976
RF,polaris/pkis2-kit-wt-reg-v2,824.2492956362241
RF_Morgan,polaris/pkis2-kit-wt-cls-v2,0.6331327100023025
RF_Morgan,polaris/pkis2-kit-wt-reg-v2,887.5680849553916
RF_Morgan,polaris/pkis2-kit-wt-reg-v2,954.2261018467435
RF_Morgan,polaris/pkis2-kit-wt-cls-v2,0.608765820026847
RF_Morgan,polaris/pkis2-kit-wt-reg-v2,866.3890361944447
RF_Mordred,polaris/pkis2-kit-wt-cls-v2,0.6129519899095477
RF_Mordred,polaris/pkis2-kit-wt-reg-v2,884.4644972641013
Chemprop_Mordred,polaris/pkis2-kit-wt-cls-v2,0.42092378960399374
Chemprop_Mordred,polaris/pkis2-kit-wt-reg-v2,1057.4842220880626
Chemprop_Mordred,polaris/pkis2-kit-wt-reg-v2,1054.3615002469435
minimol,polaris/pkis2-kit-wt-reg-v2,965.3234660062498
Chemprop,polaris/pkis2-kit-wt-cls-v2,0.5799982023356187
Chemprop,polaris/pkis2-kit-wt-reg-v2,885.6409931489636
fastprop,polaris/pkis2-kit-wt-cls-v2,0.44141874074855986
fastprop,polaris/pkis2-kit-wt-reg-v2,965.019213824296
fastprop,polaris/pkis2-kit-wt-reg-v2,964.6530951079977
MiniCheMeleon,polaris/pkis2-kit-wt-cls-v2,0.5333359523647793
MiniCheMeleon,polaris/pkis2-kit-wt-reg-v2,860.2833717538887
Chemprop,polaris/pkis2-kit-wt-reg-v2,833.7045091889248
PCA_MLP,polaris/pkis2-kit-wt-cls-v2,0.4937502107216816
PCA_MLP,polaris/pkis2-kit-wt-cls-v2,0.49982096706833234
PCA_MLP,polaris/pkis2-kit-wt-reg-v2,1024.8242473350704
RF_Mordred,polaris/pkis2-kit-wt-reg-v2,867.5837621571959
Chemprop_Mordred,polaris/pkis2-kit-wt-cls-v2,0.44300175942139053
Chemprop_Mordred,polaris/pkis2-kit-wt-cls-v2,0.3792292700630764
Chemprop_Mordred,polaris/pkis2-kit-wt-reg-v2,1205.1770215162046
minimol,polaris/pkis2-kit-wt-reg-v2,982.5682494487107
minimol,polaris/pkis2-kit-wt-cls-v2,0.5933923698653115
PCA_MLP,polaris/pkis2-kit-wt-cls-v2,0.49487544274147366
minimol,polaris/pkis2-kit-wt-reg-v2,948.5013481184828
minimol,polaris/pkis2-kit-wt-cls-v2,0.5165394448009356
MiniCheMeleon,polaris/pkis2-kit-wt-cls-v2,0.577028634064629
MiniCheMeleon,polaris/pkis2-kit-wt-reg-v2,840.6654370167155
PCA_MLP,polaris/pkis2-kit-wt-cls-v2,0.47202790694688174
PCA_MLP,polaris/pkis2-kit-wt-reg-v2,998.6657237686643
RF_Mordred,polaris/pkis2-kit-wt-cls-v2,0.5283717760092553
PCA_MLP,polaris/pkis2-kit-wt-reg-v2,1044.3437336354473
PCA_MLP,polaris/pkis2-kit-wt-reg-v2,1023.7854841154474
PCA_MLP,polaris/pkis2-kit-wt-cls-v2,0.5022253035887895
PCA_MLP,polaris/pkis2-kit-wt-reg-v2,976.8464890810608
Chemprop,polaris/pkis2-kit-wt-cls-v2,0.37729576182960417
Chemprop,polaris/pkis2-kit-wt-reg-v2,1204.4330977949314
Chemprop_Mordred,polaris/pkis2-kit-wt-cls-v2,0.4498589599917152
Chemprop_Mordred,polaris/pkis2-kit-wt-reg-v2,1159.4666851823354
CheMeleon,polaris/pkis2-kit-wt-reg-v2,757.4821917636548
CheMeleon,polaris/pkis2-kit-wt-reg-v2,820.5279427963466
MolCLR,polaris/pkis2-kit-wt-reg-v2,1056.157104345953
MolCLR,polaris/pkis2-kit-wt-cls-v2,0.28553583188016546
MolCLR,polaris/pkis2-kit-wt-reg-v2,1153.4061330915565
MiniCheMeleon,polaris/pkis2-kit-wt-cls-v2,0.6400073733058068
MiniCheMeleon,polaris/pkis2-kit-wt-reg-v2,790.1473358950786
CheMeleon,polaris/pkis2-kit-wt-cls-v2,0.7371076596000532
CheMeleon,polaris/pkis2-kit-wt-reg-v2,832.2304574484438
MiniCheMeleon,polaris/pkis2-kit-wt-reg-v2,846.9332513983607
MolCLR,polaris/pkis2-kit-wt-cls-v2,0.31853197776453296
MolCLR,polaris/pkis2-kit-wt-reg-v2,1186.1269147000364
MolCLR,polaris/pkis2-kit-wt-cls-v2,0.3139538394937052
MolCLR,tdcommons/herg,0.6346097201767306
PCA_MLP,tdcommons/herg,0.8543446244477172
MolCLR,tdcommons/herg,0.6702503681885125
CheMeleon,tdcommons/herg,0.880559646539028
MiniCheMeleon,tdcommons/herg,0.8528718703976436
MolCLR,tdcommons/herg,0.6879234167893962
PCA_MLP,tdcommons/herg,0.8378497790868925
fastprop,tdcommons/herg,0.8269513991163476
Chemprop_Mordred,tdcommons/herg,0.8294550810014727
Chemprop,tdcommons/herg,0.7051546391752577
Chemprop_Mordred,tdcommons/herg,0.8201767304860088
PCA_MLP,tdcommons/herg,0.8543446244477172
MiniCheMeleon,tdcommons/herg,0.8653902798232695
Chemprop,tdcommons/herg,0.6793814432989691
minimol,tdcommons/herg,0.8269513991163475
minimol,tdcommons/herg,0.7977908689248896
RF,tdcommons/herg,0.8589101620029455
Chemprop_Mordred,tdcommons/herg,0.8260677466863035
RF_Mordred,tdcommons/herg,0.8011782032400588
RF_Morgan,tdcommons/herg,0.7926362297496318
RF_Morgan,tdcommons/herg,0.7957290132547864
RF_Morgan,tdcommons/herg,0.775699558173785
minimol,tdcommons/herg,0.7998527245949927
fastprop,tdcommons/herg,0.8431516936671576
Chemprop,tdcommons/herg,0.6941089837997054
RF,tdcommons/herg,0.8558173784977908
PCA_MLP,tdcommons/herg,0.8237113402061855
minimol,tdcommons/herg,0.838438880706922
PCA_MLP,tdcommons/herg,0.8325478645066274
RF_Mordred,tdcommons/herg,0.7833578792341679
RF_Morgan,tdcommons/herg,0.7923416789396172
Chemprop_Mordred,tdcommons/herg,0.8245949926362297
Chemprop_Mordred,tdcommons/herg,0.8363770250368189
RF_Morgan_Physchem,tdcommons/herg,0.8561119293078056
MoLFormer,tdcommons/herg,0.7823269513991163
MoLFormer,tdcommons/herg,0.7564064801178204
Chemprop,tdcommons/herg,0.7094256259204713
MolCLR,tdcommons/herg,0.6749631811487482
PCA_MLP_Prefitted,tdcommons/herg,0.8343151693667158
PCA_MLP_Prefitted,tdcommons/herg,0.8463917525773196
MoLFormer,tdcommons/herg,0.7655375552282768
MolCLR,tdcommons/herg,0.6864506627393225
MiniCheMeleon,tdcommons/herg,0.821060382916053
MLP_PLR_Pretrained,tdcommons/herg,0.843740795287187
fastprop,tdcommons/herg,0.8496318114874816
RF_Morgan_Physchem,tdcommons/herg,0.8494845360824742
RF_Morgan_Physchem,tdcommons/herg,0.8600883652430044
RF_Mordred,tdcommons/herg,0.7908689248895434
PCA_MLP_Prefitted,tdcommons/herg,0.846980854197349
RF_Morgan_Physchem,tdcommons/herg,0.8500736377025038
RF,tdcommons/herg,0.8513991163475698
MoLFormer,tdcommons/herg,0.7799705449189985
CheMeleon,tdcommons/herg,0.8558173784977908
CheMeleon,tdcommons/herg,0.8602356406480118
MiniCheMeleon,tdcommons/herg,0.8363770250368189
RF,tdcommons/herg,0.8496318114874816
MLP_PLR_Pretrained,tdcommons/herg,0.8625920471281296
CheMeleon,tdcommons/herg,0.8793814432989691
PCA_MLP_Prefitted,tdcommons/herg,0.8266568483063328
MLP_PLR_Pretrained,tdcommons/herg,0.8569955817378498
RF_Mordred,tdcommons/herg,0.8007363770250369
CheMeleon,tdcommons/herg,0.8593519882179677
RF,tdcommons/herg,0.8437407952871872
MLP_PLR_Pretrained,tdcommons/herg,0.824300441826215
MLP_PLR_Pretrained,tdcommons/herg,0.8458026509572901
MiniCheMeleon,tdcommons/herg,0.7715758468335788
fastprop,tdcommons/herg,0.8322533136966126
minimol,tdcommons/herg,0.8337260677466863
RF_Morgan,tdcommons/herg,0.7910162002945508
RF_Mordred,tdcommons/herg,0.8175257731958763
RF_Morgan_Physchem,tdcommons/herg,0.8572901325478645
PCA_MLP_Prefitted,tdcommons/herg,0.850220913107511
fastprop,tdcommons/herg,0.8237113402061856
Chemprop,tdcommons/herg,0.6955817378497791
MoLFormer,tdcommons/herg,0.7761413843888071
RF,tdcommons/bioavailability-ma,0.7224808779514466
minimol,tdcommons/bioavailability-ma,0.5078150981044229
PCA_MLP,tdcommons/bioavailability-ma,0.6677751912204856
minimol,tdcommons/bioavailability-ma,0.5886265380778185
PCA_MLP,tdcommons/bioavailability-ma,0.6092450947788494
MiniCheMeleon,tdcommons/bioavailability-ma,0.5902893249085468
MiniCheMeleon,tdcommons/bioavailability-ma,0.5307615563684736
MolCLR,tdcommons/bioavailability-ma,0.6075823079481211
RF_Morgan,tdcommons/bioavailability-ma,0.6301962088460259
Chemprop_Mordred,tdcommons/bioavailability-ma,0.6355171267043566
RF_Morgan,tdcommons/bioavailability-ma,0.6296973727968075
RF_Mordred,tdcommons/bioavailability-ma,0.6416694379780512
Chemprop_Mordred,tdcommons/bioavailability-ma,0.6125706684403058
Chemprop_Mordred,tdcommons/bioavailability-ma,0.6611240438975723
fastprop,tdcommons/bioavailability-ma,0.6228799467908214
PCA_MLP,tdcommons/bioavailability-ma,0.6674426338543398
minimol,tdcommons/bioavailability-ma,0.6757565680079815
Chemprop,tdcommons/bioavailability-ma,0.5843032923179249
MolCLR,tdcommons/bioavailability-ma,0.564682407715331
Chemprop,tdcommons/bioavailability-ma,0.5966079148653143
Chemprop_Mordred,tdcommons/bioavailability-ma,0.6720984369803791
fastprop,tdcommons/bioavailability-ma,0.6198869304955105
CheMeleon,tdcommons/bioavailability-ma,0.5783172597273031
MLP_PLR_Pretrained,tdcommons/bioavailability-ma,0.6664449617559028
MiniCheMeleon,tdcommons/bioavailability-ma,0.541070834718989
MoLFormer,tdcommons/bioavailability-ma,0.666444961755903
CheMeleon,tdcommons/bioavailability-ma,0.5510475557033588
RF,tdcommons/bioavailability-ma,0.7078483538410376
PCA_MLP_Prefitted,tdcommons/bioavailability-ma,0.5663451945460591
CheMeleon,tdcommons/bioavailability-ma,0.5803126039241768
MLP_PLR_Pretrained,tdcommons/bioavailability-ma,0.7030262720319255
CheMeleon,tdcommons/bioavailability-ma,0.610575324243432
MLP_PLR_Pretrained,tdcommons/bioavailability-ma,0.647821749251746
RF_Mordred,tdcommons/bioavailability-ma,0.6581310276022614
CheMeleon,tdcommons/bioavailability-ma,0.5743265713335551
RF,tdcommons/bioavailability-ma,0.7080146325241103
Chemprop,tdcommons/bioavailability-ma,0.6218822746923844
MoLFormer,tdcommons/bioavailability-ma,0.662454273362155
MLP_PLR_Pretrained,tdcommons/bioavailability-ma,0.6265380778184236
MolCLR,tdcommons/bioavailability-ma,0.5683405387429331
RF_Morgan_Physchem,tdcommons/bioavailability-ma,0.7115064848686399
minimol,tdcommons/bioavailability-ma,0.735949451280346
MoLFormer,tdcommons/bioavailability-ma,0.7316262055204523
PCA_MLP_Prefitted,tdcommons/bioavailability-ma,0.5041569670768208
RF,tdcommons/bioavailability-ma,0.7118390422347856
Chemprop,tdcommons/bioavailability-ma,0.6029265048220818
MoLFormer,tdcommons/bioavailability-ma,0.730961090788161
MoLFormer,tdcommons/bioavailability-ma,0.6195543731293648
MiniCheMeleon,tdcommons/bioavailability-ma,0.6092450947788494
PCA_MLP_Prefitted,tdcommons/bioavailability-ma,0.6571333555038243
RF_Mordred,tdcommons/bioavailability-ma,0.6960425673428665
fastprop,tdcommons/bioavailability-ma,0.6398403724642501
Chemprop_Mordred,tdcommons/bioavailability-ma,0.6611240438975724
MiniCheMeleon,tdcommons/bioavailability-ma,0.4861988693049551
RF_Morgan_Physchem,tdcommons/bioavailability-ma,0.7251413368806119
RF_Morgan_Physchem,tdcommons/bioavailability-ma,0.7120053209178583
RF_Morgan_Physchem,tdcommons/bioavailability-ma,0.7159960093116062
MLP_PLR_Pretrained,tdcommons/bioavailability-ma,0.6228799467908215
RF_Mordred,tdcommons/bioavailability-ma,0.6706019288327236
PCA_MLP_Prefitted,tdcommons/bioavailability-ma,0.6122381110741603
RF_Morgan,tdcommons/bioavailability-ma,0.6454938476887262
PCA_MLP,tdcommons/bioavailability-ma,0.5826405054871965
PCA_MLP,tdcommons/bioavailability-ma,0.5440638510142999
RF_Morgan,tdcommons/bioavailability-ma,0.6433322248087795
Chemprop,tdcommons/bioavailability-ma,0.5779847023611572
minimol,tdcommons/bioavailability-ma,0.6777519122048554
RF,tdcommons/bioavailability-ma,0.7196541403392085
MolCLR,tdcommons/bioavailability-ma,0.5969404722314599
fastprop,tdcommons/bioavailability-ma,0.6824077153308946
MolCLR,tdcommons/bioavailability-ma,0.6584635849684071
PCA_MLP_Prefitted,tdcommons/bioavailability-ma,0.7113402061855669
RF_Morgan_Physchem,tdcommons/bioavailability-ma,0.7106750914532757
RF_Morgan,tdcommons/bioavailability-ma,0.6621217159960092
fastprop,tdcommons/bioavailability-ma,0.6035916195543731
RF_Mordred,tdcommons/bioavailability-ma,0.661290322580645
MiniCheMeleon,polaris/pkis2-egfr-wt-reg-v2,493.05435425270855
CheMeleon,polaris/pkis2-egfr-wt-reg-v2,481.22461955817533
MolCLR,polaris/pkis2-egfr-wt-reg-v2,783.0160259074714
CheMeleon,polaris/pkis2-egfr-wt-reg-v2,452.0344983362219
MolCLR,polaris/pkis2-egfr-wt-reg-v2,791.6648216096902
MiniCheMeleon,polaris/pkis2-egfr-wt-reg-v2,549.9021893955879
CheMeleon,polaris/pkis2-egfr-wt-reg-v2,470.6422665049618
Chemprop_Mordred,polaris/pkis2-egfr-wt-reg-v2,514.9274188562918
PCA_MLP,polaris/pkis2-egfr-wt-reg-v2,556.5849749749535
Chemprop,polaris/pkis2-egfr-wt-reg-v2,685.8908405884886
PCA_MLP,polaris/pkis2-egfr-wt-reg-v2,592.8013160160403
Chemprop_Mordred,polaris/pkis2-egfr-wt-reg-v2,593.6274537075941
Chemprop,polaris/pkis2-egfr-wt-reg-v2,738.9209915305378
minimol,polaris/pkis2-egfr-wt-reg-v2,611.164473646383
MoLFormer,polaris/pkis2-egfr-wt-reg-v2,759.6894641861445
minimol,polaris/pkis2-egfr-wt-reg-v2,545.0656000878529
RF,polaris/pkis2-egfr-wt-reg-v2,499.17932114302454
RF_Morgan,polaris/pkis2-egfr-wt-reg-v2,477.07815371971446
RF_Morgan,polaris/pkis2-egfr-wt-reg-v2,467.5395500162037
RF_Mordred,polaris/pkis2-egfr-wt-reg-v2,525.994317536522
PCA_MLP,polaris/pkis2-egfr-wt-reg-v2,557.6128668392896
Chemprop_Mordred,polaris/pkis2-egfr-wt-reg-v2,615.7532205868615
Chemprop_Mordred,polaris/pkis2-egfr-wt-reg-v2,641.8611113719277
RF_Morgan,polaris/pkis2-egfr-wt-reg-v2,453.3993568987268
fastprop,polaris/pkis2-egfr-wt-reg-v2,585.9431030189237
MiniCheMeleon,polaris/pkis2-egfr-wt-reg-v2,481.2049355495591
minimol,polaris/pkis2-egfr-wt-reg-v2,538.993475796184
Chemprop,polaris/pkis2-egfr-wt-reg-v2,705.2608432653578
PCA_MLP,polaris/pkis2-egfr-wt-reg-v2,537.4206035183031
Chemprop_Mordred,polaris/pkis2-egfr-wt-reg-v2,560.5067840620939
RF_Mordred,polaris/pkis2-egfr-wt-reg-v2,514.9571847016972
PCA_MLP,polaris/pkis2-egfr-wt-reg-v2,542.2389347257106
minimol,polaris/pkis2-egfr-wt-reg-v2,601.8292073748356
minimol,polaris/pkis2-egfr-wt-reg-v2,553.2456014512577
MiniCheMeleon,polaris/pkis2-egfr-wt-reg-v2,459.864077363245
fastprop,polaris/pkis2-egfr-wt-reg-v2,574.4871100505289
MolCLR,polaris/pkis2-egfr-wt-reg-v2,782.8599931035476
MolCLR,polaris/pkis2-egfr-wt-reg-v2,789.1295186562164
CheMeleon,polaris/pkis2-egfr-wt-reg-v2,489.6330645457561
fastprop,polaris/pkis2-egfr-wt-reg-v2,510.56916627469593
RF_Morgan,polaris/pkis2-egfr-wt-reg-v2,471.92666311381174
PCA_MLP_Prefitted,polaris/pkis2-egfr-wt-reg-v2,512.8106936653771
RF_Mordred,polaris/pkis2-egfr-wt-reg-v2,527.2898017996328
RF_Morgan_Physchem,polaris/pkis2-egfr-wt-reg-v2,490.8431297957482
RF_Mordred,polaris/pkis2-egfr-wt-reg-v2,503.60920572800364
RF_Morgan_Physchem,polaris/pkis2-egfr-wt-reg-v2,485.93520583959486
PCA_MLP_Prefitted,polaris/pkis2-egfr-wt-reg-v2,566.966073234605
fastprop,polaris/pkis2-egfr-wt-reg-v2,511.1993329038103
MiniCheMeleon,polaris/pkis2-egfr-wt-reg-v2,488.02316535937837
Chemprop,polaris/pkis2-egfr-wt-reg-v2,676.2029481412721
MoLFormer,polaris/pkis2-egfr-wt-reg-v2,798.4681764690388
RF_Morgan_Physchem,polaris/pkis2-egfr-wt-reg-v2,485.4935471331911
RF_Morgan_Physchem,polaris/pkis2-egfr-wt-reg-v2,488.11988789049997
RF_Mordred,polaris/pkis2-egfr-wt-reg-v2,516.8197904763579
RF_Morgan,polaris/pkis2-egfr-wt-reg-v2,450.19825428858013
PCA_MLP_Prefitted,polaris/pkis2-egfr-wt-reg-v2,564.325496076601
RF,polaris/pkis2-egfr-wt-reg-v2,513.7453826367129
MoLFormer,polaris/pkis2-egfr-wt-reg-v2,738.8141376456437
PCA_MLP_Prefitted,polaris/pkis2-egfr-wt-reg-v2,591.2607360700024
MoLFormer,polaris/pkis2-egfr-wt-reg-v2,700.6063972838089
MoLFormer,polaris/pkis2-egfr-wt-reg-v2,753.2395819651505
Chemprop,polaris/pkis2-egfr-wt-reg-v2,826.4306379771456
fastprop,polaris/pkis2-egfr-wt-reg-v2,561.6864792544841
MolCLR,polaris/pkis2-egfr-wt-reg-v2,788.3116821244234
PCA_MLP_Prefitted,polaris/pkis2-egfr-wt-reg-v2,586.2885029862828
MLP_PLR_Pretrained,polaris/pkis2-egfr-wt-reg-v2,498.8650631751344
RF_Morgan_Physchem,polaris/pkis2-egfr-wt-reg-v2,487.6700519336694
RF,polaris/pkis2-egfr-wt-reg-v2,512.3379446619415
CheMeleon,polaris/pkis2-egfr-wt-reg-v2,485.44344482812215
RF,polaris/pkis2-egfr-wt-reg-v2,516.6841028554263
MLP_PLR_Pretrained,polaris/pkis2-egfr-wt-reg-v2,563.5508137345107
MLP_PLR_Pretrained,polaris/pkis2-egfr-wt-reg-v2,496.37631574506526
RF,polaris/pkis2-egfr-wt-reg-v2,506.141624638134
MLP_PLR_Pretrained,polaris/pkis2-egfr-wt-reg-v2,484.4981844144503
MLP_PLR_Pretrained,polaris/pkis2-egfr-wt-reg-v2,466.6326723276264
MolCLR,tdcommons/dili,0.9095652173913042
MiniCheMeleon,tdcommons/dili,0.9408695652173913
CheMeleon,tdcommons/dili,0.8882608695652174
MLP_PLR_Pretrained,tdcommons/dili,0.9152173913043478
MolCLR,tdcommons/dili,0.9113043478260869
MLP_PLR_Pretrained,tdcommons/dili,0.8721739130434782
MLP_PLR_Pretrained,tdcommons/dili,0.9217391304347826
RF,tdcommons/dili,0.9306521739130436
PCA_MLP_Prefitted,tdcommons/dili,0.8869565217391304
RF,tdcommons/dili,0.9247826086956521
RF_Mordred,tdcommons/dili,0.9397826086956522
Chemprop_Mordred,tdcommons/dili,0.8221739130434783
RF_Morgan,tdcommons/dili,0.8678260869565217
RF_Morgan,tdcommons/dili,0.8593478260869565
RF_Mordred,tdcommons/dili,0.9241304347826087
RF_Morgan,tdcommons/dili,0.8871739130434783
RF,tdcommons/dili,0.9221739130434782
PCA_MLP_Prefitted,tdcommons/dili,0.8869565217391304
PCA_MLP_Prefitted,tdcommons/dili,0.9121739130434783
RF_Morgan,tdcommons/dili,0.8834782608695652
RF_Morgan_Physchem,tdcommons/dili,0.9397826086956521
RF_Mordred,tdcommons/dili,0.9295652173913043
RF_Morgan_Physchem,tdcommons/dili,0.927608695652174
PCA_MLP_Prefitted,tdcommons/dili,0.8760869565217391
RF,tdcommons/dili,0.9323913043478261
RF_Morgan_Physchem,tdcommons/dili,0.9310869565217392
PCA_MLP_Prefitted,tdcommons/dili,0.8860869565217391
RF_Morgan_Physchem,tdcommons/dili,0.9356521739130435
RF_Mordred,tdcommons/dili,0.9308695652173913
RF_Morgan_Physchem,tdcommons/dili,0.9371739130434783
MLP_PLR_Pretrained,tdcommons/dili,0.9173913043478261
MLP_PLR_Pretrained,tdcommons/dili,0.8791304347826087
RF_Mordred,tdcommons/dili,0.9391304347826087
Chemprop,tdcommons/dili,0.9178260869565218
fastprop,tdcommons/dili,0.8865217391304347
minimol,tdcommons/dili,0.9495652173913044
minimol,tdcommons/dili,0.9443478260869566
fastprop,tdcommons/dili,0.9047826086956522
MoLFormer,tdcommons/dili,0.8417391304347825
MiniCheMeleon,tdcommons/dili,0.9304347826086956
Chemprop,tdcommons/dili,0.9069565217391304
MiniCheMeleon,tdcommons/dili,0.9165217391304348
MoLFormer,tdcommons/dili,0.8582608695652174
Chemprop,tdcommons/dili,0.9060869565217391
MoLFormer,tdcommons/dili,0.837391304347826
fastprop,tdcommons/dili,0.8826086956521739
minimol,tdcommons/dili,0.9395652173913043
minimol,tdcommons/dili,0.9582608695652174
Chemprop,tdcommons/dili,0.89
PCA_MLP,tdcommons/dili,0.8817391304347826
Chemprop_Mordred,tdcommons/dili,0.89
MiniCheMeleon,tdcommons/dili,0.9273913043478261
fastprop,tdcommons/dili,0.8865217391304347
PCA_MLP,tdcommons/dili,0.8978260869565218
MolCLR,tdcommons/dili,0.9026086956521739
MiniCheMeleon,tdcommons/dili,0.9352173913043478
MolCLR,tdcommons/dili,0.9147826086956522
CheMeleon,tdcommons/dili,0.922608695652174
CheMeleon,tdcommons/dili,0.8591304347826088
CheMeleon,tdcommons/dili,0.922608695652174
MoLFormer,tdcommons/dili,0.8617391304347826
fastprop,tdcommons/dili,0.91
MolCLR,tdcommons/dili,0.91
CheMeleon,tdcommons/dili,0.9147826086956522
MoLFormer,tdcommons/dili,0.8873913043478261
RF,tdcommons/dili,0.9345652173913043
Chemprop_Mordred,tdcommons/dili,0.8665217391304347
PCA_MLP,tdcommons/dili,0.921304347826087
PCA_MLP,tdcommons/dili,0.9073913043478261
Chemprop_Mordred,tdcommons/dili,0.8469565217391305
minimol,tdcommons/dili,0.9339130434782608
Chemprop,tdcommons/dili,0.908695652173913
PCA_MLP,tdcommons/dili,0.8669565217391304
RF_Morgan,tdcommons/dili,0.8789130434782608
Chemprop_Mordred,tdcommons/dili,0.8565217391304347
RF_Mordred,polaris/adme-fang-hppb-1,0.8185101282064952
RF_Morgan,polaris/adme-fang-hppb-1,0.5888909612421069
Chemprop_Mordred,polaris/adme-fang-hppb-1,0.7401482860538211
RF_Mordred,polaris/adme-fang-hppb-1,0.8104548528427337
RF_Morgan,polaris/adme-fang-hppb-1,0.539719341287714
MLP_PLR_Pretrained,polaris/adme-fang-hppb-1,0.8202281335752931
CheMeleon,polaris/adme-fang-hppb-1,0.7836716148643688
CheMeleon,polaris/adme-fang-hppb-1,0.7597979594636685
MLP_PLR_Pretrained,polaris/adme-fang-hppb-1,0.7829634006107961
MolCLR,polaris/adme-fang-hppb-1,0.405919739637839
MolCLR,polaris/adme-fang-hppb-1,0.44631339435491985
RF_Morgan,polaris/adme-fang-hppb-1,0.5562711139553016
RF,polaris/adme-fang-hppb-1,0.7089351588149938
PCA_MLP_Prefitted,polaris/adme-fang-hppb-1,0.7642145111997527
RF_Morgan,polaris/adme-fang-hppb-1,0.5875692214302443
RF_Morgan_Physchem,polaris/adme-fang-hppb-1,0.7667044814177675
PCA_MLP_Prefitted,polaris/adme-fang-hppb-1,0.8501040002764186
RF_Mordred,polaris/adme-fang-hppb-1,0.8114050999458244
RF,polaris/adme-fang-hppb-1,0.7154594317822847
MLP_PLR_Pretrained,polaris/adme-fang-hppb-1,0.8489510022999709
MLP_PLR_Pretrained,polaris/adme-fang-hppb-1,0.8273177677066439
MLP_PLR_Pretrained,polaris/adme-fang-hppb-1,0.8242545873332449
MolCLR,polaris/adme-fang-hppb-1,0.4084919244545512
MiniCheMeleon,polaris/adme-fang-hppb-1,0.7860603095159101
MiniCheMeleon,polaris/adme-fang-hppb-1,0.7646541960207816
CheMeleon,polaris/adme-fang-hppb-1,0.741039610528003
MolCLR,polaris/adme-fang-hppb-1,0.4667612273198292
MoLFormer,polaris/adme-fang-hppb-1,0.7174121669588354
MolCLR,polaris/adme-fang-hppb-1,0.32649503427363447
Chemprop,polaris/adme-fang-hppb-1,0.5674755840472965
CheMeleon,polaris/adme-fang-hppb-1,0.7330177969647812
fastprop,polaris/adme-fang-hppb-1,0.7853310470239419
MoLFormer,polaris/adme-fang-hppb-1,0.7249217659544267
CheMeleon,polaris/adme-fang-hppb-1,0.780188627983479
fastprop,polaris/adme-fang-hppb-1,0.7804464622490165
MoLFormer,polaris/adme-fang-hppb-1,0.7230009834019818
MoLFormer,polaris/adme-fang-hppb-1,0.7515361678445367
Chemprop,polaris/adme-fang-hppb-1,0.3305159659470481
MoLFormer,polaris/adme-fang-hppb-1,0.752270089706317
MiniCheMeleon,polaris/adme-fang-hppb-1,0.6792216177580586
fastprop,polaris/adme-fang-hppb-1,0.8466364925604364
Chemprop,polaris/adme-fang-hppb-1,0.5801561461376035
minimol,polaris/adme-fang-hppb-1,0.6633436670188378
Chemprop_Mordred,polaris/adme-fang-hppb-1,0.8471007506189976
Chemprop_Mordred,polaris/adme-fang-hppb-1,0.8007673688768613
PCA_MLP,polaris/adme-fang-hppb-1,0.3482798552601665
PCA_MLP,polaris/adme-fang-hppb-1,0.7421774758048375
PCA_MLP,polaris/adme-fang-hppb-1,0.8120708868282039
Chemprop_Mordred,polaris/adme-fang-hppb-1,0.7906211418309839
Chemprop,polaris/adme-fang-hppb-1,0.5683617427244505
PCA_MLP,polaris/adme-fang-hppb-1,0.6043019337636877
RF,polaris/adme-fang-hppb-1,0.7209435329105299
Chemprop_Mordred,polaris/adme-fang-hppb-1,0.8217639837813872
RF_Morgan,polaris/adme-fang-hppb-1,0.570667499270064
PCA_MLP_Prefitted,polaris/adme-fang-hppb-1,0.7956455237371255
PCA_MLP_Prefitted,polaris/adme-fang-hppb-1,0.8227094381357859
RF_Morgan_Physchem,polaris/adme-fang-hppb-1,0.7696757012383167
RF_Mordred,polaris/adme-fang-hppb-1,0.8270732870794986
RF_Morgan_Physchem,polaris/adme-fang-hppb-1,0.7712908116149757
PCA_MLP_Prefitted,polaris/adme-fang-hppb-1,0.7416090737652536
RF_Morgan_Physchem,polaris/adme-fang-hppb-1,0.7702147598625363
RF_Mordred,polaris/adme-fang-hppb-1,0.8133142078162978
RF_Morgan_Physchem,polaris/adme-fang-hppb-1,0.7571721407044744
RF,polaris/adme-fang-hppb-1,0.7293739322671601
RF,polaris/adme-fang-hppb-1,0.7174348428164359
minimol,polaris/adme-fang-hppb-1,-0.28442860431476874
fastprop,polaris/adme-fang-hppb-1,0.8382378122379444
Chemprop,polaris/adme-fang-hppb-1,0.6162349536407169
MiniCheMeleon,polaris/adme-fang-hppb-1,0.7226655691279167
PCA_MLP,polaris/adme-fang-hppb-1,0.7647470934661968
minimol,polaris/adme-fang-hppb-1,0.6661422888804198
MiniCheMeleon,polaris/adme-fang-hppb-1,0.7128948849169324
minimol,polaris/adme-fang-hppb-1,0.44386682988491316
minimol,polaris/adme-fang-hppb-1,0.6791886501115822
fastprop,polaris/adme-fang-hppb-1,0.7989753821105372
CheMeleon,polaris/adme-fang-rppb-1,0.791307506847921
MolCLR,polaris/adme-fang-rppb-1,0.14541521780824362
MolCLR,polaris/adme-fang-rppb-1,0.07182298055130634
MLP_PLR_Pretrained,polaris/adme-fang-rppb-1,0.8465165748792502
MLP_PLR_Pretrained,polaris/adme-fang-rppb-1,0.8550671556997718
RF,polaris/adme-fang-rppb-1,0.7858399000946392
MLP_PLR_Pretrained,polaris/adme-fang-rppb-1,0.8083851233811654
RF,polaris/adme-fang-rppb-1,0.764522821540536
MLP_PLR_Pretrained,polaris/adme-fang-rppb-1,0.780092749662225
RF_Morgan_Physchem,polaris/adme-fang-rppb-1,0.7475813075561359
MLP_PLR_Pretrained,polaris/adme-fang-rppb-1,0.8739600199816558
RF_Morgan,polaris/adme-fang-rppb-1,0.6972369071219323
RF_Morgan,polaris/adme-fang-rppb-1,0.7651763650413219
Chemprop_Mordred,polaris/adme-fang-rppb-1,0.8502388381846764
RF_Mordred,polaris/adme-fang-rppb-1,0.7511245986783879
RF_Mordred,polaris/adme-fang-rppb-1,0.7292737223857819
PCA_MLP_Prefitted,polaris/adme-fang-rppb-1,0.6325511820294444
RF_Morgan,polaris/adme-fang-rppb-1,0.6329759851222143
RF_Morgan,polaris/adme-fang-rppb-1,0.6064171784391643
RF,polaris/adme-fang-rppb-1,0.7563804106828941
RF_Mordred,polaris/adme-fang-rppb-1,0.7099451993044406
PCA_MLP_Prefitted,polaris/adme-fang-rppb-1,0.8254047078509478
RF,polaris/adme-fang-rppb-1,0.7765759930918072
RF_Morgan_Physchem,polaris/adme-fang-rppb-1,0.7588553361533161
RF_Morgan_Physchem,polaris/adme-fang-rppb-1,0.7506189492482753
RF_Mordred,polaris/adme-fang-rppb-1,0.7423695082046937
PCA_MLP_Prefitted,polaris/adme-fang-rppb-1,0.7796140843816683
RF_Morgan_Physchem,polaris/adme-fang-rppb-1,0.7368396602411788
PCA_MLP_Prefitted,polaris/adme-fang-rppb-1,0.8749038861928807
PCA_MLP_Prefitted,polaris/adme-fang-rppb-1,0.7399443672990513
RF_Morgan_Physchem,polaris/adme-fang-rppb-1,0.7396428576488158
CheMeleon,polaris/adme-fang-rppb-1,0.8182788023318975
RF_Morgan,polaris/adme-fang-rppb-1,0.7925975952230433
RF,polaris/adme-fang-rppb-1,0.7711117650252846
Chemprop_Mordred,polaris/adme-fang-rppb-1,0.7638451744261556
PCA_MLP,polaris/adme-fang-rppb-1,0.8011675411211204
Chemprop_Mordred,polaris/adme-fang-rppb-1,0.8222592683886304
PCA_MLP,polaris/adme-fang-rppb-1,0.764173688715245
Chemprop_Mordred,polaris/adme-fang-rppb-1,0.7622029320593778
MiniCheMeleon,polaris/adme-fang-rppb-1,0.4042641903671878
Chemprop,polaris/adme-fang-rppb-1,0.19926490691249624
PCA_MLP,polaris/adme-fang-rppb-1,0.7945309750438708
PCA_MLP,polaris/adme-fang-rppb-1,0.8711869192107926
Chemprop,polaris/adme-fang-rppb-1,0.1952264782315199
minimol,polaris/adme-fang-rppb-1,0.0070234841225999545
MiniCheMeleon,polaris/adme-fang-rppb-1,0.46739144169202573
fastprop,polaris/adme-fang-rppb-1,0.7482305340604205
minimol,polaris/adme-fang-rppb-1,0.6570900949145635
minimol,polaris/adme-fang-rppb-1,0.637209052775691
fastprop,polaris/adme-fang-rppb-1,0.8376174003049301
minimol,polaris/adme-fang-rppb-1,0.14650902666632298
Chemprop_Mordred,polaris/adme-fang-rppb-1,0.7716782840022649
PCA_MLP,polaris/adme-fang-rppb-1,0.5899180088756109
Chemprop,polaris/adme-fang-rppb-1,0.21629655310409587
RF_Mordred,polaris/adme-fang-rppb-1,0.6963829662099205
MoLFormer,polaris/adme-fang-rppb-1,0.6075753709346396
minimol,polaris/adme-fang-rppb-1,0.7296713412326099
fastprop,polaris/adme-fang-rppb-1,0.8152480403725656
MoLFormer,polaris/adme-fang-rppb-1,0.7572680001809684
MoLFormer,polaris/adme-fang-rppb-1,0.7627019669397783
MoLFormer,polaris/adme-fang-rppb-1,0.7029337751855126
fastprop,polaris/adme-fang-rppb-1,0.8234363138787124
MiniCheMeleon,polaris/adme-fang-rppb-1,0.6342498595305813
Chemprop,polaris/adme-fang-rppb-1,0.2497028242807443
Chemprop,polaris/adme-fang-rppb-1,0.17836038630728374
fastprop,polaris/adme-fang-rppb-1,0.7524815976915824
MolCLR,polaris/adme-fang-rppb-1,0.06128169147140541
CheMeleon,polaris/adme-fang-rppb-1,0.7070708728807016
MoLFormer,polaris/adme-fang-rppb-1,0.701704046637676
CheMeleon,polaris/adme-fang-rppb-1,0.7926067862358107
CheMeleon,polaris/adme-fang-rppb-1,0.8308656047669836
MolCLR,polaris/adme-fang-rppb-1,-0.03150601159945554
MiniCheMeleon,polaris/adme-fang-rppb-1,0.4447658922261739
MiniCheMeleon,polaris/adme-fang-rppb-1,0.45641741794228147
MolCLR,polaris/adme-fang-rppb-1,0.1307011598356586
